01 Año,02 Mes,04 Id Cargo,03 Orden,05 Puesto,06 Id,07 Valor,08 KPI,09 Resultado,10 Objetivo,11 Valor Real,12 Calificacion,13 Tendencia,14 Parametros,15 Suma Valor,16 Suma Calificacion,17 Calificacion General
2026,1,100,6,DIRECCIÓN MBC,1006,,SUSSESION PLAN ( PLAN DE SUCESIÓN PARA GERENTES ),NA , , ,,0,,70,67,95.7 %
2026,1,100,4,DIRECCIÓN MBC,1004,10,FLUJO DE EFECTIVO,145.7 % ,80 % ,145.7 % ,10,1,Mayor al 80 %,70,67,95.7 %
2026,1,100,1,DIRECCIÓN MBC,1001,10,VENTAS NETAS,"$ 129,362,601 ","$ 123,827,638 ",104.5 % ,10,1,Mayor al 70 %,70,67,95.7 %
2026,1,100,2,DIRECCIÓN MBC,1002,36,UTILIDADES DE OPERACIÓN,"$ 31,030,163 ","$ 27,683,807 ",112.1 % ,36,1,Mayor al 70 %,70,67,95.7 %
2026,1,100,11,DIRECCIÓN MBC,1011,5,PROCESOS ( MAPEO DE PROCESOS ),100 % ,80 % ,100 % ,5,1,Mayor al 80 %,70,67,95.7 %
2026,1,100,8,DIRECCIÓN MBC,1008,,TALEN REVIEW JEFATURAS ( INICIO DE PLAN ),NA , , ,,0,,70,67,95.7 %
2026,1,100,3,DIRECCIÓN MBC,1003,,UTILIDADES DE OPERACIÓN CORPORATIVA,NA , , ,,0,,70,67,95.7 %
2026,1,100,10,DIRECCIÓN MBC,1010,3,INVERSIONES ( EFICIENCIA OPERATIVA TESEO ),33.7 % ,75 % ,33.7 % ,0,5,Mayor al 75 %,70,67,95.7 %
2026,1,100,5,DIRECCIÓN MBC,1005,,GPTW,NA , , ,,0,,70,67,95.7 %
2026,1,100,9,DIRECCIÓN MBC,1009,6,VENTAS DEPARTAMENTALES,"$ 3,524,745 ","$ 1,984,273 ",177.6 % ,6,1,Mayor al  %,70,67,95.7 %
2026,1,100,12,DIRECCIÓN MBC,1012,,DYNAMICS ( ERP MBC ),NA , , ,,0,,70,67,95.7 %
2026,1,100,7,DIRECCIÓN MBC,1007,,TALEN REVIEW GERENCIAS ( PLAN DE DESARROLLO  ),NA , , ,,0,,70,67,95.7 %
2026,1,200,2,GERENCIA ADMINISTRATIVA,1002,10,UTILIDADES DE OPERACIÓN,"$ 31,030,163 ","$ 27,683,807 ",112.1 % ,10,1,Mayor al 70 %,67,61.2,91.3 %
2026,1,200,12,GERENCIA ADMINISTRATIVA,1011,4,PROCESOS ( MAPEO DE PROCESOS ),100 % ,80 % ,100 % ,4,1,Mayor al 80 %,67,61.2,91.3 %
2026,1,200,11,GERENCIA ADMINISTRATIVA,1008,,TALEN REVIEW JEFATURAS ( INICIO DE PLAN ),NA , , ,,0,,67,61.2,91.3 %
2026,1,200,13,GERENCIA ADMINISTRATIVA,1012,,DYNAMICS ( ERP MBC ),NA , , ,,0,,67,61.2,91.3 %
2026,1,200,7,GERENCIA ADMINISTRATIVA,2004,4,CUENTAS POR COBRAR,57.1 dias ,60 dias ,95.2 % ,4,2,Menor al 130 %,67,61.2,91.3 %
2026,1,200,10,GERENCIA ADMINISTRATIVA,1007,,TALEN REVIEW GERENCIAS ( PLAN DE DESARROLLO  ),NA , , ,,0,,67,61.2,91.3 %
2026,1,200,15,GERENCIA ADMINISTRATIVA,102 b,8,"AUDITORIAS DE 5'S EN LAS ÁREAS DE ADMINISTRACION",93.5 % ,95 % ,90 % ,7.2,3,95 %  -  100 %<BR>90 %  -  90 %<BR>85 %  -  80 %,67,61.2,91.3 %
2026,1,200,4,GERENCIA ADMINISTRATIVA,2001,8,GASTOS DE ADMINISTRACIÓN,"$ 3,226,406 ","$ 3,603,760 ",89.5 % ,8,2,Menor al 130 %,67,61.2,91.3 %
2026,1,200,8,GERENCIA ADMINISTRATIVA,2005,4,CUENTAS POR PAGAR,32.3 dias ,40 dias ,80.7 % ,4,2,Menor al 130 %,67,61.2,91.3 %
2026,1,200,6,GERENCIA ADMINISTRATIVA,2003,5,GASTOS DE VENTA  ( GASTOS FIJOS QUE NO DEPENDEN DE LA VENTA ),"$ 2,902,465 ","$ 2,067,922 ",140.4 % ,0,4,Menor al 130 %,67,61.2,91.3 %
2026,1,200,16,GERENCIA ADMINISTRATIVA,103 f,3,ROTACIÓN DE PERSONAL ADMINISTRATIVO,2.5 % ,3 % ,100 % ,3,2,3 %  -  100 %<BR>3.5 %  -  90 %<BR>4 %  -  80 %,67,61.2,91.3 %
2026,1,200,14,GERENCIA ADMINISTRATIVA,101 c,,AUDITORIAS INTERNAS ADMINISTRATIVAS,NA , , ,,0,,67,61.2,91.3 %
2026,1,200,3,GERENCIA ADMINISTRATIVA,1004,8,FLUJO DE EFECTIVO,145.7 % ,80 % ,145.7 % ,8,1,Mayor al 80 %,67,61.2,91.3 %
2026,1,200,5,GERENCIA ADMINISTRATIVA,2002,8,GASTOS DE CENTRO DE SERVICIOS,"$ 1,243,417 ","$ 1,238,276 ",100.4 % ,8,3,Menor al 130 %,67,61.2,91.3 %
2026,1,200,1,GERENCIA ADMINISTRATIVA,1001,5,VENTAS NETAS,"$ 129,362,601 ","$ 123,827,638 ",104.5 % ,5,1,Mayor al 70 %,67,61.2,91.3 %
2026,1,200,17,GERENCIA ADMINISTRATIVA,1005,,GPTW,NA , , ,,0,,67,61.2,91.3 %
2026,1,200,9,GERENCIA ADMINISTRATIVA,1006,,SUSSESION PLAN ( PLAN DE SUCESIÓN PARA GERENTES ),NA , , ,,0,,67,61.2,91.3 %
2026,1,1,13,MBC,1011,4,PROCESOS ( MAPEO DE PROCESOS ),100 % ,80 % ,100 % ,4,1,Mayor al 80 %,70,61.4,87.7 %
2026,1,1,15,MBC,102 a,3,"AUDITORIAS DE 5'S ( MBC )",90.5 % ,95 % ,90 % ,2.7,3,95 %  -  100 %<BR>90 %  -  90 %<BR>85 %  -  80 %,70,61.4,87.7 %
2026,1,1,10,MBC,3009,3,BAJAS DE CALIDAD ( DEVOLUCIONES MAS BAJAS ),2.2 % ,0.5 % ,0 % ,0,4,0.5 %  -  100 %<BR>1 %  -  85 %<BR>1.5 %  -  70 %,70,61.4,87.7 %
2026,1,1,3,MBC,1003,,UTILIDADES DE OPERACIÓN CORPORATIVA,NA , , ,,0,,70,61.4,87.7 %
2026,1,1,17,MBC,1005,,GPTW,NA , , ,,0,,70,61.4,87.7 %
2026,1,1,1,MBC,1001,10,VENTAS NETAS,"$ 129,362,601 ","$ 123,827,638 ",104.5 % ,10,1,Mayor al 70 %,70,61.4,87.7 %
2026,1,1,12,MBC,1007,,TALEN REVIEW GERENCIAS ( PLAN DE DESARROLLO  ),NA , , ,,0,,70,61.4,87.7 %
2026,1,1,14,MBC,101,,AUDITORIAS INTERNAS ( MBC ),NA , , ,,0,,70,61.4,87.7 %
2026,1,1,7,MBC,105,4,ENTREGAS A TIEMPO  |  TIENDAS CUADRA & CORRAL,76.1 | 99.2 ,95 % ,0 | 100 ,2,3,95 %  -  100 %<BR>90 %  -  80 %<BR>85 %  -  60 %,70,61.4,87.7 %
2026,1,1,4,MBC,104,3,DÍAS DE WIP  |  BOTAS & ACCESORIOS,12.1 | 6.1 ,12 | 7 ,80 | 100 ,2.7,3,12 | 7  -  100 %<BR>13 | 8  -  80 %<BR>14 | 9  -  60 %,70,61.4,87.7 %
2026,1,1,11,MBC,1006,,SUSSESION PLAN ( PLAN DE SUCESIÓN PARA GERENTES ),NA , , ,,0,,70,61.4,87.7 %
2026,1,1,16,MBC,103 a,3,ROTACIÓN DE PERSONAL MBC,6.1 % ,3 % ,0 % ,0,4,3 %  -  100 %<BR>3.5 %  -  90 %<BR>4 %  -  80 %,70,61.4,87.7 %
2026,1,1,2,MBC,1002,40,UTILIDADES DE OPERACIÓN,"$ 31,030,163 ","$ 27,683,807 ",112.1 % ,40,1,Mayor al 70 %,70,61.4,87.7 %
2026,1,300,17,GERENCIA OPERATIVA,1012,,DYNAMICS ( ERP MBC ),NA , , ,,0,,70,53.2,76 %
2026,1,300,8,GERENCIA OPERATIVA,3006,6,DÍAS DE WIP  |  BOTAS Y ACCESORIOS,12.1 | 6.1 ,12 | 7 ,80 | 100 ,5.4,3,12 | 7  -  100 %<BR>13 | 8  -  80 %<BR>14 | 9  -  60 %,70,53.2,76 %
2026,1,300,3,GERENCIA OPERATIVA,3001,7,PRODUCTIVIDAD DE BOTAS,"21,324 prs ","21,600 prs ",98.7 % ,6.9,3,Mayor al 70 %,70,53.2,76 %
2026,1,300,1,GERENCIA OPERATIVA,1001,5,VENTAS NETAS,"$ 129,362,601 ","$ 123,827,638 ",104.5 % ,5,1,Mayor al 70 %,70,53.2,76 %
2026,1,300,7,GERENCIA OPERATIVA,3005,3,PRODUCTIVIDAD DE BOLSAS,"3,300 pzs ","3,240 pzs ",101.9 % ,3,1,Mayor al 70 %,70,53.2,76 %
2026,1,300,13,GERENCIA OPERATIVA,1007,,TALEN REVIEW GERENCIAS ( PLAN DE DESARROLLO  ),NA , , ,,0,,70,53.2,76 %
2026,1,300,18,GERENCIA OPERATIVA,101 d,,AUDITORIAS INTERNAS OPERATIVAS,NA , , ,,0,,70,53.2,76 %
2026,1,300,12,GERENCIA OPERATIVA,1006,,SUSSESION PLAN ( PLAN DE SUCESIÓN PARA GERENTES ),NA , , ,,0,,70,53.2,76 %
2026,1,300,15,GERENCIA OPERATIVA,1010,5,INVERSIONES ( EFICIENCIA OPERATIVA TESEO ),33.7 % ,75 % ,33.7 % ,0,5,Mayor al 75 %,70,53.2,76 %
2026,1,300,19,GERENCIA OPERATIVA,102 c,5,"AUDITORIAS DE 5'S EN LAS ÁREAS DE OPERACIONES",91.3 % ,95 % ,90 % ,4.5,3,95 %  -  100 %<BR>90 %  -  90 %<BR>85 %  -  80 %,70,53.2,76 %
2026,1,300,5,GERENCIA OPERATIVA,3003,3,PRODUCTIVIDAD DE BILLETERAS,"5,466 pzs ","5,760 pzs ",94.9 % ,2.8,3,Mayor al 70 %,70,53.2,76 %
2026,1,300,2,GERENCIA OPERATIVA,1002,5,UTILIDADES DE OPERACIÓN,"$ 31,030,163 ","$ 27,683,807 ",112.1 % ,5,1,Mayor al 70 %,70,53.2,76 %
2026,1,300,11,GERENCIA OPERATIVA,3009,4,BAJAS DE CALIDAD ( DEVOLUCIONES MAS BAJAS ),2.2 % ,0.5 % ,0 % ,0,4,0.5 %  -  100 %<BR>1 %  -  85 %<BR>1.5 %  -  70 %,70,53.2,76 %
2026,1,300,20,GERENCIA OPERATIVA,103 e,4,ROTACIÓN DE PERSONAL OPERACIONES,6.4 % ,3 % ,0 % ,0,4,3 %  -  100 %<BR>3.5 %  -  90 %<BR>4 %  -  80 %,70,53.2,76 %
2026,1,300,4,GERENCIA OPERATIVA,3002,4,PRODUCTIVIDAD DE CINTOS,"13,087 pzs ","14,400 pzs ",90.9 % ,3.6,3,Mayor al 70 %,70,53.2,76 %
2026,1,300,21,GERENCIA OPERATIVA,1005,,GPTW,NA , , ,,0,,70,53.2,76 %
2026,1,300,10,GERENCIA OPERATIVA,3008,4,ENTREGAS A TIEMPO  |  TIENDAS CUADRA Y CORRAL,76.1 | 99.2 ,95 % ,0 | 100 ,2,3,95 %  -  100 %<BR>90 %  -  80 %<BR>85 %  -  60 %,70,53.2,76 %
2026,1,300,9,GERENCIA OPERATIVA,3007,7,COSTO DE VENTA,64 % ,65 % ,98.4 % ,7,2,Menor al 130 %,70,53.2,76 %
2026,1,300,6,GERENCIA OPERATIVA,3004,4,PRODUCTIVIDAD DE CHAMARRAS,"2,353 pzs ","2,340 pzs ",100.6 % ,4,1,Mayor al 70 %,70,53.2,76 %
2026,1,300,14,GERENCIA OPERATIVA,1008,,TALEN REVIEW JEFATURAS ( INICIO DE PLAN ),NA , , ,,0,,70,53.2,76 %
2026,1,300,16,GERENCIA OPERATIVA,1011,4,PROCESOS ( MAPEO DE PROCESOS ),100 % ,80 % ,100 % ,4,1,Mayor al 80 %,70,53.2,76 %
2026,1,104,10,JEFATURA DE LOGÍSTICA,102 i,5,"AUDITORIA DE 5'S EN EL ÁREA DE LOGÍSTICA",71 % ,100 % ,71 % ,3.5,3,Resultado Logrado,71,43.7,61.5 %
2026,1,104,3,JEFATURA DE LOGÍSTICA,1402,10,ROTACIÓN INVENTARIO MTS,0.2 vueltas ,0.8 vueltas ,28.8 % ,2.9,3,Resultado Logrado,71,43.7,61.5 %
2026,1,104,9,JEFATURA DE LOGÍSTICA,101 b,,AUDITORIAS INTERNAS DE LOGÍSTICA,NA , , ,,0,,71,43.7,61.5 %
2026,1,104,4,JEFATURA DE LOGÍSTICA,1403,8,DÍAS DE PISO NACIONAL,37.9 dias ,35 dias ,60 % ,4.8,3,35 dias  -  100 %<BR>37.5 dias  -  80 %<BR>40 dias  -  60 %,71,43.7,61.5 %
2026,1,104,11,JEFATURA DE LOGÍSTICA,103 d,5,ROTACIÓN DE PERSONAL DE ÁREAS OPERATIVAS,5.6 % ,3 % ,0 % ,0,4,3 %  -  100 %<BR>3.5 %  -  90 %<BR>4 %  -  80 %,71,43.7,61.5 %
2026,1,104,1,JEFATURA DE LOGÍSTICA,1001,25,VENTAS NETAS,"$ 129,362,601 ","$ 123,827,638 ",104.5 % ,25,1,Mayor al 70 %,71,43.7,61.5 %
2026,1,104,7,JEFATURA DE LOGÍSTICA,1404,5,SERVICIO DISTRIBUIDORES MX,79 % ,80 % ,79 % ,0,5,Mayor al 80 %,71,43.7,61.5 %
2026,1,104,12,JEFATURA DE LOGÍSTICA,1005,,GPTW,NA , , ,,0,,71,43.7,61.5 %
2026,1,104,2,JEFATURA DE LOGÍSTICA,1401,8,VENTAS POR LÍNEA,93.8 % ,80 % ,93.8 % ,7.5,3,Mayor al 80 %,71,43.7,61.5 %
2026,1,104,8,JEFATURA DE LOGÍSTICA,1405,5,SERVICIO MARKETPLACE,17 % ,80 % ,17 % ,0,5,Mayor al 80 %,71,43.7,61.5 %
2026,1,201,1,JEFATURA DE CONTABILIDAD,1002,5,UTILIDADES DE OPERACIÓN,"$ 31,030,163 ","$ 27,683,807 ",112.1 % ,5,1,Mayor al 70 %,85,80.9,95.2 %
2026,1,201,4,JEFATURA DE CONTABILIDAD,2005,5,CUENTAS POR PAGAR,32.3 dias ,40 dias ,80.7 % ,5,2,Menor al 130 %,85,80.9,95.2 %
2026,1,201,5,JEFATURA DE CONTABILIDAD,2101,15,EFECTIVIDAD EN EL CUMPLIMIENTO DE NOTAS DE CRÉDITO POR PRONTO PAGO,74 % ,70 % ,74 % ,11.1,3,Mayor al 70 %,85,80.9,95.2 %
2026,1,201,3,JEFATURA DE CONTABILIDAD,2004,5,CUENTAS POR COBRAR,57.1 dias ,60 dias ,95.2 % ,5,2,Menor al 130 %,85,80.9,95.2 %
2026,1,201,11,JEFATURA DE CONTABILIDAD,1005,,GPTW,NA , , ,,0,,85,80.9,95.2 %
2026,1,201,7,JEFATURA DE CONTABILIDAD,2103,20,PRESENTACIÓN DE IMPUESTOS,100 % ,100 % ,100 % ,20,1,Mayor al 100 %,85,80.9,95.2 %
2026,1,201,9,JEFATURA DE CONTABILIDAD,102 j,5,"AUDITORIA DE 5'S EN EL ÁREA DE ADMINISTRACIÓN",96.7 % ,100 % ,96.7 % ,4.8,3,Resultado Logrado,85,80.9,95.2 %
2026,1,201,2,JEFATURA DE CONTABILIDAD,1004,5,FLUJO DE EFECTIVO,145.7 % ,80 % ,145.7 % ,5,1,Mayor al 80 %,85,80.9,95.2 %
2026,1,201,8,JEFATURA DE CONTABILIDAD,101 c,,AUDITORIAS INTERNAS ADMINISTRATIVAS,NA , , ,,0,,85,80.9,95.2 %
2026,1,201,10,JEFATURA DE CONTABILIDAD,103 f,5,ROTACIÓN DE PERSONAL ADMINISTRATIVO,2.5 % ,3 % ,100 % ,5,2,3 %  -  100 %<BR>3.5 %  -  90 %<BR>4 %  -  80 %,85,80.9,95.2 %
2026,1,201,6,JEFATURA DE CONTABILIDAD,2102,20,ENTREGA DE CIERRE MENSUAL,100 % ,80 % ,100 % ,20,1,Mayor al 80 %,85,80.9,95.2 %
2026,1,102,2,JEFATURA DE CALIDAD,1201,30,"PORCENTAJE DE EFECTIVIDAD 'BIEN A LA PRIMERA'",88.9 % ,95 % ,70 % ,21,3,95 %  -  100 %<BR>90 %  -  80 %<BR>80 %  -  70 %,95,54.3,57.2 %
2026,1,102,3,JEFATURA DE CALIDAD,1202,20,CALIFICACIÓN REPETIBILIDAD & REPRODUCIBILIDAD <BR> ( UNIFICACIÓN DE CRITERIOS DE INSPECCIÓN ),96 % ,95 % ,100 % ,20,1,95 %  -  100 %<BR>85 %  -  85 %<BR>75 %  -  75 %,95,54.3,57.2 %
2026,1,102,5,JEFATURA DE CALIDAD,102 g,5,"AUDITORIA DE 5'S EN EL ÁREA DE CALIDAD",66.3 % ,100 % ,66.3 % ,3.3,3,Resultado Logrado,95,54.3,57.2 %
2026,1,102,1,JEFATURA DE CALIDAD,3009,25,BAJAS DE CALIDAD ( DEVOLUCIONES MAS BAJAS ),2.2 % ,0.5 % ,0 % ,0,4,0.5 %  -  100 %<BR>1 %  -  85 %<BR>1.5 %  -  70 %,95,54.3,57.2 %
2026,1,102,7,JEFATURA DE CALIDAD,1005,,GPTW,NA , , ,,0,,95,54.3,57.2 %
2026,1,102,6,JEFATURA DE CALIDAD,103 d,5,ROTACIÓN DE PERSONAL DE ÁREAS OPERATIVAS,5.6 % ,3 % ,0 % ,0,4,3 %  -  100 %<BR>3.5 %  -  90 %<BR>4 %  -  80 %,95,54.3,57.2 %
2026,1,102,4,JEFATURA DE CALIDAD,1203,10,PORCENTAJE DE EFECTIVIDAD EN <BR> LOS PUNTOS DE INSPECCIÓN DEL PRODUCTO,98 % ,95 % ,100 % ,10,1,95 %  -  100 %<BR>90 %  -  80 %<BR>80 %  -  70 %,95,54.3,57.2 %
2026,1,400,8,GERENCIA DE CAPITAL HUMANO,1005,,GPTW,NA , , ,,0,,30,5,16.7 %
2026,1,400,5,GERENCIA DE CAPITAL HUMANO,1011,5,PROCESOS ( MAPEO DE PROCESOS ),100 % ,80 % ,100 % ,5,1,Mayor al 80 %,30,5,16.7 %
2026,1,400,7,GERENCIA DE CAPITAL HUMANO,102 d,10,"AUDITORIAS DE 5'S EN LAS ÁREAS DE CAPITAL HUMANO",84.8 % ,95 % ,0 % ,0,5,95 %  -  100 %<BR>90 %  -  90 %<BR>85 %  -  80 %,30,5,16.7 %
2026,1,400,4,GERENCIA DE CAPITAL HUMANO,1008,,TALEN REVIEW JEFATURAS ( INICIO DE PLAN ),NA , , ,,0,,30,5,16.7 %
2026,1,400,1,GERENCIA DE CAPITAL HUMANO,103 a,15,ROTACIÓN DE PERSONAL MBC,6.1 % ,3 % ,0 % ,0,4,3 %  -  100 %<BR>3.5 %  -  90 %<BR>4 %  -  80 %,30,5,16.7 %
2026,1,400,6,GERENCIA DE CAPITAL HUMANO,101 e,,AUDITORIAS INTERNAS CAPITAL HUMANO,NA , , ,,0,,30,5,16.7 %
2026,1,400,2,GERENCIA DE CAPITAL HUMANO,1006,,SUSSESION PLAN ( PLAN DE SUCESIÓN PARA GERENTES ),NA , , ,,0,,30,5,16.7 %
2026,1,400,3,GERENCIA DE CAPITAL HUMANO,1007,,TALEN REVIEW GERENCIAS ( PLAN DE DESARROLLO  ),NA , , ,,0,,30,5,16.7 %
2026,1,101,14,JEFATURA DE COMPRAS,1005,,GPTW,NA , , ,,0,,77,60.4,78.4 %
2026,1,101,5,JEFATURA DE COMPRAS,1105,20,PIEZAS PLANEADAS VS PIEZAS PROGRAMADAS,93 % ,80 % ,93 % ,18.6,3,Mayor al 80 %,77,60.4,78.4 %
2026,1,101,8,JEFATURA DE COMPRAS,2005,5,CUENTAS POR PAGAR,32.3 dias ,40 dias ,80.7 % ,5,2,Menor al 130 %,77,60.4,78.4 %
2026,1,101,6,JEFATURA DE COMPRAS,1106,5,CIERRE DE INVENTARIO DEL ALMACÉN DE PIELES,4 días hab. ,3 días hab. ,0 % ,0,4,,77,60.4,78.4 %
2026,1,101,3,JEFATURA DE COMPRAS,1103,7,PARES PROGRAMADOS VS PARES NO SURTIDOS DE BOTAS,100 % ,99 % ,100 % ,7,1,99 %  -  100 %<BR>97 %  -  90 %<BR>95 %  -  80 %,77,60.4,78.4 %
2026,1,101,2,JEFATURA DE COMPRAS,1102,5,PRESUPUESTO DEL INVENTARIO DEL ALMACÉN DE MATERIA PRIMA,"$ 27,540,311 ","$ 22,637,387 ",121.7 % ,0,4,Menor al 110 %,77,60.4,78.4 %
2026,1,101,1,JEFATURA DE COMPRAS,1101,20,PRESUPUESTO DEL INVENTARIO DEL ALMACÉN DE PIELES,"$ 83,412,447 ","$ 92,123,923 ",90.5 % ,20,2,Menor al 110 %,77,60.4,78.4 %
2026,1,101,13,JEFATURA DE COMPRAS,103 d,5,ROTACIÓN DE PERSONAL DE ÁREAS OPERATIVAS,5.6 % ,3 % ,0 % ,0,4,3 %  -  100 %<BR>3.5 %  -  90 %<BR>4 %  -  80 %,77,60.4,78.4 %
2026,1,101,12,JEFATURA DE COMPRAS,102 f,5,"AUDITORIA DE 5'S EN EL ÁREA DE COMPRAS",96.3 % ,100 % ,96.3 % ,4.8,3,Resultado Logrado,77,60.4,78.4 %
2026,1,101,9,JEFATURA DE COMPRAS,101 a,,AUDITORIAS INTERNAS DE COMPRAS,NA , , ,,0,,77,60.4,78.4 %
2026,1,101,7,JEFATURA DE COMPRAS,1107,5,CIERRE DE INVENTARIO DEL ALMACÉN DE MATERIA PRIMA,3 días hab. ,3 días hab. ,100 % ,5,2,,77,60.4,78.4 %
2026,1,304,13,JEFATURA DE DESARROLLO BOTAS,102 o,5,"AUDITORIA DE 5'S EN EL ÁREA DE DESARROLLO BOTAS",71 % ,100 % ,71 % ,3.5,3,Resultado Logrado,39,25.9,66.4 %
2026,1,304,9,JEFATURA DE DESARROLLO BOTAS,3409,4,"CUMPLIMIENTO EN LOS AVANCES DE WIP EN SISTEMA, <BR> 12 DÍAS EN BOTAS PROTOTIPOS, MUESTRAS Y LOTES PILOTO",60.2 % ,100 % ,60.2 % ,2.4,3,Resultado Logrado,39,25.9,66.4 %
2026,1,304,15,JEFATURA DE DESARROLLO BOTAS,1005,,GPTW,NA , , ,,0,,39,25.9,66.4 %
2026,1,304,7,JEFATURA DE DESARROLLO BOTAS,3407,4,EFECTIVIDAD EN EL PAQUETE TÉCNICO <BR> Y ENTREGABLES EN LA LIBERACIÓN DEL MODELO A PRODUCCIÓN,100 % ,100 % ,100 % ,4,1,Resultado Logrado,39,25.9,66.4 %
2026,1,304,5,JEFATURA DE DESARROLLO BOTAS,3405,,CUMPLIMIENTO DE ENTREGABLES <BR> EN LA ETAPA DE MUESTRAS A INGENIERIA DE COSTOS Y SISTEMAS,NA , , ,,0,,39,25.9,66.4 %
2026,1,304,3,JEFATURA DE DESARROLLO BOTAS,3403,,CUMPLIMIENTO EN EL CALENDARIO DE LIBERACIONES <BR> VS CALENDARIO ESTABLECIDO BOTAS ( RESULTADO SEMESTRAL ),NA , , ,,0,,39,25.9,66.4 %
2026,1,304,12,JEFATURA DE DESARROLLO BOTAS,101 dd,,AUDITORIAS INTERNAS DE DESARROLLO BOTAS,NA , , ,,0,,39,25.9,66.4 %
2026,1,304,8,JEFATURA DE DESARROLLO BOTAS,3408,,CUMPLIMIENTO DE ENTREGAS DE PAQUETES TÉCNICOS CONFORME A CALENDARIO DE ENTREGA DE BETA 7,NA , , ,,0,,39,25.9,66.4 %
2026,1,304,14,JEFATURA DE DESARROLLO BOTAS,103 d,5,ROTACIÓN DE PERSONAL DE ÁREAS OPERATIVAS,5.6 % ,3 % ,0 % ,0,4,3 %  -  100 %<BR>3.5 %  -  90 %<BR>4 %  -  80 %,39,25.9,66.4 %
2026,1,304,11,JEFATURA DE DESARROLLO BOTAS,3411,8,PORCENTAJE DE REPROCESOS EN MUESTRAS Y LOTES PILOTO DE BOTAS,37.3 % ,100 % ,37.3 % ,3,3,Resultado Logrado,39,25.9,66.4 %
2026,1,304,10,JEFATURA DE DESARROLLO BOTAS,3410,4,CUMPLIMIENTO DE ENTREGA DE PRECOSTEO BOTAS,100 % ,100 % ,100 % ,4,1,Resultado Logrado,39,25.9,66.4 %
2026,1,304,4,JEFATURA DE DESARROLLO BOTAS,3404,9,CUMPLIMIENTO DE ANÁLISIS DE  VIABILIDAD Y FACTIBILIDAD,100 % ,100 % ,100 % ,9,1,Resultado Logrado,39,25.9,66.4 %
2026,1,304,2,JEFATURA DE DESARROLLO BOTAS,3402,,CUMPLIMIENTO EN EL CALENDARIO DE AMEF <BR> VS CALENDARIO ESTABLECIDO,NA , , ,,0,,39,25.9,66.4 %
2026,1,304,6,JEFATURA DE DESARROLLO BOTAS,3406,,ENTREGA DE MUESTRAS VS CALENDARIO ESTABLECIDO BOTAS,NA , , ,,0,,39,25.9,66.4 %
2026,1,304,1,JEFATURA DE DESARROLLO BOTAS,3401,,ENTREGA DE PROTOTIPOS VS CALENDARIO BOTAS,NA , , ,,0,,39,25.9,66.4 %
2026,1,308,6,JEFATURA DE MANTENIMIENTO,3806,5,CONTROLAR Y ADMINISTRAR INVENTARIOS DE REFACCIONES,0 items ,5 item ,100 % ,5,2,,85,75.1,88.4 %
2026,1,308,1,JEFATURA DE MANTENIMIENTO,3801,20,CUMPLIMIENTO  DEL PLAN DE <BR> MANTENIMIENTO PREVENTIVO VS CALENDARIO,97 % ,100 % ,97 % ,19.4,3,Resultado Logrado,85,75.1,88.4 %
2026,1,308,8,JEFATURA DE MANTENIMIENTO,101 dh,,AUDITORIAS INTERNAS DE MANTENIMIENTO,NA , , ,,0,,85,75.1,88.4 %
2026,1,308,7,JEFATURA DE MANTENIMIENTO,3807,5,COMPARATIVO DEL GASTO REAL CONTRA LO PLANEADO,-22 % ,5 % ,100 % ,5,2,,85,75.1,88.4 %
2026,1,308,9,JEFATURA DE MANTENIMIENTO,102 s,5,"AUDITORIA DE 5'S EN EL ÁREA DE MANTENIMIENTO",71.3 % ,100 % ,71.3 % ,3.6,3,Resultado Logrado,85,75.1,88.4 %
2026,1,308,10,JEFATURA DE MANTENIMIENTO,103 d,5,ROTACIÓN DE PERSONAL DE ÁREAS OPERATIVAS,5.6 % ,3 % ,0 % ,0,4,3 %  -  100 %<BR>3.5 %  -  90 %<BR>4 %  -  80 %,85,75.1,88.4 %
2026,1,308,4,JEFATURA DE MANTENIMIENTO,3804,10,MANTENIMIENTO AUTÓNOMO,90 % ,100 % ,90 % ,9,3,Resultado Logrado,85,75.1,88.4 %
2026,1,308,3,JEFATURA DE MANTENIMIENTO,3803,15,MANTENIMIENTO PREDICTIVO,90 % ,100 % ,90 % ,13.5,3,Resultado Logrado,85,75.1,88.4 %
2026,1,308,5,JEFATURA DE MANTENIMIENTO,3805,5,CONTROLAR Y ADMINISTRAR INVENTARIOS DE MAQUINARIA,0 maquinas ,0 maquinas ,100 % ,5,2,,85,75.1,88.4 %
2026,1,308,2,JEFATURA DE MANTENIMIENTO,3802,15,ADMINISTRAR EL MANTENIMIENTO CORRECTIVO,97.3 % ,100 % ,97.3 % ,14.6,3,Resultado Logrado,85,75.1,88.4 %
2026,1,308,11,JEFATURA DE MANTENIMIENTO,1005,,GPTW,NA , , ,,0,,85,75.1,88.4 %
2026,1,303,28,JEFATURA DE PRODUCCIÓN ACCESORIOS,102 n,5,"AUDITORIA DE 5'S EN EL ÁREA DE ACCESORIOS",96.4 % ,100 % ,96.4 % ,4.8,3,Resultado Logrado,85,79.1,93.1 %
2026,1,303,1,JEFATURA DE PRODUCCIÓN ACCESORIOS,3002,5.5,PRODUCTIVIDAD DE CINTOS,"13,087 pzs ","14,400 pzs ",90.9 % ,5,3,Mayor al 70 %,85,79.1,93.1 %
2026,1,303,29,JEFATURA DE PRODUCCIÓN ACCESORIOS,103 c,5,ROTACIÓN DE PERSONAL DE ACCESORIOS,8.4 % ,3 % ,0 % ,0,4,3 %  -  100 %<BR>3.5 %  -  90 %<BR>4 %  -  80 %,85,79.1,93.1 %
2026,1,303,8,JEFATURA DE PRODUCCIÓN ACCESORIOS,3306,3.75,DÍAS DE WIP BILLETERAS,6.5 dias ,7 dias ,100 % ,3.8,2,7 dias  -  100 %<BR>8 dias  -  80 %<BR>9 dias  -  60 %,85,79.1,93.1 %
2026,1,303,6,JEFATURA DE PRODUCCIÓN ACCESORIOS,3305,1.25,EFECTIVIDAD EN ENTREGAS A PT CINTOS ( ANTIGÜEDAD DE LOTES EN WIP ),97.5 % ,100 % ,97.5 % ,1.2,3,Resultado Logrado,85,79.1,93.1 %
2026,1,303,21,JEFATURA DE PRODUCCIÓN ACCESORIOS,3317,1.75,PRODUCTIVIDAD PIEZAS / HOMBRE  ( BOLSAS ),1.70 pzs/hom ,1.60 pzs/hom ,100 % ,1.8,1,,85,79.1,93.1 %
2026,1,303,5,JEFATURA DE PRODUCCIÓN ACCESORIOS,3304,1.75,CUMPLIMIENTO DEL COSTO PRESUPUESTADO <BR> EN MATERIALES DIRECTOS E INDIRECTOS DE CINTOS,100 % ,95 % ,100 % ,1.8,1,95 %  -  100 %<BR>94 %  -  80 %<BR>93 %  -  60 %,85,79.1,93.1 %
2026,1,303,2,JEFATURA DE PRODUCCIÓN ACCESORIOS,3301,3.75,DÍAS DE WIP CINTOS,5.6 dias ,7 dias ,100 % ,3.8,2,7 dias  -  100 %<BR>8 dias  -  80 %<BR>9 dias  -  60 %,85,79.1,93.1 %
2026,1,303,20,JEFATURA DE PRODUCCIÓN ACCESORIOS,3316,3.75,DÍAS DE WIP BOLSAS,6.2 dias ,7 dias ,100 % ,3.8,2,7 dias  -  100 %<BR>8 dias  -  80 %<BR>9 dias  -  60 %,85,79.1,93.1 %
2026,1,303,27,JEFATURA DE PRODUCCIÓN ACCESORIOS,101 dc,,AUDITORIAS INTERNAS DE PRODUCCIÓN ACCESORIOS,NA , , ,,0,,85,79.1,93.1 %
2026,1,303,23,JEFATURA DE PRODUCCIÓN ACCESORIOS,3319,1.75,CUMPLIMIENTO DEL COSTO PRESUPUESTADO <BR> EN MATERIALES DIRECTOS E INDIRECTOS DE BOLSAS,100 % ,95 % ,100 % ,1.8,1,95 %  -  100 %<BR>94 %  -  80 %<BR>93 %  -  60 %,85,79.1,93.1 %
2026,1,303,24,JEFATURA DE PRODUCCIÓN ACCESORIOS,3320,1.25,EFECTIVIDAD EN ENTREGAS A PT BOLSAS ( ANTIGÜEDAD DE LOTES EN WIP ),95.7 % ,100 % ,95.7 % ,1.2,3,Resultado Logrado,85,79.1,93.1 %
2026,1,303,12,JEFATURA DE PRODUCCIÓN ACCESORIOS,3310,1.25,EFECTIVIDAD EN ENTREGAS A PT BILLETERAS ( ANTIGÜEDAD DE LOTES EN WIP ),89.5 % ,100 % ,89.5 % ,1.1,3,Resultado Logrado,85,79.1,93.1 %
2026,1,303,14,JEFATURA DE PRODUCCIÓN ACCESORIOS,3311,3.75,DÍAS DE WIP CHAMARRAS,6.0 dias ,7 dias ,100 % ,3.8,2,7 dias  -  100 %<BR>8 dias  -  80 %<BR>9 dias  -  60 %,85,79.1,93.1 %
2026,1,303,16,JEFATURA DE PRODUCCIÓN ACCESORIOS,3313,1.75,PRESUPUESTO DE COSTO DE MANO DE OBRA DIRECTA EN CHAMARRAS,$ 452.95 ,$ 529.21 ,100 % ,1.8,2,,85,79.1,93.1 %
2026,1,303,7,JEFATURA DE PRODUCCIÓN ACCESORIOS,3003,5.5,PRODUCTIVIDAD DE BILLETERAS,"5,466 pzs ","5,760 pzs ",94.9 % ,5.2,3,Mayor al 70 %,85,79.1,93.1 %
2026,1,303,4,JEFATURA DE PRODUCCIÓN ACCESORIOS,3303,1.75,PRESUPUESTO DE COSTO DE MANO DE OBRA DIRECTA EN CINTOS,$ 51.95 ,$ 51.11 ,80 % ,1.4,3,,85,79.1,93.1 %
2026,1,303,13,JEFATURA DE PRODUCCIÓN ACCESORIOS,3004,5.5,PRODUCTIVIDAD DE CHAMARRAS,"2,353 pzs ","2,340 pzs ",100.6 % ,5.5,1,Mayor al 70 %,85,79.1,93.1 %
2026,1,303,22,JEFATURA DE PRODUCCIÓN ACCESORIOS,3318,1.75,PRESUPUESTO DE COSTO DE MANO DE OBRA DIRECTA EN BOLSAS,$ 323.41 ,$ 338.81 ,100 % ,1.8,2,,85,79.1,93.1 %
2026,1,303,11,JEFATURA DE PRODUCCIÓN ACCESORIOS,3309,1.75,CUMPLIMIENTO DEL COSTO PRESUPUESTADO <BR> EN MATERIALES DIRECTOS E INDIRECTOS DE BILLETERAS,100 % ,95 % ,100 % ,1.8,1,95 %  -  100 %<BR>94 %  -  80 %<BR>93 %  -  60 %,85,79.1,93.1 %
2026,1,303,25,JEFATURA DE PRODUCCIÓN ACCESORIOS,3321,5,REPROCESOS EN PLANTA ( LINEAS DE ACCESORIOS ),1.4 % ,5 % ,100 % ,5,2,5 %  -  100 %<BR>6.5 %  -  80 %<BR>8 %  -  60 %,85,79.1,93.1 %
2026,1,303,10,JEFATURA DE PRODUCCIÓN ACCESORIOS,3308,1.75,PRESUPUESTO DE COSTO DE MANO DE OBRA DIRECTA EN BILLETERAS,$ 118.08 ,$ 124.01 ,100 % ,1.8,2,,85,79.1,93.1 %
2026,1,303,26,JEFATURA DE PRODUCCIÓN ACCESORIOS,3322,7,BAJAS DE CALIDAD EN PRODUCCIÓN ( LINEAS DE ACCESORIOS ),0 % ,0.5 % ,100 % ,7,2,0.5 %  -  100 %<BR>1 %  -  80 %<BR>1.5 %  -  60 %,85,79.1,93.1 %
2026,1,303,18,JEFATURA DE PRODUCCIÓN ACCESORIOS,3315,1.25,EFECTIVIDAD EN ENTREGAS A PT CHAMARRAS ( ANTIGÜEDAD DE LOTES EN WIP ),94.9 % ,100 % ,94.9 % ,1.2,3,Resultado Logrado,85,79.1,93.1 %
2026,1,303,3,JEFATURA DE PRODUCCIÓN ACCESORIOS,3302,1.75,PRODUCTIVIDAD PIEZAS / HOMBRE  ( CINTOS ),9.72 pzs/hom ,92 pzs/hom ,100 % ,1.8,1,,85,79.1,93.1 %
2026,1,303,15,JEFATURA DE PRODUCCIÓN ACCESORIOS,3312,1.75,PRODUCTIVIDAD PIEZAS / HOMBRE  ( CHAMARRAS ),1.38 pzs/hom ,1.12 pzs/hom ,100 % ,1.8,1,,85,79.1,93.1 %
2026,1,303,19,JEFATURA DE PRODUCCIÓN ACCESORIOS,3005,5.5,PRODUCTIVIDAD DE BOLSAS,"3,300 pzs ","3,240 pzs ",101.9 % ,5.5,1,Mayor al 70 %,85,79.1,93.1 %
2026,1,303,9,JEFATURA DE PRODUCCIÓN ACCESORIOS,3307,1.75,PRODUCTIVIDAD PIEZAS / HOMBRE  ( BILLETERAS ),4.37 pzs/hom ,4.19 pzs/hom ,100 % ,1.8,1,,85,79.1,93.1 %
2026,1,303,30,JEFATURA DE PRODUCCIÓN ACCESORIOS,1005,,GPTW,NA , , ,,0,,85,79.1,93.1 %
2026,1,303,17,JEFATURA DE PRODUCCIÓN ACCESORIOS,3314,1.75,CUMPLIMIENTO DEL COSTO PRESUPUESTADO <BR> EN MATERIALES DIRECTOS E INDIRECTOS DE CHAMARRAS,100 % ,95 % ,100 % ,1.8,1,95 %  -  100 %<BR>94 %  -  80 %<BR>93 %  -  60 %,85,79.1,93.1 %
2026,1,307,4,JEFATURA DE INGENIERÍA DE COSTOS Y SISTEMA,3704,10,ENTREGA DE COSTEOS DE PRODUCTOS CUADRA,100 % ,100 % ,100 % ,10,1,100 %  -  100 %<BR>90 %  -  90 %<BR>80 %  -  80 %,75,67.9,90.5 %
2026,1,307,6,JEFATURA DE INGENIERÍA DE COSTOS Y SISTEMA,101 dg,,AUDITORIAS INTERNAS DE INGENIERÍA DE COSTOS Y SISTEMA,NA , , ,,0,,75,67.9,90.5 %
2026,1,307,9,JEFATURA DE INGENIERÍA DE COSTOS Y SISTEMA,1005,,GPTW,NA , , ,,0,,75,67.9,90.5 %
2026,1,307,3,JEFATURA DE INGENIERÍA DE COSTOS Y SISTEMA,3703,10,AFECTACIÓN DE EXISTENCIAS EN MATERIALES POR MODIFICACIÓN EN CONSTANTES <BR> ( INVENTARIOS SOBRANTES DERIVADOS DE LOS CAMBIOS ),"$ 20,747 ",$ 0.01 ,80 % ,8,3,,75,67.9,90.5 %
2026,1,307,5,JEFATURA DE INGENIERÍA DE COSTOS Y SISTEMA,3705,,CUMPLIMIENTO DEL CALENDARIO DE <BR> DEPURACIÓN DE CONTANTES Y HERRAMENTALES <BR> ( RESULTADO SEMESTRAL | JUNIO Y DICIEMBRE ),NA , , ,,0,,75,67.9,90.5 %
2026,1,307,2,JEFATURA DE INGENIERÍA DE COSTOS Y SISTEMA,3702,20,VARIACIÓN ENTRE EL COSTO REAL DE MATERIALES INDIRECTOS VS PRESUPUESTADO,"$ 1,452,228 ","$ 1,678,185 ",100 % ,20,2,,75,67.9,90.5 %
2026,1,307,8,JEFATURA DE INGENIERÍA DE COSTOS Y SISTEMA,103 d,5,ROTACIÓN DE PERSONAL DE ÁREAS OPERATIVAS,5.6 % ,3 % ,0 % ,0,4,3 %  -  100 %<BR>3.5 %  -  90 %<BR>4 %  -  80 %,75,67.9,90.5 %
2026,1,307,1,JEFATURA DE INGENIERÍA DE COSTOS Y SISTEMA,3701,25,VARIACIÓN ENTRE EL COSTO REAL DE MATERIALES DIRECTOS VS PRESUPUESTADO,"$ 49,539,028 ","$ 50,111,215 ",100 % ,25,2,,75,67.9,90.5 %
2026,1,307,7,JEFATURA DE INGENIERÍA DE COSTOS Y SISTEMA,102 r,5,"AUDITORIA DE 5'S EN EL ÁREA DE INGENIERÍA DE COSTOS Y SISTEMAS",97.8 % ,100 % ,97.8 % ,4.9,3,Resultado Logrado,75,67.9,90.5 %
2026,1,305,8,JEFATURA DE DESARROLLO ACCESORIOS,3508,4,"CUMPLIMIENTO DE LOS AVANCES PARA CUMPLIR CON LOS DÍAS DE WIP <BR> 7 DÍAS EN PROTOTIPOS, MUESTRAS, LOTES PILOTO DE ACCESORIOS",56.5 % ,100 % ,56.5 % ,2.3,3,Resultado Logrado,48,39.9,83.1 %
2026,1,305,12,JEFATURA DE DESARROLLO ACCESORIOS,102 n,5,"AUDITORIA DE 5'S EN EL ÁREA DE ACCESORIOS",96.4 % ,100 % ,96.4 % ,4.8,3,Resultado Logrado,48,39.9,83.1 %
2026,1,305,6,JEFATURA DE DESARROLLO ACCESORIOS,3506,,ENTREGA DE MUESTRAS VS CALENDARIO ESTABLECIDO ACCESORIOS,NA , , ,,0,,48,39.9,83.1 %
2026,1,305,10,JEFATURA DE DESARROLLO ACCESORIOS,3510,8,PORCENTAJE DE REPROCESOS EN MUESTRAS Y LOTES PILOTO DE ACCESORIOS,87 % ,100 % ,87 % ,7,3,Resultado Logrado,48,39.9,83.1 %
2026,1,305,1,JEFATURA DE DESARROLLO ACCESORIOS,3501,,ENTREGA DE PROTOTIPOS VS CALENDARIO ESTABLECIDO ACCESORIOS,NA , , ,,0,,48,39.9,83.1 %
2026,1,305,9,JEFATURA DE DESARROLLO ACCESORIOS,3509,4,CUMPLIMIENTO DE ENTREGA DE PRECOSTEO ACCESORIOS,100 % ,100 % ,100 % ,4,1,Resultado Logrado,48,39.9,83.1 %
2026,1,305,3,JEFATURA DE DESARROLLO ACCESORIOS,3503,,CUMPLIMIENTO EN EL CALENDARIO DE LIBERACIONES <BR> VS. CALENDARIO ESTABLECIDO ACCESORIOS ( SEMESTRAL ),NA , , ,,0,,48,39.9,83.1 %
2026,1,305,7,JEFATURA DE DESARROLLO ACCESORIOS,3507,4,EFECTIVIDAD EN EL PAQUETE TÉCNICO Y ENTREGABLES <BR> EN LA LIBERACIÓN DEL MODELO A PRODUCCIÓN,95.8 % ,100 % ,95.8 % ,3.8,3,Resultado Logrado,48,39.9,83.1 %
2026,1,305,14,JEFATURA DE DESARROLLO ACCESORIOS,1005,,GPTW,NA , , ,,0,,48,39.9,83.1 %
2026,1,305,13,JEFATURA DE DESARROLLO ACCESORIOS,103 d,5,ROTACIÓN DE PERSONAL DE ÁREAS OPERATIVAS,5.6 % ,3 % ,0 % ,0,4,3 %  -  100 %<BR>3.5 %  -  90 %<BR>4 %  -  80 %,48,39.9,83.1 %
2026,1,305,4,JEFATURA DE DESARROLLO ACCESORIOS,3504,9,CUMPLIMIENTO DE ANÁLISIS DE  VIABILIDAD Y FACTIBILIDAD,100 % ,100 % ,100 % ,9,1,Resultado Logrado,48,39.9,83.1 %
2026,1,305,5,JEFATURA DE DESARROLLO ACCESORIOS,3505,,CUMPLIMIENTO DE ENTREGABLES EN LA ETAPA DE <BR> MUESTRAS A INGENIERÍA DE COSTOS Y CONSUMOS ( SEMESTRAL ),NA , , ,,0,,48,39.9,83.1 %
2026,1,305,11,JEFATURA DE DESARROLLO ACCESORIOS,101 de,,AUDITORIAS INTERNAS DE DESARROLLO ACCESORIOS,NA , , ,,0,,48,39.9,83.1 %
2026,1,305,2,JEFATURA DE DESARROLLO ACCESORIOS,3502,9,CUMPLIMIENTO EN LA PRESENTACIÓN DE LOS AMEF VS CALENDARIO ESTABLECIDO,100 % ,100 % ,100 % ,9,1,Resultado Logrado,48,39.9,83.1 %
2026,1,401,6,JEFATURA DE CAPITAL HUMANO,102 u,5,"AUDITORIA DE 5'S EN EL ÁREA DE CAPITAL HUMANO",84.8 % ,100 % ,84.8 % ,4.2,3,Resultado Logrado,85,77.2,90.8 %
2026,1,401,8,JEFATURA DE CAPITAL HUMANO,1005,,GPTW,NA , , ,,0,,85,77.2,90.8 %
2026,1,401,1,JEFATURA DE CAPITAL HUMANO,4101,30,CUMPLIMIENTO DEL TIEMPO DE CONTRATACIÓN (= 15 DÍAS HÁBILES),8.7 días hab. ,15 días hab. ,100 % ,30,2,,85,77.2,90.8 %
2026,1,401,2,JEFATURA DE CAPITAL HUMANO,4102,20,TOTAL DE CAPACITACIONES REALIZADAS VS CAPACITACIONES PLANEADAS,100 % ,90 % ,100 % ,20,1,Mayor al 90 %,85,77.2,90.8 %
2026,1,401,5,JEFATURA DE CAPITAL HUMANO,101 ea,,AUDITORIAS INTERNAS DE CAPITAL HUMANO,NA , , ,,0,,85,77.2,90.8 %
2026,1,401,3,JEFATURA DE CAPITAL HUMANO,4103,15,CUMPLIMIENTO DE NORMATIVA LEGAL EN SEGURIDAD E HIGIENE,80 % ,80 % ,80 % ,12,3,Mayor al 80 %,85,77.2,90.8 %
2026,1,401,4,JEFATURA DE CAPITAL HUMANO,4104,10,AUDITORIAS DE 5´S EJECUTADAS VS PROGRAMADAS,86.7 % ,95 % ,60 % ,6,3,95 %  -  100 %<BR>90 %  -  80 %<BR>85 %  -  60 %,85,77.2,90.8 %
2026,1,401,7,JEFATURA DE CAPITAL HUMANO,103 f,5,ROTACIÓN DE PERSONAL ADMINISTRATIVO,2.5 % ,3 % ,100 % ,5,2,3 %  -  100 %<BR>3.5 %  -  90 %<BR>4 %  -  80 %,85,77.2,90.8 %
2026,1,402,3,JEFATURA DE GESTION DE CALIDAD,101 eb,,AUDITORIAS INTERNAS DE SISTEMAS DE GESTIÓN,NA , , ,,0,,75,72.6,96.8 %
2026,1,402,6,JEFATURA DE GESTION DE CALIDAD,1005,,GPTW,NA , , ,,0,,75,72.6,96.8 %
2026,1,402,1,JEFATURA DE GESTION DE CALIDAD,4201,40,CUMPLIMIENTO DE AUDITORIAS INTERNAS,95 % ,85 % ,95 % ,38,3,Mayor al 85 %,75,72.6,96.8 %
2026,1,402,2,JEFATURA DE GESTION DE CALIDAD,4202,25,INDICE DE PROCESOS DOCUMENTADOS VS PROCESOS PLANEADOS,100 % ,85 % ,100 % ,25,1,Mayor al 85 %,75,72.6,96.8 %
2026,1,402,5,JEFATURA DE GESTION DE CALIDAD,103 f,5,ROTACIÓN DE PERSONAL ADMINISTRATIVO,2.5 % ,3 % ,100 % ,5,2,3 %  -  100 %<BR>3.5 %  -  90 %<BR>4 %  -  80 %,75,72.6,96.8 %
2026,1,402,4,JEFATURA DE GESTION DE CALIDAD,102 v,5,"AUDITORIA DE 5'S EN EL ÁREA DE GESTION DE CALIDAD",92.4 % ,100 % ,92.4 % ,4.6,3,Resultado Logrado,75,72.6,96.8 %
2026,1,306,12,JEFATURA DE INGENIERÍA DE PROCESOS,101 df,,AUDITORIAS INTERNAS DE INGENIERÍA DE PROCESOS,NA , , ,,0,,75,66.9,89.2 %
2026,1,306,2,JEFATURA DE INGENIERÍA DE PROCESOS,3102,10,PRESUPUESTO DE COSTO DE MANO DE OBRA DIRECTA DE BOTAS,$ 248.90 ,$ 239.01 ,80 % ,8,3,,75,66.9,89.2 %
2026,1,306,9,JEFATURA DE INGENIERÍA DE PROCESOS,3307,5,PRODUCTIVIDAD PIEZAS / HOMBRE  ( BILLETERAS ),4.37 pzs/hom ,4.19 pzs/hom ,100 % ,5,1,,75,66.9,89.2 %
2026,1,306,11,JEFATURA DE INGENIERÍA DE PROCESOS,3317,5,PRODUCTIVIDAD PIEZAS / HOMBRE  ( BOLSAS ),1.70 pzs/hom ,1.60 pzs/hom ,100 % ,5,1,,75,66.9,89.2 %
2026,1,306,3,JEFATURA DE INGENIERÍA DE PROCESOS,3303,5,PRESUPUESTO DE COSTO DE MANO DE OBRA DIRECTA EN CINTOS,$ 51.95 ,$ 51.11 ,80 % ,4,3,,75,66.9,89.2 %
2026,1,306,6,JEFATURA DE INGENIERÍA DE PROCESOS,3318,10,PRESUPUESTO DE COSTO DE MANO DE OBRA DIRECTA EN BOLSAS,$ 323.41 ,$ 338.81 ,100 % ,10,2,,75,66.9,89.2 %
2026,1,306,10,JEFATURA DE INGENIERÍA DE PROCESOS,3312,5,PRODUCTIVIDAD PIEZAS / HOMBRE  ( CHAMARRAS ),1.38 pzs/hom ,1.12 pzs/hom ,100 % ,5,1,,75,66.9,89.2 %
2026,1,306,13,JEFATURA DE INGENIERÍA DE PROCESOS,102 q,5,"AUDITORIA DE 5'S EN EL ÁREA DE INGENIERÍA DE PROCESOS",97.8 % ,100 % ,97.8 % ,4.9,3,Resultado Logrado,75,66.9,89.2 %
2026,1,306,15,JEFATURA DE INGENIERÍA DE PROCESOS,1005,,GPTW,NA , , ,,0,,75,66.9,89.2 %
2026,1,306,4,JEFATURA DE INGENIERÍA DE PROCESOS,3308,5,PRESUPUESTO DE COSTO DE MANO DE OBRA DIRECTA EN BILLETERAS,$ 118.08 ,$ 124.01 ,100 % ,5,2,,75,66.9,89.2 %
2026,1,306,1,JEFATURA DE INGENIERÍA DE PROCESOS,3601,,CUMPLIMIENTO DEL PROGRAMA DE <BR> PROYECTOS DE MEJORA CONTINUA ( RESULTADO TRIMESTRAL ),NA , , ,,0,,75,66.9,89.2 %
2026,1,306,8,JEFATURA DE INGENIERÍA DE PROCESOS,3302,5,PRODUCTIVIDAD PIEZAS / HOMBRE  ( CINTOS ),9.72 pzs/hom ,92 pzs/hom ,100 % ,5,1,,75,66.9,89.2 %
2026,1,306,14,JEFATURA DE INGENIERÍA DE PROCESOS,103 d,5,ROTACIÓN DE PERSONAL DE ÁREAS OPERATIVAS,5.6 % ,3 % ,0 % ,0,4,3 %  -  100 %<BR>3.5 %  -  90 %<BR>4 %  -  80 %,75,66.9,89.2 %
2026,1,306,7,JEFATURA DE INGENIERÍA DE PROCESOS,3101,5,PRODUCTIVIDAD PARES / HOMBRE ( BOTAS ),3.74 prs/hom ,3.50 prs/hom ,100 % ,5,1,,75,66.9,89.2 %
2026,1,306,5,JEFATURA DE INGENIERÍA DE PROCESOS,3313,10,PRESUPUESTO DE COSTO DE MANO DE OBRA DIRECTA EN CHAMARRAS,$ 452.95 ,$ 529.21 ,100 % ,10,2,,75,66.9,89.2 %
2026,1,103,8,JEFATURA DE PPCP,102 h,5,"AUDITORIA DE 5'S EN EL ÁREA DE PPCP",100 % ,100 % ,100 % ,5,1,Resultado Logrado,95,80,84.2 %
2026,1,103,1,JEFATURA DE PPCP,1301,25,ADMINISTRACIÓN DE LA DEMANDA DE BOTAS,4 semanas ,4 semanas ,100 % ,25,6,Resultado Logrado,95,80,84.2 %
2026,1,103,7,JEFATURA DE PPCP,1307,10,CUMPLIMIENTO DEL PRESUPUESTO EN AVÍOS <BR> ( MATERIALES GESTIONADOS POR PPCP ),"$ 3,234,921 ","$ 2,773,348 ",116.6 % ,0,4,Menor al 110 %,95,80,84.2 %
2026,1,103,2,JEFATURA DE PPCP,1302,10,ADMINISTRACIÓN DE LA DEMANDA DE CINTOS,3 semanas ,4 semanas ,75 % ,7.5,3,Resultado Logrado,95,80,84.2 %
2026,1,103,6,JEFATURA DE PPCP,1306,10,EFECTIVIDAD DE ÍTEMS NEGROS / AMARILLOS VS NECESIDAD EN PREMONTADO <BR> ( ÍTEMS SIN EXISTENCIA O PARCIALIDADES DE AVÍO QUE CONTROLA PPCP ),0 items ,1 item ,100 % ,10,2,,95,80,84.2 %
2026,1,103,10,JEFATURA DE PPCP,1005,,GPTW,NA , , ,,0,,95,80,84.2 %
2026,1,103,5,JEFATURA DE PPCP,1305,10,ADMINISTRACIÓN DE LA DEMANDA DE BOLSAS,4 semanas ,4 semanas ,100 % ,10,6,Resultado Logrado,95,80,84.2 %
2026,1,103,4,JEFATURA DE PPCP,1304,10,ADMINISTRACIÓN DE LA DEMANDA DE CHAMARRAS,4 semanas ,4 semanas ,100 % ,10,6,Resultado Logrado,95,80,84.2 %
2026,1,103,3,JEFATURA DE PPCP,1303,10,ADMINISTRACIÓN DE LA DEMANDA DE BILLETERAS,3 semanas ,4 semanas ,75 % ,7.5,3,Resultado Logrado,95,80,84.2 %
2026,1,103,9,JEFATURA DE PPCP,103 f,5,ROTACIÓN DE PERSONAL ADMINISTRATIVO,2.5 % ,3 % ,100 % ,5,2,3 %  -  100 %<BR>3.5 %  -  90 %<BR>4 %  -  80 %,95,80,84.2 %
2026,1,309,8,JEFATURA DE MAQUILAS,102 t,5,"AUDITORIA DE 5'S EN EL ÁREA DE MAQUILAS",97.1 % ,100 % ,97.1 % ,4.9,3,Resultado Logrado,85,66.4,78.1 %
2026,1,309,2,JEFATURA DE MAQUILAS,3902,15,CUMPLIMIENTO DE FECHAS DE ENTREGA DE MAQUILA EXTERNA DE CINTOS <BR> VS FECHAS ESTABLECIDAS DE ENTREGA <BR> ( MÁXIMO 13 DÍAS HÁBILES A PARTIR DE LA FECHA DE PROGRAMACIÓN ),92 % ,95 % ,90 % ,13.5,3,95 %  -  100 %<BR>90 %  -  90 %<BR>85 %  -  80 %,85,66.4,78.1 %
2026,1,309,3,JEFATURA DE MAQUILAS,3903,15,EFICIENCIA EN TIEMPO DE ENTREGA DE LOS PROVEEDORES DE AVÍOS <BR> ( CFI MÁXIMO 7 DÍAS HÁBILES Y MORAN MÁXIMO 8 DÍAS HÁBILES ),97 % ,95 % ,100 % ,15,1,95 %  -  100 %<BR>90 %  -  90 %<BR>85 %  -  80 %,85,66.4,78.1 %
2026,1,309,1,JEFATURA DE MAQUILAS,3901,20,CUMPLIMIENTO DE FECHAS DE ENTREGA DE BETA 7 <BR> VS FECHAS ESTABLECIDAS DE ENTREGA <BR> ( MÁXIMO 17 DÍAS HÁBILES A PARTIR DE LA FECHA DE PROGRAMACIÓN ),94.5 % ,95 % ,90 % ,18,3,95 %  -  100 %<BR>90 %  -  90 %<BR>85 %  -  80 %,85,66.4,78.1 %
2026,1,309,9,JEFATURA DE MAQUILAS,103 d,5,ROTACIÓN DE PERSONAL DE ÁREAS OPERATIVAS,5.6 % ,3 % ,0 % ,0,4,3 %  -  100 %<BR>3.5 %  -  90 %<BR>4 %  -  80 %,85,66.4,78.1 %
2026,1,309,4,JEFATURA DE MAQUILAS,3904,10,CUMPLIMIENTO EN EL REGRESOS DE MATERIALES SOBRANTES  AL ALMACÉN DE PIELES  <BR>  PARA PROGRAMAS DE BETA 7 <BR> ( REGRESOS EN UN MÁXIMO DE 28 DÍAS NATURALES DESPUÉS DE SU PROGRAMACIÓN ),100 % ,100 % ,100 % ,10,1,,85,66.4,78.1 %
2026,1,309,10,JEFATURA DE MAQUILAS,1005,,GPTW,NA , , ,,0,,85,66.4,78.1 %
2026,1,309,6,JEFATURA DE MAQUILAS,3906,5,EFICIENCIA EN LA ACTUALIZACIÓN DE COSTOS PARA MAQUILAS <BR> ( LOS COSTOS EN SISTEMA Y LOS DOCUMENTOS DE LA CARPETA DE ANEXOS  DEBEN<BR> SER ACTUALIZADOS EN MÁXIMO EN UNA SEMANA HÁBIL SIGUIENTE A SU RECEPCIÓN ),100 % ,100 % ,100 % ,5,1,,85,66.4,78.1 %
2026,1,309,5,JEFATURA DE MAQUILAS,3905,10,CUMPLIMIENTO EN EL REGRESOS DE MATERIALES  SOBRANTES AL ALMACÉN DE PIELES <BR> PARA PROGRAMAS DE MAQUILA EXTERNA DE CINTOS  <BR> ( REGRESOS EN UN MÁXIMO DE 21 DÍAS NATURALES DESPUÉS DE SU PROGRAMACIÓN ),75 % ,100 % ,0 % ,0,5,,85,66.4,78.1 %
2026,1,309,7,JEFATURA DE MAQUILAS,101 di,,AUDITORIAS INTERNAS DE MAQUILAS,NA , , ,,0,,85,66.4,78.1 %
2026,1,301,10,JEFATURA DE PRODUCCIÓN BOTAS I,102 l,5,"AUDITORIA DE 5'S EN EL ÁREA DE BOTAS I",95 % ,100 % ,95 % ,4.7,3,Resultado Logrado,70,62.6,89.4 %
2026,1,301,7,JEFATURA DE PRODUCCIÓN BOTAS I,3105,5,REPROCESOS EN PLANTA ( LINEA DE BOTAS ),2.9 % ,5 % ,100 % ,5,2,5 %  -  100 %<BR>6.5 %  -  80 %<BR>8 %  -  60 %,70,62.6,89.4 %
2026,1,301,8,JEFATURA DE PRODUCCIÓN BOTAS I,3106,7,BAJAS DE CALIDAD EN PRODUCCIÓN ( LINEA DE BOTAS ),0 % ,0.5 % ,100 % ,7,2,0.5 %  -  100 %<BR>1 %  -  80 %<BR>1.5 %  -  60 %,70,62.6,89.4 %
2026,1,301,6,JEFATURA DE PRODUCCIÓN BOTAS I,3104,5,EFECTIVIDAD EN ENTREGAS A PT ( ANTIGÜEDAD DE LOTES EN WIP ),91.8 % ,100 % ,91.8 % ,4.6,3,Resultado Logrado,70,62.6,89.4 %
2026,1,301,9,JEFATURA DE PRODUCCIÓN BOTAS I,101 da,,AUDITORIAS INTERNAS DE PRODUCCIÓN BOTAS I,NA , , ,,0,,70,62.6,89.4 %
2026,1,301,11,JEFATURA DE PRODUCCIÓN BOTAS I,103 b,5,ROTACIÓN DE PERSONAL DE BOTAS,4.9 % ,3 % ,0 % ,0,4,3 %  -  100 %<BR>3.5 %  -  90 %<BR>4 %  -  80 %,70,62.6,89.4 %
2026,1,301,12,JEFATURA DE PRODUCCIÓN BOTAS I,1005,,GPTW,NA , , ,,0,,70,62.6,89.4 %
2026,1,301,3,JEFATURA DE PRODUCCIÓN BOTAS I,3101,7,PRODUCTIVIDAD PARES / HOMBRE ( BOTAS ),3.74 prs/hom ,3.50 prs/hom ,100 % ,7,1,,70,62.6,89.4 %
2026,1,301,5,JEFATURA DE PRODUCCIÓN BOTAS I,3103,7,CUMPLIMIENTO DEL COSTO PRESUPUESTADO <BR> DE MATERIALES DIRECTOS E INDIRECTOS,100 % ,95 % ,100 % ,7,1,95 %  -  100 %<BR>94 %  -  80 %<BR>93 %  -  60 %,70,62.6,89.4 %
2026,1,301,1,JEFATURA DE PRODUCCIÓN BOTAS I,3001,22,PRODUCTIVIDAD DE BOTAS,"21,324 prs ","21,600 prs ",98.7 % ,21.7,3,Mayor al 70 %,70,62.6,89.4 %
2026,1,301,4,JEFATURA DE PRODUCCIÓN BOTAS I,3102,7,PRESUPUESTO DE COSTO DE MANO DE OBRA DIRECTA DE BOTAS,$ 248.90 ,$ 239.01 ,80 % ,5.6,3,,70,62.6,89.4 %
2026,1,302,10,JEFATURA DE PRODUCCIÓN BOTAS II,102 m,5,"AUDITORIA DE 5'S EN EL ÁREA DE BOTAS II",96.3 % ,100 % ,96.3 % ,4.8,3,Resultado Logrado,70,62.7,89.6 %
2026,1,302,4,JEFATURA DE PRODUCCIÓN BOTAS II,3102,7,PRESUPUESTO DE COSTO DE MANO DE OBRA DIRECTA DE BOTAS,$ 248.90 ,$ 239.01 ,80 % ,5.6,3,,70,62.7,89.6 %
2026,1,302,9,JEFATURA DE PRODUCCIÓN BOTAS II,101 db,,AUDITORIAS INTERNAS DE PRODUCCIÓN BOTAS II,NA , , ,,0,,70,62.7,89.6 %
2026,1,302,12,JEFATURA DE PRODUCCIÓN BOTAS II,1005,,GPTW,NA , , ,,0,,70,62.7,89.6 %
2026,1,302,11,JEFATURA DE PRODUCCIÓN BOTAS II,103 b,5,ROTACIÓN DE PERSONAL DE BOTAS,4.9 % ,3 % ,0 % ,0,4,3 %  -  100 %<BR>3.5 %  -  90 %<BR>4 %  -  80 %,70,62.7,89.6 %
2026,1,302,8,JEFATURA DE PRODUCCIÓN BOTAS II,3106,7,BAJAS DE CALIDAD EN PRODUCCIÓN ( LINEA DE BOTAS ),0 % ,0.5 % ,100 % ,7,2,0.5 %  -  100 %<BR>1 %  -  80 %<BR>1.5 %  -  60 %,70,62.7,89.6 %
2026,1,302,5,JEFATURA DE PRODUCCIÓN BOTAS II,3103,7,CUMPLIMIENTO DEL COSTO PRESUPUESTADO <BR> DE MATERIALES DIRECTOS E INDIRECTOS,100 % ,95 % ,100 % ,7,1,95 %  -  100 %<BR>94 %  -  80 %<BR>93 %  -  60 %,70,62.7,89.6 %
2026,1,302,7,JEFATURA DE PRODUCCIÓN BOTAS II,3105,5,REPROCESOS EN PLANTA ( LINEA DE BOTAS ),2.9 % ,5 % ,100 % ,5,2,5 %  -  100 %<BR>6.5 %  -  80 %<BR>8 %  -  60 %,70,62.7,89.6 %
2026,1,302,1,JEFATURA DE PRODUCCIÓN BOTAS II,3001,22,PRODUCTIVIDAD DE BOTAS,"21,324 prs ","21,600 prs ",98.7 % ,21.7,3,Mayor al 70 %,70,62.7,89.6 %
2026,1,302,6,JEFATURA DE PRODUCCIÓN BOTAS II,3104,5,EFECTIVIDAD EN ENTREGAS A PT ( ANTIGÜEDAD DE LOTES EN WIP ),91.8 % ,100 % ,91.8 % ,4.6,3,Resultado Logrado,70,62.7,89.6 %
2026,1,302,3,JEFATURA DE PRODUCCIÓN BOTAS II,3101,7,PRODUCTIVIDAD PARES / HOMBRE ( BOTAS ),3.74 prs/hom ,3.50 prs/hom ,100 % ,7,1,,70,62.7,89.6 %
2026,2,100,6,DIRECCIÓN MBC,1006,,SUSSESION PLAN ( PLAN DE SUCESIÓN PARA GERENTES ),NA , , ,,0,,70,66.6,95.1 %
2026,2,100,3,DIRECCIÓN MBC,1003,,UTILIDADES DE OPERACIÓN CORPORATIVA,NA , , ,,0,,70,66.6,95.1 %
2026,2,100,2,DIRECCIÓN MBC,1002,36,UTILIDADES DE OPERACIÓN,"$ 37,995,225 ","$ 33,362,087 ",113.9 % ,36,1,Mayor al 70 %,70,66.6,95.1 %
2026,2,100,1,DIRECCIÓN MBC,1001,10,VENTAS NETAS,"$ 139,788,056 ","$ 130,007,496 ",107.5 % ,10,1,Mayor al 70 %,70,66.6,95.1 %
2026,2,100,9,DIRECCIÓN MBC,1009,6,VENTAS DEPARTAMENTALES,"$ 2,261,499 ","$ 2,434,687 ",92.9 % ,5.6,3,Mayor al  %,70,66.6,95.1 %
2026,2,100,5,DIRECCIÓN MBC,1005,,GPTW,NA , , ,,0,,70,66.6,95.1 %
2026,2,100,12,DIRECCIÓN MBC,1012,,DYNAMICS ( ERP MBC ),NA , , ,,0,,70,66.6,95.1 %
2026,2,100,11,DIRECCIÓN MBC,1011,5,PROCESOS ( MAPEO DE PROCESOS ),100 % ,80 % ,100 % ,5,1,Mayor al 80 %,70,66.6,95.1 %
2026,2,100,8,DIRECCIÓN MBC,1008,,TALEN REVIEW JEFATURAS ( INICIO DE PLAN ),NA , , ,,0,,70,66.6,95.1 %
2026,2,100,7,DIRECCIÓN MBC,1007,,TALEN REVIEW GERENCIAS ( PLAN DE DESARROLLO  ),NA , , ,,0,,70,66.6,95.1 %
2026,2,100,4,DIRECCIÓN MBC,1004,10,FLUJO DE EFECTIVO,105.5 % ,80 % ,105.5 % ,10,1,Mayor al 80 %,70,66.6,95.1 %
2026,2,100,10,DIRECCIÓN MBC,1010,3,INVERSIONES ( EFICIENCIA OPERATIVA TESEO ),41 % ,75 % ,41 % ,0,5,Mayor al 75 %,70,66.6,95.1 %
2026,2,200,4,GERENCIA ADMINISTRATIVA,2001,8,GASTOS DE ADMINISTRACIÓN,"$ 2,926,150 ","$ 3,264,607 ",89.6 % ,8,2,Menor al 130 %,67,66.2,98.8 %
2026,2,200,14,GERENCIA ADMINISTRATIVA,101 c,,AUDITORIAS INTERNAS ADMINISTRATIVAS,NA , , ,,0,,67,66.2,98.8 %
2026,2,200,13,GERENCIA ADMINISTRATIVA,1012,,DYNAMICS ( ERP MBC ),NA , , ,,0,,67,66.2,98.8 %
2026,2,200,11,GERENCIA ADMINISTRATIVA,1008,,TALEN REVIEW JEFATURAS ( INICIO DE PLAN ),NA , , ,,0,,67,66.2,98.8 %
2026,2,200,15,GERENCIA ADMINISTRATIVA,102 b,8,"AUDITORIAS DE 5'S EN LAS ÁREAS DE ADMINISTRACION",93.5 % ,95 % ,90 % ,7.2,3,95 %  -  100 %<BR>90 %  -  90 %<BR>85 %  -  80 %,67,66.2,98.8 %
2026,2,200,16,GERENCIA ADMINISTRATIVA,103 f,3,ROTACIÓN DE PERSONAL ADMINISTRATIVO,1.2 % ,3 % ,100 % ,3,2,3 %  -  100 %<BR>3.5 %  -  90 %<BR>4 %  -  80 %,67,66.2,98.8 %
2026,2,200,7,GERENCIA ADMINISTRATIVA,2004,4,CUENTAS POR COBRAR,54.3 dias ,60 dias ,90.5 % ,4,2,Menor al 130 %,67,66.2,98.8 %
2026,2,200,6,GERENCIA ADMINISTRATIVA,2003,5,GASTOS DE VENTA  ( GASTOS FIJOS QUE NO DEPENDEN DE LA VENTA ),"$ 2,081,943 ","$ 2,171,125 ",95.9 % ,5,2,Menor al 130 %,67,66.2,98.8 %
2026,2,200,8,GERENCIA ADMINISTRATIVA,2005,4,CUENTAS POR PAGAR,31.9 dias ,40 dias ,79.7 % ,4,2,Menor al 130 %,67,66.2,98.8 %
2026,2,200,5,GERENCIA ADMINISTRATIVA,2002,8,GASTOS DE CENTRO DE SERVICIOS,"$ 1,300,077 ","$ 1,300,075 ",100 % ,8,3,Menor al 130 %,67,66.2,98.8 %
2026,2,200,3,GERENCIA ADMINISTRATIVA,1004,8,FLUJO DE EFECTIVO,105.5 % ,80 % ,105.5 % ,8,1,Mayor al 80 %,67,66.2,98.8 %
2026,2,200,17,GERENCIA ADMINISTRATIVA,1005,,GPTW,NA , , ,,0,,67,66.2,98.8 %
2026,2,200,10,GERENCIA ADMINISTRATIVA,1007,,TALEN REVIEW GERENCIAS ( PLAN DE DESARROLLO  ),NA , , ,,0,,67,66.2,98.8 %
2026,2,200,9,GERENCIA ADMINISTRATIVA,1006,,SUSSESION PLAN ( PLAN DE SUCESIÓN PARA GERENTES ),NA , , ,,0,,67,66.2,98.8 %
2026,2,200,1,GERENCIA ADMINISTRATIVA,1001,5,VENTAS NETAS,"$ 139,788,056 ","$ 130,007,496 ",107.5 % ,5,1,Mayor al 70 %,67,66.2,98.8 %
2026,2,200,12,GERENCIA ADMINISTRATIVA,1011,4,PROCESOS ( MAPEO DE PROCESOS ),100 % ,80 % ,100 % ,4,1,Mayor al 80 %,67,66.2,98.8 %
2026,2,200,2,GERENCIA ADMINISTRATIVA,1002,10,UTILIDADES DE OPERACIÓN,"$ 37,995,225 ","$ 33,362,087 ",113.9 % ,10,1,Mayor al 70 %,67,66.2,98.8 %
2026,2,1,14,MBC,101,5,AUDITORIAS INTERNAS ( MBC ),82.3 % ,85 % ,82.3 % ,0,5,Mayor al 85 %,75,63.6,84.8 %
2026,2,1,15,MBC,102 a,3,"AUDITORIAS DE 5'S ( MBC )",90.8 % ,95 % ,90 % ,2.7,3,95 %  -  100 %<BR>90 %  -  90 %<BR>85 %  -  80 %,75,63.6,84.8 %
2026,2,1,3,MBC,1003,,UTILIDADES DE OPERACIÓN CORPORATIVA,NA , , ,,0,,75,63.6,84.8 %
2026,2,1,11,MBC,1006,,SUSSESION PLAN ( PLAN DE SUCESIÓN PARA GERENTES ),NA , , ,,0,,75,63.6,84.8 %
2026,2,1,17,MBC,1005,,GPTW,NA , , ,,0,,75,63.6,84.8 %
2026,2,1,10,MBC,3009,3,BAJAS DE CALIDAD ( DEVOLUCIONES MAS BAJAS ),1.6 % ,0.5 % ,0 % ,0,4,0.5 %  -  100 %<BR>1 %  -  85 %<BR>1.5 %  -  70 %,75,63.6,84.8 %
2026,2,1,16,MBC,103 a,3,ROTACIÓN DE PERSONAL MBC,3.2 % ,3 % ,90 % ,2.7,3,3 %  -  100 %<BR>3.5 %  -  90 %<BR>4 %  -  80 %,75,63.6,84.8 %
2026,2,1,12,MBC,1007,,TALEN REVIEW GERENCIAS ( PLAN DE DESARROLLO  ),NA , , ,,0,,75,63.6,84.8 %
2026,2,1,2,MBC,1002,40,UTILIDADES DE OPERACIÓN,"$ 37,995,225 ","$ 33,362,087 ",113.9 % ,40,1,Mayor al 70 %,75,63.6,84.8 %
2026,2,1,4,MBC,104,3,DÍAS DE WIP  |  BOTAS & ACCESORIOS,11.8 | 6.1 ,12 | 7 ,100 | 100 ,3,2,12 | 7  -  100 %<BR>13 | 8  -  80 %<BR>14 | 9  -  60 %,75,63.6,84.8 %
2026,2,1,7,MBC,105,4,ENTREGAS A TIEMPO  |  TIENDAS CUADRA & CORRAL,83.2 | 88.8 ,95 % ,0 | 60 ,1.2,3,95 %  -  100 %<BR>90 %  -  80 %<BR>85 %  -  60 %,75,63.6,84.8 %
2026,2,1,1,MBC,1001,10,VENTAS NETAS,"$ 139,788,056 ","$ 130,007,496 ",107.5 % ,10,1,Mayor al 70 %,75,63.6,84.8 %
2026,2,1,13,MBC,1011,4,PROCESOS ( MAPEO DE PROCESOS ),100 % ,80 % ,100 % ,4,1,Mayor al 80 %,75,63.6,84.8 %
2026,2,300,5,GERENCIA OPERATIVA,3003,3,PRODUCTIVIDAD DE BILLETERAS,"6,315 pzs ","6,270 pzs ",100.7 % ,3,1,Mayor al 70 %,77,57.1,74.2 %
2026,2,300,8,GERENCIA OPERATIVA,3006,6,DÍAS DE WIP  |  BOTAS Y ACCESORIOS,11.8 | 6.1 ,12 | 7 ,100 | 100 ,6,2,12 | 7  -  100 %<BR>13 | 8  -  80 %<BR>14 | 9  -  60 %,77,57.1,74.2 %
2026,2,300,21,GERENCIA OPERATIVA,1005,,GPTW,NA , , ,,0,,77,57.1,74.2 %
2026,2,300,1,GERENCIA OPERATIVA,1001,5,VENTAS NETAS,"$ 139,788,056 ","$ 130,007,496 ",107.5 % ,5,1,Mayor al 70 %,77,57.1,74.2 %
2026,2,300,4,GERENCIA OPERATIVA,3002,4,PRODUCTIVIDAD DE CINTOS,"15,295 pzs ","15,580 pzs ",98.2 % ,3.9,3,Mayor al 70 %,77,57.1,74.2 %
2026,2,300,11,GERENCIA OPERATIVA,3009,4,BAJAS DE CALIDAD ( DEVOLUCIONES MAS BAJAS ),1.6 % ,0.5 % ,0 % ,0,4,0.5 %  -  100 %<BR>1 %  -  85 %<BR>1.5 %  -  70 %,77,57.1,74.2 %
2026,2,300,10,GERENCIA OPERATIVA,3008,4,ENTREGAS A TIEMPO  |  TIENDAS CUADRA Y CORRAL,83.2 | 88.8 ,95 % ,0 | 60 ,1.2,3,95 %  -  100 %<BR>90 %  -  80 %<BR>85 %  -  60 %,77,57.1,74.2 %
2026,2,300,17,GERENCIA OPERATIVA,1012,,DYNAMICS ( ERP MBC ),NA , , ,,0,,77,57.1,74.2 %
2026,2,300,12,GERENCIA OPERATIVA,1006,,SUSSESION PLAN ( PLAN DE SUCESIÓN PARA GERENTES ),NA , , ,,0,,77,57.1,74.2 %
2026,2,300,14,GERENCIA OPERATIVA,1008,,TALEN REVIEW JEFATURAS ( INICIO DE PLAN ),NA , , ,,0,,77,57.1,74.2 %
2026,2,300,6,GERENCIA OPERATIVA,3004,4,PRODUCTIVIDAD DE CHAMARRAS,"2,740 pzs ","2,527 pzs ",108.4 % ,4,1,Mayor al 70 %,77,57.1,74.2 %
2026,2,300,9,GERENCIA OPERATIVA,3007,7,COSTO DE VENTA,63 % ,65 % ,96.9 % ,7,2,Menor al 130 %,77,57.1,74.2 %
2026,2,300,20,GERENCIA OPERATIVA,103 e,4,ROTACIÓN DE PERSONAL OPERACIONES,3.3 % ,3 % ,90 % ,3.6,3,3 %  -  100 %<BR>3.5 %  -  90 %<BR>4 %  -  80 %,77,57.1,74.2 %
2026,2,300,15,GERENCIA OPERATIVA,1010,5,INVERSIONES ( EFICIENCIA OPERATIVA TESEO ),41 % ,75 % ,41 % ,0,5,Mayor al 75 %,77,57.1,74.2 %
2026,2,300,3,GERENCIA OPERATIVA,3001,7,PRODUCTIVIDAD DE BOTAS,"22,500 prs ","22,800 prs ",98.7 % ,6.9,3,Mayor al 70 %,77,57.1,74.2 %
2026,2,300,7,GERENCIA OPERATIVA,3005,3,PRODUCTIVIDAD DE BOLSAS,"3,614 pzs ","3,496 pzs ",103.4 % ,3,1,Mayor al 70 %,77,57.1,74.2 %
2026,2,300,16,GERENCIA OPERATIVA,1011,4,PROCESOS ( MAPEO DE PROCESOS ),100 % ,80 % ,100 % ,4,1,Mayor al 80 %,77,57.1,74.2 %
2026,2,300,18,GERENCIA OPERATIVA,101 d,7,AUDITORIAS INTERNAS OPERATIVAS,82.3 % ,85 % ,82.3 % ,0,5,Mayor al 85 %,77,57.1,74.2 %
2026,2,300,13,GERENCIA OPERATIVA,1007,,TALEN REVIEW GERENCIAS ( PLAN DE DESARROLLO  ),NA , , ,,0,,77,57.1,74.2 %
2026,2,300,19,GERENCIA OPERATIVA,102 c,5,"AUDITORIAS DE 5'S EN LAS ÁREAS DE OPERACIONES",90.8 % ,95 % ,90 % ,4.5,3,95 %  -  100 %<BR>90 %  -  90 %<BR>85 %  -  80 %,77,57.1,74.2 %
2026,2,300,2,GERENCIA OPERATIVA,1002,5,UTILIDADES DE OPERACIÓN,"$ 37,995,225 ","$ 33,362,087 ",113.9 % ,5,1,Mayor al 70 %,77,57.1,74.2 %
2026,2,104,10,JEFATURA DE LOGÍSTICA,102 i,5,"AUDITORIA DE 5'S EN EL ÁREA DE LOGÍSTICA",72.3 % ,100 % ,72.3 % ,3.6,3,Resultado Logrado,71,45.8,64.5 %
2026,2,104,1,JEFATURA DE LOGÍSTICA,1001,25,VENTAS NETAS,"$ 139,788,056 ","$ 130,007,496 ",107.5 % ,25,1,Mayor al 70 %,71,45.8,64.5 %
2026,2,104,9,JEFATURA DE LOGÍSTICA,101 b,,AUDITORIAS INTERNAS DE LOGÍSTICA,NA , , ,,0,,71,45.8,64.5 %
2026,2,104,8,JEFATURA DE LOGÍSTICA,1405,5,SERVICIO MARKETPLACE,0 % ,80 % ,0 % ,0,5,Mayor al 80 %,71,45.8,64.5 %
2026,2,104,4,JEFATURA DE LOGÍSTICA,1403,8,DÍAS DE PISO NACIONAL,40.1 dias ,35 dias ,0 % ,0,4,35 dias  -  100 %<BR>37.5 dias  -  80 %<BR>40 dias  -  60 %,71,45.8,64.5 %
2026,2,104,7,JEFATURA DE LOGÍSTICA,1404,5,SERVICIO DISTRIBUIDORES MX,0 % ,80 % ,0 % ,0,5,Mayor al 80 %,71,45.8,64.5 %
2026,2,104,3,JEFATURA DE LOGÍSTICA,1402,10,ROTACIÓN INVENTARIO MTS,0.4 vueltas ,0.8 vueltas ,43.2 % ,4.3,3,Resultado Logrado,71,45.8,64.5 %
2026,2,104,12,JEFATURA DE LOGÍSTICA,1005,,GPTW,NA , , ,,0,,71,45.8,64.5 %
2026,2,104,11,JEFATURA DE LOGÍSTICA,103 d,5,ROTACIÓN DE PERSONAL DE ÁREAS OPERATIVAS,0.5 % ,3 % ,100 % ,5,2,3 %  -  100 %<BR>3.5 %  -  90 %<BR>4 %  -  80 %,71,45.8,64.5 %
2026,2,104,2,JEFATURA DE LOGÍSTICA,1401,8,VENTAS POR LÍNEA,98.7 % ,80 % ,98.7 % ,7.9,3,Mayor al 80 %,71,45.8,64.5 %
2026,2,201,10,JEFATURA DE CONTABILIDAD,103 f,5,ROTACIÓN DE PERSONAL ADMINISTRATIVO,1.2 % ,3 % ,100 % ,5,2,3 %  -  100 %<BR>3.5 %  -  90 %<BR>4 %  -  80 %,85,82,96.5 %
2026,2,201,9,JEFATURA DE CONTABILIDAD,102 j,5,"AUDITORIA DE 5'S EN EL ÁREA DE ADMINISTRACIÓN",96.7 % ,100 % ,96.7 % ,4.8,3,Resultado Logrado,85,82,96.5 %
2026,2,201,3,JEFATURA DE CONTABILIDAD,2004,5,CUENTAS POR COBRAR,54.3 dias ,60 dias ,90.5 % ,5,2,Menor al 130 %,85,82,96.5 %
2026,2,201,5,JEFATURA DE CONTABILIDAD,2101,15,EFECTIVIDAD EN EL CUMPLIMIENTO DE NOTAS DE CRÉDITO POR PRONTO PAGO,81 % ,70 % ,81 % ,12.2,3,Mayor al 70 %,85,82,96.5 %
2026,2,201,1,JEFATURA DE CONTABILIDAD,1002,5,UTILIDADES DE OPERACIÓN,"$ 37,995,225 ","$ 33,362,087 ",113.9 % ,5,1,Mayor al 70 %,85,82,96.5 %
2026,2,201,4,JEFATURA DE CONTABILIDAD,2005,5,CUENTAS POR PAGAR,31.9 dias ,40 dias ,79.7 % ,5,2,Menor al 130 %,85,82,96.5 %
2026,2,201,11,JEFATURA DE CONTABILIDAD,1005,,GPTW,NA , , ,,0,,85,82,96.5 %
2026,2,201,8,JEFATURA DE CONTABILIDAD,101 c,,AUDITORIAS INTERNAS ADMINISTRATIVAS,NA , , ,,0,,85,82,96.5 %
2026,2,201,2,JEFATURA DE CONTABILIDAD,1004,5,FLUJO DE EFECTIVO,105.5 % ,80 % ,105.5 % ,5,1,Mayor al 80 %,85,82,96.5 %
2026,2,201,7,JEFATURA DE CONTABILIDAD,2103,20,PRESENTACIÓN DE IMPUESTOS,100 % ,100 % ,100 % ,20,1,Mayor al 100 %,85,82,96.5 %
2026,2,201,6,JEFATURA DE CONTABILIDAD,2102,20,ENTREGA DE CIERRE MENSUAL,100 % ,80 % ,100 % ,20,1,Mayor al 80 %,85,82,96.5 %
2026,2,102,3,JEFATURA DE CALIDAD,1202,20,CALIFICACIÓN REPETIBILIDAD & REPRODUCIBILIDAD <BR> ( UNIFICACIÓN DE CRITERIOS DE INSPECCIÓN ),91 % ,95 % ,85 % ,17,3,95 %  -  100 %<BR>85 %  -  85 %<BR>75 %  -  75 %,95,57.8,60.8 %
2026,2,102,2,JEFATURA DE CALIDAD,1201,30,"PORCENTAJE DE EFECTIVIDAD 'BIEN A LA PRIMERA'",85.2 % ,95 % ,70 % ,21,3,95 %  -  100 %<BR>90 %  -  80 %<BR>80 %  -  70 %,95,57.8,60.8 %
2026,2,102,4,JEFATURA DE CALIDAD,1203,10,PORCENTAJE DE EFECTIVIDAD EN <BR> LOS PUNTOS DE INSPECCIÓN DEL PRODUCTO,97.9 % ,95 % ,100 % ,10,1,95 %  -  100 %<BR>90 %  -  80 %<BR>80 %  -  70 %,95,57.8,60.8 %
2026,2,102,6,JEFATURA DE CALIDAD,103 d,5,ROTACIÓN DE PERSONAL DE ÁREAS OPERATIVAS,0.5 % ,3 % ,100 % ,5,2,3 %  -  100 %<BR>3.5 %  -  90 %<BR>4 %  -  80 %,95,57.8,60.8 %
2026,2,102,1,JEFATURA DE CALIDAD,3009,25,BAJAS DE CALIDAD ( DEVOLUCIONES MAS BAJAS ),1.6 % ,0.5 % ,0 % ,0,4,0.5 %  -  100 %<BR>1 %  -  85 %<BR>1.5 %  -  70 %,95,57.8,60.8 %
2026,2,102,7,JEFATURA DE CALIDAD,1005,,GPTW,NA , , ,,0,,95,57.8,60.8 %
2026,2,102,5,JEFATURA DE CALIDAD,102 g,5,"AUDITORIA DE 5'S EN EL ÁREA DE CALIDAD",95.3 % ,100 % ,95.3 % ,4.8,3,Resultado Logrado,95,57.8,60.8 %
2026,2,400,5,GERENCIA DE CAPITAL HUMANO,1011,5,PROCESOS ( MAPEO DE PROCESOS ),100 % ,80 % ,100 % ,5,1,Mayor al 80 %,30,26.5,88.3 %
2026,2,400,6,GERENCIA DE CAPITAL HUMANO,101 e,,AUDITORIAS INTERNAS CAPITAL HUMANO,NA , , ,,0,,30,26.5,88.3 %
2026,2,400,7,GERENCIA DE CAPITAL HUMANO,102 d,10,"AUDITORIAS DE 5'S EN LAS ÁREAS DE CAPITAL HUMANO",89.1 % ,95 % ,80 % ,8,3,95 %  -  100 %<BR>90 %  -  90 %<BR>85 %  -  80 %,30,26.5,88.3 %
2026,2,400,3,GERENCIA DE CAPITAL HUMANO,1007,,TALEN REVIEW GERENCIAS ( PLAN DE DESARROLLO  ),NA , , ,,0,,30,26.5,88.3 %
2026,2,400,2,GERENCIA DE CAPITAL HUMANO,1006,,SUSSESION PLAN ( PLAN DE SUCESIÓN PARA GERENTES ),NA , , ,,0,,30,26.5,88.3 %
2026,2,400,8,GERENCIA DE CAPITAL HUMANO,1005,,GPTW,NA , , ,,0,,30,26.5,88.3 %
2026,2,400,4,GERENCIA DE CAPITAL HUMANO,1008,,TALEN REVIEW JEFATURAS ( INICIO DE PLAN ),NA , , ,,0,,30,26.5,88.3 %
2026,2,400,1,GERENCIA DE CAPITAL HUMANO,103 a,15,ROTACIÓN DE PERSONAL MBC,3.2 % ,3 % ,90 % ,13.5,3,3 %  -  100 %<BR>3.5 %  -  90 %<BR>4 %  -  80 %,30,26.5,88.3 %
2026,2,101,9,JEFATURA DE COMPRAS,101 a,,AUDITORIAS INTERNAS DE COMPRAS,NA , , ,,0,,77,64.5,83.8 %
2026,2,101,13,JEFATURA DE COMPRAS,103 d,5,ROTACIÓN DE PERSONAL DE ÁREAS OPERATIVAS,0.5 % ,3 % ,100 % ,5,2,3 %  -  100 %<BR>3.5 %  -  90 %<BR>4 %  -  80 %,77,64.5,83.8 %
2026,2,101,12,JEFATURA DE COMPRAS,102 f,5,"AUDITORIA DE 5'S EN EL ÁREA DE COMPRAS",94.5 % ,100 % ,94.5 % ,4.7,3,Resultado Logrado,77,64.5,83.8 %
2026,2,101,8,JEFATURA DE COMPRAS,2005,5,CUENTAS POR PAGAR,31.9 dias ,40 dias ,79.7 % ,5,2,Menor al 130 %,77,64.5,83.8 %
2026,2,101,5,JEFATURA DE COMPRAS,1105,20,PIEZAS PLANEADAS VS PIEZAS PROGRAMADAS,88.8 % ,80 % ,88.8 % ,17.8,3,Mayor al 80 %,77,64.5,83.8 %
2026,2,101,3,JEFATURA DE COMPRAS,1103,7,PARES PROGRAMADOS VS PARES NO SURTIDOS DE BOTAS,99 % ,99 % ,100 % ,7,1,99 %  -  100 %<BR>97 %  -  90 %<BR>95 %  -  80 %,77,64.5,83.8 %
2026,2,101,1,JEFATURA DE COMPRAS,1101,20,PRESUPUESTO DEL INVENTARIO DEL ALMACÉN DE PIELES,"$ 81,029,248 ","$ 84,011,412 ",96.5 % ,20,2,Menor al 110 %,77,64.5,83.8 %
2026,2,101,2,JEFATURA DE COMPRAS,1102,5,PRESUPUESTO DEL INVENTARIO DEL ALMACÉN DE MATERIA PRIMA,"$ 27,384,662 ","$ 20,381,656 ",134.4 % ,0,4,Menor al 110 %,77,64.5,83.8 %
2026,2,101,6,JEFATURA DE COMPRAS,1106,5,CIERRE DE INVENTARIO DEL ALMACÉN DE PIELES,3 días hab. ,3 días hab. ,100 % ,5,2,,77,64.5,83.8 %
2026,2,101,14,JEFATURA DE COMPRAS,1005,,GPTW,NA , , ,,0,,77,64.5,83.8 %
2026,2,101,7,JEFATURA DE COMPRAS,1107,5,CIERRE DE INVENTARIO DEL ALMACÉN DE MATERIA PRIMA,4 días hab. ,3 días hab. ,0 % ,0,4,,77,64.5,83.8 %
2026,2,304,3,JEFATURA DE DESARROLLO BOTAS,3403,,CUMPLIMIENTO EN EL CALENDARIO DE LIBERACIONES <BR> VS CALENDARIO ESTABLECIDO BOTAS ( RESULTADO SEMESTRAL ),NA , , ,,0,,49,32.9,67.1 %
2026,2,304,5,JEFATURA DE DESARROLLO BOTAS,3405,,CUMPLIMIENTO DE ENTREGABLES <BR> EN LA ETAPA DE MUESTRAS A INGENIERIA DE COSTOS Y SISTEMAS,NA , , ,,0,,49,32.9,67.1 %
2026,2,304,4,JEFATURA DE DESARROLLO BOTAS,3404,9,CUMPLIMIENTO DE ANÁLISIS DE  VIABILIDAD Y FACTIBILIDAD,100 % ,100 % ,100 % ,9,1,Resultado Logrado,49,32.9,67.1 %
2026,2,304,14,JEFATURA DE DESARROLLO BOTAS,103 d,5,ROTACIÓN DE PERSONAL DE ÁREAS OPERATIVAS,0.5 % ,3 % ,100 % ,5,2,3 %  -  100 %<BR>3.5 %  -  90 %<BR>4 %  -  80 %,49,32.9,67.1 %
2026,2,304,6,JEFATURA DE DESARROLLO BOTAS,3406,,ENTREGA DE MUESTRAS VS CALENDARIO ESTABLECIDO BOTAS,NA , , ,,0,,49,32.9,67.1 %
2026,2,304,12,JEFATURA DE DESARROLLO BOTAS,101 dd,10,AUDITORIAS INTERNAS DE DESARROLLO BOTAS,74.6 % ,85 % ,74.6 % ,0,5,Mayor al 85 %,49,32.9,67.1 %
2026,2,304,11,JEFATURA DE DESARROLLO BOTAS,3411,8,PORCENTAJE DE REPROCESOS EN MUESTRAS Y LOTES PILOTO DE BOTAS,56.5 % ,100 % ,56.5 % ,4.5,3,Resultado Logrado,49,32.9,67.1 %
2026,2,304,13,JEFATURA DE DESARROLLO BOTAS,102 o,5,"AUDITORIA DE 5'S EN EL ÁREA DE DESARROLLO BOTAS",94.9 % ,100 % ,94.9 % ,4.7,3,Resultado Logrado,49,32.9,67.1 %
2026,2,304,10,JEFATURA DE DESARROLLO BOTAS,3410,4,CUMPLIMIENTO DE ENTREGA DE PRECOSTEO BOTAS,87.5 % ,100 % ,87.5 % ,3.5,3,Resultado Logrado,49,32.9,67.1 %
2026,2,304,8,JEFATURA DE DESARROLLO BOTAS,3408,,CUMPLIMIENTO DE ENTREGAS DE PAQUETES TÉCNICOS CONFORME A CALENDARIO DE ENTREGA DE BETA 7,NA , , ,,0,,49,32.9,67.1 %
2026,2,304,7,JEFATURA DE DESARROLLO BOTAS,3407,4,EFECTIVIDAD EN EL PAQUETE TÉCNICO <BR> Y ENTREGABLES EN LA LIBERACIÓN DEL MODELO A PRODUCCIÓN,80 % ,100 % ,80 % ,3.2,3,Resultado Logrado,49,32.9,67.1 %
2026,2,304,9,JEFATURA DE DESARROLLO BOTAS,3409,4,"CUMPLIMIENTO EN LOS AVANCES DE WIP EN SISTEMA, <BR> 12 DÍAS EN BOTAS PROTOTIPOS, MUESTRAS Y LOTES PILOTO",75 % ,100 % ,75 % ,3,3,Resultado Logrado,49,32.9,67.1 %
2026,2,304,15,JEFATURA DE DESARROLLO BOTAS,1005,,GPTW,NA , , ,,0,,49,32.9,67.1 %
2026,2,304,2,JEFATURA DE DESARROLLO BOTAS,3402,,CUMPLIMIENTO EN EL CALENDARIO DE AMEF <BR> VS CALENDARIO ESTABLECIDO,NA , , ,,0,,49,32.9,67.1 %
2026,2,304,1,JEFATURA DE DESARROLLO BOTAS,3401,,ENTREGA DE PROTOTIPOS VS CALENDARIO BOTAS,NA , , ,,0,,49,32.9,67.1 %
2026,2,308,1,JEFATURA DE MANTENIMIENTO,3801,20,CUMPLIMIENTO  DEL PLAN DE <BR> MANTENIMIENTO PREVENTIVO VS CALENDARIO,98.6 % ,100 % ,98.6 % ,19.7,3,Resultado Logrado,85,81.8,96.2 %
2026,2,308,2,JEFATURA DE MANTENIMIENTO,3802,15,ADMINISTRAR EL MANTENIMIENTO CORRECTIVO,98.8 % ,100 % ,98.8 % ,14.8,3,Resultado Logrado,85,81.8,96.2 %
2026,2,308,8,JEFATURA DE MANTENIMIENTO,101 dh,,AUDITORIAS INTERNAS DE MANTENIMIENTO,NA , , ,,0,,85,81.8,96.2 %
2026,2,308,3,JEFATURA DE MANTENIMIENTO,3803,15,MANTENIMIENTO PREDICTIVO,95 % ,100 % ,95 % ,14.3,3,Resultado Logrado,85,81.8,96.2 %
2026,2,308,7,JEFATURA DE MANTENIMIENTO,3807,5,COMPARATIVO DEL GASTO REAL CONTRA LO PLANEADO,-1.2 % ,5 % ,100 % ,5,2,,85,81.8,96.2 %
2026,2,308,4,JEFATURA DE MANTENIMIENTO,3804,10,MANTENIMIENTO AUTÓNOMO,95 % ,100 % ,95 % ,9.5,3,Resultado Logrado,85,81.8,96.2 %
2026,2,308,6,JEFATURA DE MANTENIMIENTO,3806,5,CONTROLAR Y ADMINISTRAR INVENTARIOS DE REFACCIONES,0 items ,5 item ,100 % ,5,2,,85,81.8,96.2 %
2026,2,308,9,JEFATURA DE MANTENIMIENTO,102 s,5,"AUDITORIA DE 5'S EN EL ÁREA DE MANTENIMIENTO",69.1 % ,100 % ,69.1 % ,3.5,3,Resultado Logrado,85,81.8,96.2 %
2026,2,308,5,JEFATURA DE MANTENIMIENTO,3805,5,CONTROLAR Y ADMINISTRAR INVENTARIOS DE MAQUINARIA,0 maquinas ,0 maquinas ,100 % ,5,2,,85,81.8,96.2 %
2026,2,308,11,JEFATURA DE MANTENIMIENTO,1005,,GPTW,NA , , ,,0,,85,81.8,96.2 %
2026,2,308,10,JEFATURA DE MANTENIMIENTO,103 d,5,ROTACIÓN DE PERSONAL DE ÁREAS OPERATIVAS,0.5 % ,3 % ,100 % ,5,2,3 %  -  100 %<BR>3.5 %  -  90 %<BR>4 %  -  80 %,85,81.8,96.2 %
2026,2,303,6,JEFATURA DE PRODUCCIÓN ACCESORIOS,3305,1.25,EFECTIVIDAD EN ENTREGAS A PT CINTOS ( ANTIGÜEDAD DE LOTES EN WIP ),99.7 % ,100 % ,99.7 % ,1.2,3,Resultado Logrado,85,85.3,100.4 %
2026,2,303,21,JEFATURA DE PRODUCCIÓN ACCESORIOS,3317,1.75,PRODUCTIVIDAD PIEZAS / HOMBRE  ( BOLSAS ),1.68 pzs/hom ,1.60 pzs/hom ,100 % ,1.8,1,,85,85.3,100.4 %
2026,2,303,28,JEFATURA DE PRODUCCIÓN ACCESORIOS,102 n,5,"AUDITORIA DE 5'S EN EL ÁREA DE ACCESORIOS",97.4 % ,100 % ,97.4 % ,4.9,3,Resultado Logrado,85,85.3,100.4 %
2026,2,303,13,JEFATURA DE PRODUCCIÓN ACCESORIOS,3004,5.5,PRODUCTIVIDAD DE CHAMARRAS,"2,740 pzs ","2,527 pzs ",108.4 % ,5.5,1,Mayor al 70 %,85,85.3,100.4 %
2026,2,303,17,JEFATURA DE PRODUCCIÓN ACCESORIOS,3314,1.75,CUMPLIMIENTO DEL COSTO PRESUPUESTADO <BR> EN MATERIALES DIRECTOS E INDIRECTOS DE CHAMARRAS,100 % ,95 % ,100 % ,1.8,1,95 %  -  100 %<BR>94 %  -  80 %<BR>93 %  -  60 %,85,85.3,100.4 %
2026,2,303,2,JEFATURA DE PRODUCCIÓN ACCESORIOS,3301,3.75,DÍAS DE WIP CINTOS,5.4 dias ,7 dias ,100 % ,3.8,2,7 dias  -  100 %<BR>8 dias  -  80 %<BR>9 dias  -  60 %,85,85.3,100.4 %
2026,2,303,19,JEFATURA DE PRODUCCIÓN ACCESORIOS,3005,5.5,PRODUCTIVIDAD DE BOLSAS,"3,614 pzs ","3,496 pzs ",103.4 % ,5.5,1,Mayor al 70 %,85,85.3,100.4 %
2026,2,303,18,JEFATURA DE PRODUCCIÓN ACCESORIOS,3315,1.25,EFECTIVIDAD EN ENTREGAS A PT CHAMARRAS ( ANTIGÜEDAD DE LOTES EN WIP ),96.8 % ,100 % ,96.8 % ,1.2,3,Resultado Logrado,85,85.3,100.4 %
2026,2,303,29,JEFATURA DE PRODUCCIÓN ACCESORIOS,103 c,5,ROTACIÓN DE PERSONAL DE ACCESORIOS,2.1 % ,3 % ,100 % ,5,2,3 %  -  100 %<BR>3.5 %  -  90 %<BR>4 %  -  80 %,85,85.3,100.4 %
2026,2,303,30,JEFATURA DE PRODUCCIÓN ACCESORIOS,1005,,GPTW,NA , , ,,0,,85,85.3,100.4 %
2026,2,303,7,JEFATURA DE PRODUCCIÓN ACCESORIOS,3003,5.5,PRODUCTIVIDAD DE BILLETERAS,"6,315 pzs ","6,270 pzs ",100.7 % ,5.5,1,Mayor al 70 %,85,85.3,100.4 %
2026,2,303,8,JEFATURA DE PRODUCCIÓN ACCESORIOS,3306,3.75,DÍAS DE WIP BILLETERAS,6.0 dias ,7 dias ,100 % ,3.8,2,7 dias  -  100 %<BR>8 dias  -  80 %<BR>9 dias  -  60 %,85,85.3,100.4 %
2026,2,303,3,JEFATURA DE PRODUCCIÓN ACCESORIOS,3302,1.75,PRODUCTIVIDAD PIEZAS / HOMBRE  ( CINTOS ),9.97 pzs/hom ,92 pzs/hom ,100 % ,1.8,1,,85,85.3,100.4 %
2026,2,303,20,JEFATURA DE PRODUCCIÓN ACCESORIOS,3316,3.75,DÍAS DE WIP BOLSAS,6.7 dias ,7 dias ,100 % ,3.8,2,7 dias  -  100 %<BR>8 dias  -  80 %<BR>9 dias  -  60 %,85,85.3,100.4 %
2026,2,303,4,JEFATURA DE PRODUCCIÓN ACCESORIOS,3303,1.75,PRESUPUESTO DE COSTO DE MANO DE OBRA DIRECTA EN CINTOS,$ 50.79 ,$ 51.11 ,100 % ,1.8,2,,85,85.3,100.4 %
2026,2,303,26,JEFATURA DE PRODUCCIÓN ACCESORIOS,3322,7,BAJAS DE CALIDAD EN PRODUCCIÓN ( LINEAS DE ACCESORIOS ),0 % ,0.5 % ,100 % ,7,2,0.5 %  -  100 %<BR>1 %  -  80 %<BR>1.5 %  -  60 %,85,85.3,100.4 %
2026,2,303,24,JEFATURA DE PRODUCCIÓN ACCESORIOS,3320,1.25,EFECTIVIDAD EN ENTREGAS A PT BOLSAS ( ANTIGÜEDAD DE LOTES EN WIP ),95.4 % ,100 % ,95.4 % ,1.2,3,Resultado Logrado,85,85.3,100.4 %
2026,2,303,12,JEFATURA DE PRODUCCIÓN ACCESORIOS,3310,1.25,EFECTIVIDAD EN ENTREGAS A PT BILLETERAS ( ANTIGÜEDAD DE LOTES EN WIP ),88.9 % ,100 % ,88.9 % ,1.1,3,Resultado Logrado,85,85.3,100.4 %
2026,2,303,5,JEFATURA DE PRODUCCIÓN ACCESORIOS,3304,1.75,CUMPLIMIENTO DEL COSTO PRESUPUESTADO <BR> EN MATERIALES DIRECTOS E INDIRECTOS DE CINTOS,100 % ,95 % ,100 % ,1.8,1,95 %  -  100 %<BR>94 %  -  80 %<BR>93 %  -  60 %,85,85.3,100.4 %
2026,2,303,10,JEFATURA DE PRODUCCIÓN ACCESORIOS,3308,1.75,PRESUPUESTO DE COSTO DE MANO DE OBRA DIRECTA EN BILLETERAS,$ 114.46 ,$ 124.01 ,100 % ,1.8,2,,85,85.3,100.4 %
2026,2,303,23,JEFATURA DE PRODUCCIÓN ACCESORIOS,3319,1.75,CUMPLIMIENTO DEL COSTO PRESUPUESTADO <BR> EN MATERIALES DIRECTOS E INDIRECTOS DE BOLSAS,100 % ,95 % ,100 % ,1.8,1,95 %  -  100 %<BR>94 %  -  80 %<BR>93 %  -  60 %,85,85.3,100.4 %
2026,2,303,11,JEFATURA DE PRODUCCIÓN ACCESORIOS,3309,1.75,CUMPLIMIENTO DEL COSTO PRESUPUESTADO <BR> EN MATERIALES DIRECTOS E INDIRECTOS DE BILLETERAS,100 % ,95 % ,100 % ,1.8,1,95 %  -  100 %<BR>94 %  -  80 %<BR>93 %  -  60 %,85,85.3,100.4 %
2026,2,303,25,JEFATURA DE PRODUCCIÓN ACCESORIOS,3321,5,REPROCESOS EN PLANTA ( LINEAS DE ACCESORIOS ),2.3 % ,5 % ,100 % ,5,2,5 %  -  100 %<BR>6.5 %  -  80 %<BR>8 %  -  60 %,85,85.3,100.4 %
2026,2,303,27,JEFATURA DE PRODUCCIÓN ACCESORIOS,101 dc,,AUDITORIAS INTERNAS DE PRODUCCIÓN ACCESORIOS,NA , , ,,0,,85,85.3,100.4 %
2026,2,303,14,JEFATURA DE PRODUCCIÓN ACCESORIOS,3311,3.75,DÍAS DE WIP CHAMARRAS,6.4 dias ,7 dias ,100 % ,3.8,2,7 dias  -  100 %<BR>8 dias  -  80 %<BR>9 dias  -  60 %,85,85.3,100.4 %
2026,2,303,1,JEFATURA DE PRODUCCIÓN ACCESORIOS,3002,5.5,PRODUCTIVIDAD DE CINTOS,"15,295 pzs ","15,580 pzs ",98.2 % ,5.4,3,Mayor al 70 %,85,85.3,100.4 %
2026,2,303,15,JEFATURA DE PRODUCCIÓN ACCESORIOS,3312,1.75,PRODUCTIVIDAD PIEZAS / HOMBRE  ( CHAMARRAS ),1.38 pzs/hom ,1.12 pzs/hom ,100 % ,1.8,1,,85,85.3,100.4 %
2026,2,303,9,JEFATURA DE PRODUCCIÓN ACCESORIOS,3307,1.75,PRODUCTIVIDAD PIEZAS / HOMBRE  ( BILLETERAS ),4.41 pzs/hom ,4.19 pzs/hom ,100 % ,1.8,1,,85,85.3,100.4 %
2026,2,303,22,JEFATURA DE PRODUCCIÓN ACCESORIOS,3318,1.75,PRESUPUESTO DE COSTO DE MANO DE OBRA DIRECTA EN BOLSAS,$ 306.06 ,$ 338.81 ,100 % ,1.8,2,,85,85.3,100.4 %
2026,2,303,16,JEFATURA DE PRODUCCIÓN ACCESORIOS,3313,1.75,PRESUPUESTO DE COSTO DE MANO DE OBRA DIRECTA EN CHAMARRAS,$ 464.36 ,$ 529.21 ,100 % ,1.8,2,,85,85.3,100.4 %
2026,2,307,5,JEFATURA DE INGENIERÍA DE COSTOS Y SISTEMA,3705,,CUMPLIMIENTO DEL CALENDARIO DE <BR> DEPURACIÓN DE CONTANTES Y HERRAMENTALES <BR> ( RESULTADO SEMESTRAL | JUNIO Y DICIEMBRE ),NA , , ,,0,,75,69.9,93.2 %
2026,2,307,1,JEFATURA DE INGENIERÍA DE COSTOS Y SISTEMA,3701,25,VARIACIÓN ENTRE EL COSTO REAL DE MATERIALES DIRECTOS VS PRESUPUESTADO,"$ 54,836,984 ","$ 57,452,664 ",100 % ,25,2,,75,69.9,93.2 %
2026,2,307,3,JEFATURA DE INGENIERÍA DE COSTOS Y SISTEMA,3703,10,AFECTACIÓN DE EXISTENCIAS EN MATERIALES POR MODIFICACIÓN EN CONSTANTES <BR> ( INVENTARIOS SOBRANTES DERIVADOS DE LOS CAMBIOS ),"$ 70,000 ",$ 0.01 ,50 % ,5,3,,75,69.9,93.2 %
2026,2,307,7,JEFATURA DE INGENIERÍA DE COSTOS Y SISTEMA,102 r,5,"AUDITORIA DE 5'S EN EL ÁREA DE INGENIERÍA DE COSTOS Y SISTEMAS",97.8 % ,100 % ,97.8 % ,4.9,3,Resultado Logrado,75,69.9,93.2 %
2026,2,307,9,JEFATURA DE INGENIERÍA DE COSTOS Y SISTEMA,1005,,GPTW,NA , , ,,0,,75,69.9,93.2 %
2026,2,307,8,JEFATURA DE INGENIERÍA DE COSTOS Y SISTEMA,103 d,5,ROTACIÓN DE PERSONAL DE ÁREAS OPERATIVAS,0.5 % ,3 % ,100 % ,5,2,3 %  -  100 %<BR>3.5 %  -  90 %<BR>4 %  -  80 %,75,69.9,93.2 %
2026,2,307,2,JEFATURA DE INGENIERÍA DE COSTOS Y SISTEMA,3702,20,VARIACIÓN ENTRE EL COSTO REAL DE MATERIALES INDIRECTOS VS PRESUPUESTADO,"$ 1,497,175 ","$ 1,808,031 ",100 % ,20,2,,75,69.9,93.2 %
2026,2,307,6,JEFATURA DE INGENIERÍA DE COSTOS Y SISTEMA,101 dg,,AUDITORIAS INTERNAS DE INGENIERÍA DE COSTOS Y SISTEMA,NA , , ,,0,,75,69.9,93.2 %
2026,2,307,4,JEFATURA DE INGENIERÍA DE COSTOS Y SISTEMA,3704,10,ENTREGA DE COSTEOS DE PRODUCTOS CUADRA,100 % ,100 % ,100 % ,10,1,100 %  -  100 %<BR>90 %  -  90 %<BR>80 %  -  80 %,75,69.9,93.2 %
2026,2,305,7,JEFATURA DE DESARROLLO ACCESORIOS,3507,4,EFECTIVIDAD EN EL PAQUETE TÉCNICO Y ENTREGABLES <BR> EN LA LIBERACIÓN DEL MODELO A PRODUCCIÓN,91.3 % ,100 % ,91.3 % ,3.7,3,Resultado Logrado,58,54.2,93.4 %
2026,2,305,9,JEFATURA DE DESARROLLO ACCESORIOS,3509,4,CUMPLIMIENTO DE ENTREGA DE PRECOSTEO ACCESORIOS,87.5 % ,100 % ,87.5 % ,3.5,3,Resultado Logrado,58,54.2,93.4 %
2026,2,305,6,JEFATURA DE DESARROLLO ACCESORIOS,3506,,ENTREGA DE MUESTRAS VS CALENDARIO ESTABLECIDO ACCESORIOS,NA , , ,,0,,58,54.2,93.4 %
2026,2,305,11,JEFATURA DE DESARROLLO ACCESORIOS,101 de,10,AUDITORIAS INTERNAS DE DESARROLLO ACCESORIOS,90.1 % ,85 % ,90.1 % ,9,3,Mayor al 85 %,58,54.2,93.4 %
2026,2,305,10,JEFATURA DE DESARROLLO ACCESORIOS,3510,8,PORCENTAJE DE REPROCESOS EN MUESTRAS Y LOTES PILOTO DE ACCESORIOS,85.5 % ,100 % ,85.5 % ,6.8,3,Resultado Logrado,58,54.2,93.4 %
2026,2,305,1,JEFATURA DE DESARROLLO ACCESORIOS,3501,,ENTREGA DE PROTOTIPOS VS CALENDARIO ESTABLECIDO ACCESORIOS,NA , , ,,0,,58,54.2,93.4 %
2026,2,305,13,JEFATURA DE DESARROLLO ACCESORIOS,103 d,5,ROTACIÓN DE PERSONAL DE ÁREAS OPERATIVAS,0.5 % ,3 % ,100 % ,5,2,3 %  -  100 %<BR>3.5 %  -  90 %<BR>4 %  -  80 %,58,54.2,93.4 %
2026,2,305,12,JEFATURA DE DESARROLLO ACCESORIOS,102 n,5,"AUDITORIA DE 5'S EN EL ÁREA DE ACCESORIOS",97.4 % ,100 % ,97.4 % ,4.9,3,Resultado Logrado,58,54.2,93.4 %
2026,2,305,8,JEFATURA DE DESARROLLO ACCESORIOS,3508,4,"CUMPLIMIENTO DE LOS AVANCES PARA CUMPLIR CON LOS DÍAS DE WIP <BR> 7 DÍAS EN PROTOTIPOS, MUESTRAS, LOTES PILOTO DE ACCESORIOS",93.3 % ,100 % ,93.3 % ,3.7,3,Resultado Logrado,58,54.2,93.4 %
2026,2,305,14,JEFATURA DE DESARROLLO ACCESORIOS,1005,,GPTW,NA , , ,,0,,58,54.2,93.4 %
2026,2,305,3,JEFATURA DE DESARROLLO ACCESORIOS,3503,,CUMPLIMIENTO EN EL CALENDARIO DE LIBERACIONES <BR> VS. CALENDARIO ESTABLECIDO ACCESORIOS ( SEMESTRAL ),NA , , ,,0,,58,54.2,93.4 %
2026,2,305,4,JEFATURA DE DESARROLLO ACCESORIOS,3504,9,CUMPLIMIENTO DE ANÁLISIS DE  VIABILIDAD Y FACTIBILIDAD,100 % ,100 % ,100 % ,9,1,Resultado Logrado,58,54.2,93.4 %
2026,2,305,5,JEFATURA DE DESARROLLO ACCESORIOS,3505,,CUMPLIMIENTO DE ENTREGABLES EN LA ETAPA DE <BR> MUESTRAS A INGENIERÍA DE COSTOS Y CONSUMOS ( SEMESTRAL ),NA , , ,,0,,58,54.2,93.4 %
2026,2,305,2,JEFATURA DE DESARROLLO ACCESORIOS,3502,9,CUMPLIMIENTO EN LA PRESENTACIÓN DE LOS AMEF VS CALENDARIO ESTABLECIDO,95.1 % ,100 % ,95.1 % ,8.6,3,Resultado Logrado,58,54.2,93.4 %
2026,2,401,7,JEFATURA DE CAPITAL HUMANO,103 f,5,ROTACIÓN DE PERSONAL ADMINISTRATIVO,1.2 % ,3 % ,100 % ,5,2,3 %  -  100 %<BR>3.5 %  -  90 %<BR>4 %  -  80 %,85,79.8,93.9 %
2026,2,401,8,JEFATURA DE CAPITAL HUMANO,1005,,GPTW,NA , , ,,0,,85,79.8,93.9 %
2026,2,401,4,JEFATURA DE CAPITAL HUMANO,4104,10,AUDITORIAS DE 5´S EJECUTADAS VS PROGRAMADAS,93.3 % ,95 % ,80 % ,8,3,95 %  -  100 %<BR>90 %  -  80 %<BR>85 %  -  60 %,85,79.8,93.9 %
2026,2,401,5,JEFATURA DE CAPITAL HUMANO,101 ea,,AUDITORIAS INTERNAS DE CAPITAL HUMANO,NA , , ,,0,,85,79.8,93.9 %
2026,2,401,6,JEFATURA DE CAPITAL HUMANO,102 u,5,"AUDITORIA DE 5'S EN EL ÁREA DE CAPITAL HUMANO",89.1 % ,100 % ,89.1 % ,4.5,3,Resultado Logrado,85,79.8,93.9 %
2026,2,401,3,JEFATURA DE CAPITAL HUMANO,4103,15,CUMPLIMIENTO DE NORMATIVA LEGAL EN SEGURIDAD E HIGIENE,82 % ,80 % ,82 % ,12.3,3,Mayor al 80 %,85,79.8,93.9 %
2026,2,401,2,JEFATURA DE CAPITAL HUMANO,4102,20,TOTAL DE CAPACITACIONES REALIZADAS VS CAPACITACIONES PLANEADAS,100 % ,90 % ,100 % ,20,1,Mayor al 90 %,85,79.8,93.9 %
2026,2,401,1,JEFATURA DE CAPITAL HUMANO,4101,30,CUMPLIMIENTO DEL TIEMPO DE CONTRATACIÓN (= 15 DÍAS HÁBILES),12 días hab. ,15 días hab. ,100 % ,30,2,,85,79.8,93.9 %
2026,2,402,3,JEFATURA DE GESTION DE CALIDAD,101 eb,,AUDITORIAS INTERNAS DE SISTEMAS DE GESTIÓN,NA , , ,,0,,75,73.5,98 %
2026,2,402,4,JEFATURA DE GESTION DE CALIDAD,102 v,5,"AUDITORIA DE 5'S EN EL ÁREA DE GESTION DE CALIDAD",94.6 % ,100 % ,94.6 % ,4.7,3,Resultado Logrado,75,73.5,98 %
2026,2,402,6,JEFATURA DE GESTION DE CALIDAD,1005,,GPTW,NA , , ,,0,,75,73.5,98 %
2026,2,402,2,JEFATURA DE GESTION DE CALIDAD,4202,25,INDICE DE PROCESOS DOCUMENTADOS VS PROCESOS PLANEADOS,95 % ,85 % ,95 % ,23.8,3,Mayor al 85 %,75,73.5,98 %
2026,2,402,1,JEFATURA DE GESTION DE CALIDAD,4201,40,CUMPLIMIENTO DE AUDITORIAS INTERNAS,100 % ,85 % ,100 % ,40,1,Mayor al 85 %,75,73.5,98 %
2026,2,402,5,JEFATURA DE GESTION DE CALIDAD,103 f,5,ROTACIÓN DE PERSONAL ADMINISTRATIVO,1.2 % ,3 % ,100 % ,5,2,3 %  -  100 %<BR>3.5 %  -  90 %<BR>4 %  -  80 %,75,73.5,98 %
2026,2,306,8,JEFATURA DE INGENIERÍA DE PROCESOS,3302,5,PRODUCTIVIDAD PIEZAS / HOMBRE  ( CINTOS ),9.97 pzs/hom ,92 pzs/hom ,100 % ,5,1,,75,72.9,97.2 %
2026,2,306,1,JEFATURA DE INGENIERÍA DE PROCESOS,3601,,CUMPLIMIENTO DEL PROGRAMA DE <BR> PROYECTOS DE MEJORA CONTINUA ( RESULTADO TRIMESTRAL ),NA , , ,,0,,75,72.9,97.2 %
2026,2,306,14,JEFATURA DE INGENIERÍA DE PROCESOS,103 d,5,ROTACIÓN DE PERSONAL DE ÁREAS OPERATIVAS,0.5 % ,3 % ,100 % ,5,2,3 %  -  100 %<BR>3.5 %  -  90 %<BR>4 %  -  80 %,75,72.9,97.2 %
2026,2,306,6,JEFATURA DE INGENIERÍA DE PROCESOS,3318,10,PRESUPUESTO DE COSTO DE MANO DE OBRA DIRECTA EN BOLSAS,$ 306.06 ,$ 338.81 ,100 % ,10,2,,75,72.9,97.2 %
2026,2,306,5,JEFATURA DE INGENIERÍA DE PROCESOS,3313,10,PRESUPUESTO DE COSTO DE MANO DE OBRA DIRECTA EN CHAMARRAS,$ 464.36 ,$ 529.21 ,100 % ,10,2,,75,72.9,97.2 %
2026,2,306,3,JEFATURA DE INGENIERÍA DE PROCESOS,3303,5,PRESUPUESTO DE COSTO DE MANO DE OBRA DIRECTA EN CINTOS,$ 50.79 ,$ 51.11 ,100 % ,5,2,,75,72.9,97.2 %
2026,2,306,7,JEFATURA DE INGENIERÍA DE PROCESOS,3101,5,PRODUCTIVIDAD PARES / HOMBRE ( BOTAS ),3.61 prs/hom ,3.50 prs/hom ,100 % ,5,1,,75,72.9,97.2 %
2026,2,306,9,JEFATURA DE INGENIERÍA DE PROCESOS,3307,5,PRODUCTIVIDAD PIEZAS / HOMBRE  ( BILLETERAS ),4.41 pzs/hom ,4.19 pzs/hom ,100 % ,5,1,,75,72.9,97.2 %
2026,2,306,13,JEFATURA DE INGENIERÍA DE PROCESOS,102 q,5,"AUDITORIA DE 5'S EN EL ÁREA DE INGENIERÍA DE PROCESOS",97.8 % ,100 % ,97.8 % ,4.9,3,Resultado Logrado,75,72.9,97.2 %
2026,2,306,12,JEFATURA DE INGENIERÍA DE PROCESOS,101 df,,AUDITORIAS INTERNAS DE INGENIERÍA DE PROCESOS,NA , , ,,0,,75,72.9,97.2 %
2026,2,306,10,JEFATURA DE INGENIERÍA DE PROCESOS,3312,5,PRODUCTIVIDAD PIEZAS / HOMBRE  ( CHAMARRAS ),1.38 pzs/hom ,1.12 pzs/hom ,100 % ,5,1,,75,72.9,97.2 %
2026,2,306,2,JEFATURA DE INGENIERÍA DE PROCESOS,3102,10,PRESUPUESTO DE COSTO DE MANO DE OBRA DIRECTA DE BOTAS,$ 242.17 ,$ 239.01 ,80 % ,8,3,,75,72.9,97.2 %
2026,2,306,11,JEFATURA DE INGENIERÍA DE PROCESOS,3317,5,PRODUCTIVIDAD PIEZAS / HOMBRE  ( BOLSAS ),1.68 pzs/hom ,1.60 pzs/hom ,100 % ,5,1,,75,72.9,97.2 %
2026,2,306,4,JEFATURA DE INGENIERÍA DE PROCESOS,3308,5,PRESUPUESTO DE COSTO DE MANO DE OBRA DIRECTA EN BILLETERAS,$ 114.46 ,$ 124.01 ,100 % ,5,2,,75,72.9,97.2 %
2026,2,306,15,JEFATURA DE INGENIERÍA DE PROCESOS,1005,,GPTW,NA , , ,,0,,75,72.9,97.2 %
2026,2,103,4,JEFATURA DE PPCP,1304,10,ADMINISTRACIÓN DE LA DEMANDA DE CHAMARRAS,3 semanas ,4 semanas ,75 % ,7.5,3,Resultado Logrado,95,76.3,80.3 %
2026,2,103,5,JEFATURA DE PPCP,1305,10,ADMINISTRACIÓN DE LA DEMANDA DE BOLSAS,3 semanas ,4 semanas ,75 % ,7.5,3,Resultado Logrado,95,76.3,80.3 %
2026,2,103,7,JEFATURA DE PPCP,1307,10,CUMPLIMIENTO DEL PRESUPUESTO EN AVÍOS <BR> ( MATERIALES GESTIONADOS POR PPCP ),"$ 2,147,770 ","$ 2,773,348 ",77.4 % ,10,2,Menor al 110 %,95,76.3,80.3 %
2026,2,103,1,JEFATURA DE PPCP,1301,25,ADMINISTRACIÓN DE LA DEMANDA DE BOTAS,3 semanas ,4 semanas ,75 % ,18.8,3,Resultado Logrado,95,76.3,80.3 %
2026,2,103,3,JEFATURA DE PPCP,1303,10,ADMINISTRACIÓN DE LA DEMANDA DE BILLETERAS,3 semanas ,4 semanas ,75 % ,7.5,3,Resultado Logrado,95,76.3,80.3 %
2026,2,103,10,JEFATURA DE PPCP,1005,,GPTW,NA , , ,,0,,95,76.3,80.3 %
2026,2,103,9,JEFATURA DE PPCP,103 f,5,ROTACIÓN DE PERSONAL ADMINISTRATIVO,1.2 % ,3 % ,100 % ,5,2,3 %  -  100 %<BR>3.5 %  -  90 %<BR>4 %  -  80 %,95,76.3,80.3 %
2026,2,103,6,JEFATURA DE PPCP,1306,10,EFECTIVIDAD DE ÍTEMS NEGROS / AMARILLOS VS NECESIDAD EN PREMONTADO <BR> ( ÍTEMS SIN EXISTENCIA O PARCIALIDADES DE AVÍO QUE CONTROLA PPCP ),0.1 items ,1 item ,100 % ,10,2,,95,76.3,80.3 %
2026,2,103,8,JEFATURA DE PPCP,102 h,5,"AUDITORIA DE 5'S EN EL ÁREA DE PPCP",100 % ,100 % ,100 % ,5,1,Resultado Logrado,95,76.3,80.3 %
2026,2,103,2,JEFATURA DE PPCP,1302,10,ADMINISTRACIÓN DE LA DEMANDA DE CINTOS,2 semanas ,4 semanas ,50 % ,5,3,Resultado Logrado,95,76.3,80.3 %
2026,2,309,8,JEFATURA DE MAQUILAS,102 t,5,"AUDITORIA DE 5'S EN EL ÁREA DE MAQUILAS",99.3 % ,100 % ,99.3 % ,5,3,Resultado Logrado,85,83,97.6 %
2026,2,309,7,JEFATURA DE MAQUILAS,101 di,,AUDITORIAS INTERNAS DE MAQUILAS,NA , , ,,0,,85,83,97.6 %
2026,2,309,9,JEFATURA DE MAQUILAS,103 d,5,ROTACIÓN DE PERSONAL DE ÁREAS OPERATIVAS,0.5 % ,3 % ,100 % ,5,2,3 %  -  100 %<BR>3.5 %  -  90 %<BR>4 %  -  80 %,85,83,97.6 %
2026,2,309,2,JEFATURA DE MAQUILAS,3902,15,CUMPLIMIENTO DE FECHAS DE ENTREGA DE MAQUILA EXTERNA DE CINTOS <BR> VS FECHAS ESTABLECIDAS DE ENTREGA <BR> ( MÁXIMO 13 DÍAS HÁBILES A PARTIR DE LA FECHA DE PROGRAMACIÓN ),97 % ,95 % ,100 % ,15,1,95 %  -  100 %<BR>90 %  -  90 %<BR>85 %  -  80 %,85,83,97.6 %
2026,2,309,1,JEFATURA DE MAQUILAS,3901,20,CUMPLIMIENTO DE FECHAS DE ENTREGA DE BETA 7 <BR> VS FECHAS ESTABLECIDAS DE ENTREGA <BR> ( MÁXIMO 17 DÍAS HÁBILES A PARTIR DE LA FECHA DE PROGRAMACIÓN ),91.5 % ,95 % ,90 % ,18,3,95 %  -  100 %<BR>90 %  -  90 %<BR>85 %  -  80 %,85,83,97.6 %
2026,2,309,3,JEFATURA DE MAQUILAS,3903,15,EFICIENCIA EN TIEMPO DE ENTREGA DE LOS PROVEEDORES DE AVÍOS <BR> ( CFI MÁXIMO 7 DÍAS HÁBILES Y MORAN MÁXIMO 8 DÍAS HÁBILES ),95 % ,95 % ,100 % ,15,1,95 %  -  100 %<BR>90 %  -  90 %<BR>85 %  -  80 %,85,83,97.6 %
2026,2,309,5,JEFATURA DE MAQUILAS,3905,10,CUMPLIMIENTO EN EL REGRESOS DE MATERIALES  SOBRANTES AL ALMACÉN DE PIELES <BR> PARA PROGRAMAS DE MAQUILA EXTERNA DE CINTOS  <BR> ( REGRESOS EN UN MÁXIMO DE 21 DÍAS NATURALES DESPUÉS DE SU PROGRAMACIÓN ),100 % ,100 % ,100 % ,10,1,,85,83,97.6 %
2026,2,309,6,JEFATURA DE MAQUILAS,3906,5,EFICIENCIA EN LA ACTUALIZACIÓN DE COSTOS PARA MAQUILAS <BR> ( LOS COSTOS EN SISTEMA Y LOS DOCUMENTOS DE LA CARPETA DE ANEXOS  DEBEN<BR> SER ACTUALIZADOS EN MÁXIMO EN UNA SEMANA HÁBIL SIGUIENTE A SU RECEPCIÓN ),100 % ,100 % ,100 % ,5,1,,85,83,97.6 %
2026,2,309,4,JEFATURA DE MAQUILAS,3904,10,CUMPLIMIENTO EN EL REGRESOS DE MATERIALES SOBRANTES  AL ALMACÉN DE PIELES  <BR>  PARA PROGRAMAS DE BETA 7 <BR> ( REGRESOS EN UN MÁXIMO DE 28 DÍAS NATURALES DESPUÉS DE SU PROGRAMACIÓN ),100 % ,100 % ,100 % ,10,1,,85,83,97.6 %
2026,2,309,10,JEFATURA DE MAQUILAS,1005,,GPTW,NA , , ,,0,,85,83,97.6 %
2026,2,301,7,JEFATURA DE PRODUCCIÓN BOTAS I,3105,5,REPROCESOS EN PLANTA ( LINEA DE BOTAS ),4.4 % ,5 % ,100 % ,5,2,5 %  -  100 %<BR>6.5 %  -  80 %<BR>8 %  -  60 %,70,62,88.6 %
2026,2,301,11,JEFATURA DE PRODUCCIÓN BOTAS I,103 b,5,ROTACIÓN DE PERSONAL DE BOTAS,6.4 % ,3 % ,0 % ,0,4,3 %  -  100 %<BR>3.5 %  -  90 %<BR>4 %  -  80 %,70,62,88.6 %
2026,2,301,10,JEFATURA DE PRODUCCIÓN BOTAS I,102 l,5,"AUDITORIA DE 5'S EN EL ÁREA DE BOTAS I",94 % ,100 % ,94 % ,4.7,3,Resultado Logrado,70,62,88.6 %
2026,2,301,5,JEFATURA DE PRODUCCIÓN BOTAS I,3103,7,CUMPLIMIENTO DEL COSTO PRESUPUESTADO <BR> DE MATERIALES DIRECTOS E INDIRECTOS,100 % ,95 % ,100 % ,7,1,95 %  -  100 %<BR>94 %  -  80 %<BR>93 %  -  60 %,70,62,88.6 %
2026,2,301,4,JEFATURA DE PRODUCCIÓN BOTAS I,3102,7,PRESUPUESTO DE COSTO DE MANO DE OBRA DIRECTA DE BOTAS,$ 242.17 ,$ 239.01 ,80 % ,5.6,3,,70,62,88.6 %
2026,2,301,9,JEFATURA DE PRODUCCIÓN BOTAS I,101 da,,AUDITORIAS INTERNAS DE PRODUCCIÓN BOTAS I,NA , , ,,0,,70,62,88.6 %
2026,2,301,12,JEFATURA DE PRODUCCIÓN BOTAS I,1005,,GPTW,NA , , ,,0,,70,62,88.6 %
2026,2,301,3,JEFATURA DE PRODUCCIÓN BOTAS I,3101,7,PRODUCTIVIDAD PARES / HOMBRE ( BOTAS ),3.61 prs/hom ,3.50 prs/hom ,100 % ,7,1,,70,62,88.6 %
2026,2,301,6,JEFATURA DE PRODUCCIÓN BOTAS I,3104,5,EFECTIVIDAD EN ENTREGAS A PT ( ANTIGÜEDAD DE LOTES EN WIP ),80.5 % ,100 % ,80.5 % ,4,3,Resultado Logrado,70,62,88.6 %
2026,2,301,8,JEFATURA DE PRODUCCIÓN BOTAS I,3106,7,BAJAS DE CALIDAD EN PRODUCCIÓN ( LINEA DE BOTAS ),0 % ,0.5 % ,100 % ,7,2,0.5 %  -  100 %<BR>1 %  -  80 %<BR>1.5 %  -  60 %,70,62,88.6 %
2026,2,301,1,JEFATURA DE PRODUCCIÓN BOTAS I,3001,22,PRODUCTIVIDAD DE BOTAS,"22,500 prs ","22,800 prs ",98.7 % ,21.7,3,Mayor al 70 %,70,62,88.6 %
2026,2,302,4,JEFATURA DE PRODUCCIÓN BOTAS II,3102,7,PRESUPUESTO DE COSTO DE MANO DE OBRA DIRECTA DE BOTAS,$ 242.17 ,$ 239.01 ,80 % ,5.6,3,,70,60.8,86.9 %
2026,2,302,11,JEFATURA DE PRODUCCIÓN BOTAS II,103 b,5,ROTACIÓN DE PERSONAL DE BOTAS,6.4 % ,3 % ,0 % ,0,4,3 %  -  100 %<BR>3.5 %  -  90 %<BR>4 %  -  80 %,70,60.8,86.9 %
2026,2,302,9,JEFATURA DE PRODUCCIÓN BOTAS II,101 db,,AUDITORIAS INTERNAS DE PRODUCCIÓN BOTAS II,NA , , ,,0,,70,60.8,86.9 %
2026,2,302,3,JEFATURA DE PRODUCCIÓN BOTAS II,3101,7,PRODUCTIVIDAD PARES / HOMBRE ( BOTAS ),3.61 prs/hom ,3.50 prs/hom ,100 % ,7,1,,70,60.8,86.9 %
2026,2,302,7,JEFATURA DE PRODUCCIÓN BOTAS II,3105,5,REPROCESOS EN PLANTA ( LINEA DE BOTAS ),4.4 % ,5 % ,100 % ,5,2,5 %  -  100 %<BR>6.5 %  -  80 %<BR>8 %  -  60 %,70,60.8,86.9 %
2026,2,302,8,JEFATURA DE PRODUCCIÓN BOTAS II,3106,7,BAJAS DE CALIDAD EN PRODUCCIÓN ( LINEA DE BOTAS ),0 % ,0.5 % ,100 % ,7,2,0.5 %  -  100 %<BR>1 %  -  80 %<BR>1.5 %  -  60 %,70,60.8,86.9 %
2026,2,302,6,JEFATURA DE PRODUCCIÓN BOTAS II,3104,5,EFECTIVIDAD EN ENTREGAS A PT ( ANTIGÜEDAD DE LOTES EN WIP ),80.5 % ,100 % ,80.5 % ,4,3,Resultado Logrado,70,60.8,86.9 %
2026,2,302,5,JEFATURA DE PRODUCCIÓN BOTAS II,3103,7,CUMPLIMIENTO DEL COSTO PRESUPUESTADO <BR> DE MATERIALES DIRECTOS E INDIRECTOS,100 % ,95 % ,100 % ,7,1,95 %  -  100 %<BR>94 %  -  80 %<BR>93 %  -  60 %,70,60.8,86.9 %
2026,2,302,12,JEFATURA DE PRODUCCIÓN BOTAS II,1005,,GPTW,NA , , ,,0,,70,60.8,86.9 %
2026,2,302,10,JEFATURA DE PRODUCCIÓN BOTAS II,102 m,5,"AUDITORIA DE 5'S EN EL ÁREA DE BOTAS II",70.2 % ,100 % ,70.2 % ,3.5,3,Resultado Logrado,70,60.8,86.9 %
2026,2,302,1,JEFATURA DE PRODUCCIÓN BOTAS II,3001,22,PRODUCTIVIDAD DE BOTAS,"22,500 prs ","22,800 prs ",98.7 % ,21.7,3,Mayor al 70 %,70,60.8,86.9 %
2026,3,100,7,DIRECCIÓN MBC,1007,,TALEN REVIEW GERENCIAS ( PLAN DE DESARROLLO  ),NA , , ,,0,,70,63.3,90.4 %
2026,3,100,9,DIRECCIÓN MBC,1009,6,VENTAS DEPARTAMENTALES,"$ 1,797,118 ","$ 2,833,535 ",63.4 % ,3.8,3,Mayor al  %,70,63.3,90.4 %
2026,3,100,2,DIRECCIÓN MBC,1002,36,UTILIDADES DE OPERACIÓN,"$ 41,046,519 ","$ 35,567,616 ",115.4 % ,36,1,Mayor al 70 %,70,63.3,90.4 %
2026,3,100,3,DIRECCIÓN MBC,1003,,UTILIDADES DE OPERACIÓN CORPORATIVA,NA , , ,,0,,70,63.3,90.4 %
2026,3,100,10,DIRECCIÓN MBC,1010,3,INVERSIONES ( EFICIENCIA OPERATIVA TESEO ),46.7 % ,75 % ,46.7 % ,0,5,Mayor al 75 %,70,63.3,90.4 %
2026,3,100,6,DIRECCIÓN MBC,1006,,SUSSESION PLAN ( PLAN DE SUCESIÓN PARA GERENTES ),NA , , ,,0,,70,63.3,90.4 %
2026,3,100,5,DIRECCIÓN MBC,1005,,GPTW,NA , , ,,0,,70,63.3,90.4 %
2026,3,100,12,DIRECCIÓN MBC,1012,,DYNAMICS ( ERP MBC ),NA , , ,,0,,70,63.3,90.4 %
2026,3,100,11,DIRECCIÓN MBC,1011,5,PROCESOS ( MAPEO DE PROCESOS ),100 % ,80 % ,100 % ,5,1,Mayor al 80 %,70,63.3,90.4 %
2026,3,100,4,DIRECCIÓN MBC,1004,10,FLUJO DE EFECTIVO,84.8 % ,80 % ,84.8 % ,8.5,3,Mayor al 80 %,70,63.3,90.4 %
2026,3,100,1,DIRECCIÓN MBC,1001,10,VENTAS NETAS,"$ 148,104,164 ","$ 134,346,721 ",110.2 % ,10,1,Mayor al 70 %,70,63.3,90.4 %
2026,3,100,8,DIRECCIÓN MBC,1008,,TALEN REVIEW JEFATURAS ( INICIO DE PLAN ),NA , , ,,0,,70,63.3,90.4 %
2026,3,200,7,GERENCIA ADMINISTRATIVA,2004,4,CUENTAS POR COBRAR,58.2 dias ,60 dias ,97 % ,4,2,Menor al 130 %,67,64.7,96.6 %
2026,3,200,8,GERENCIA ADMINISTRATIVA,2005,4,CUENTAS POR PAGAR,34.0 dias ,40 dias ,85 % ,4,2,Menor al 130 %,67,64.7,96.6 %
2026,3,200,17,GERENCIA ADMINISTRATIVA,1005,,GPTW,NA , , ,,0,,67,64.7,96.6 %
2026,3,200,6,GERENCIA ADMINISTRATIVA,2003,5,GASTOS DE VENTA  ( GASTOS FIJOS QUE NO DEPENDEN DE LA VENTA ),"$ 2,686,002 ","$ 2,243,590 ",119.7 % ,4,3,Menor al 130 %,67,64.7,96.6 %
2026,3,200,5,GERENCIA ADMINISTRATIVA,2002,8,GASTOS DE CENTRO DE SERVICIOS,"$ 1,338,307 ","$ 1,343,467 ",99.6 % ,8,2,Menor al 130 %,67,64.7,96.6 %
2026,3,200,3,GERENCIA ADMINISTRATIVA,1004,8,FLUJO DE EFECTIVO,84.8 % ,80 % ,84.8 % ,6.8,3,Mayor al 80 %,67,64.7,96.6 %
2026,3,200,11,GERENCIA ADMINISTRATIVA,1008,,TALEN REVIEW JEFATURAS ( INICIO DE PLAN ),NA , , ,,0,,67,64.7,96.6 %
2026,3,200,2,GERENCIA ADMINISTRATIVA,1002,10,UTILIDADES DE OPERACIÓN,"$ 41,046,519 ","$ 35,567,616 ",115.4 % ,10,1,Mayor al 70 %,67,64.7,96.6 %
2026,3,200,14,GERENCIA ADMINISTRATIVA,101 c,,AUDITORIAS INTERNAS ADMINISTRATIVAS,NA , , ,,0,,67,64.7,96.6 %
2026,3,200,9,GERENCIA ADMINISTRATIVA,1006,,SUSSESION PLAN ( PLAN DE SUCESIÓN PARA GERENTES ),NA , , ,,0,,67,64.7,96.6 %
2026,3,200,13,GERENCIA ADMINISTRATIVA,1012,,DYNAMICS ( ERP MBC ),NA , , ,,0,,67,64.7,96.6 %
2026,3,200,1,GERENCIA ADMINISTRATIVA,1001,5,VENTAS NETAS,"$ 148,104,164 ","$ 134,346,721 ",110.2 % ,5,1,Mayor al 70 %,67,64.7,96.6 %
2026,3,200,16,GERENCIA ADMINISTRATIVA,103 f,3,ROTACIÓN DE PERSONAL ADMINISTRATIVO,1.2 % ,3 % ,100 % ,3,2,3 %  -  100 %<BR>3.5 %  -  90 %<BR>4 %  -  80 %,67,64.7,96.6 %
2026,3,200,12,GERENCIA ADMINISTRATIVA,1011,4,PROCESOS ( MAPEO DE PROCESOS ),100 % ,80 % ,100 % ,4,1,Mayor al 80 %,67,64.7,96.6 %
2026,3,200,15,GERENCIA ADMINISTRATIVA,102 b,8,"AUDITORIAS DE 5'S EN LAS ÁREAS DE ADMINISTRACION",100 % ,95 % ,100 % ,8,1,95 %  -  100 %<BR>90 %  -  90 %<BR>85 %  -  80 %,67,64.7,96.6 %
2026,3,200,10,GERENCIA ADMINISTRATIVA,1007,,TALEN REVIEW GERENCIAS ( PLAN DE DESARROLLO  ),NA , , ,,0,,67,64.7,96.6 %
2026,3,200,4,GERENCIA ADMINISTRATIVA,2001,8,GASTOS DE ADMINISTRACIÓN,"$ 3,217,510 ","$ 3,174,875 ",101.3 % ,7.9,3,Menor al 130 %,67,64.7,96.6 %
2026,3,1,1,MBC,1001,10,VENTAS NETAS,"$ 148,104,164 ","$ 134,346,721 ",110.2 % ,10,1,Mayor al 70 %,75,66.7,88.9 %
2026,3,1,17,MBC,1005,,GPTW,NA , , ,,0,,75,66.7,88.9 %
2026,3,1,2,MBC,1002,40,UTILIDADES DE OPERACIÓN,"$ 41,046,519 ","$ 35,567,616 ",115.4 % ,40,1,Mayor al 70 %,75,66.7,88.9 %
2026,3,1,11,MBC,1006,,SUSSESION PLAN ( PLAN DE SUCESIÓN PARA GERENTES ),NA , , ,,0,,75,66.7,88.9 %
2026,3,1,14,MBC,101,5,AUDITORIAS INTERNAS ( MBC ),51.9 % ,85 % ,51.9 % ,0,5,Mayor al 85 %,75,66.7,88.9 %
2026,3,1,13,MBC,1011,4,PROCESOS ( MAPEO DE PROCESOS ),100 % ,80 % ,100 % ,4,1,Mayor al 80 %,75,66.7,88.9 %
2026,3,1,12,MBC,1007,,TALEN REVIEW GERENCIAS ( PLAN DE DESARROLLO  ),NA , , ,,0,,75,66.7,88.9 %
2026,3,1,15,MBC,102 a,3,"AUDITORIAS DE 5'S ( MBC )",91.6 % ,95 % ,90 % ,2.7,3,95 %  -  100 %<BR>90 %  -  90 %<BR>85 %  -  80 %,75,66.7,88.9 %
2026,3,1,10,MBC,3009,3,BAJAS DE CALIDAD ( DEVOLUCIONES MAS BAJAS ),1.7 % ,0.5 % ,0 % ,0,4,0.5 %  -  100 %<BR>1 %  -  85 %<BR>1.5 %  -  70 %,75,66.7,88.9 %
2026,3,1,7,MBC,105,4,ENTREGAS A TIEMPO  |  TIENDAS CUADRA & CORRAL,100 | 100 ,95 % ,100 | 100 ,4,1,95 %  -  100 %<BR>90 %  -  80 %<BR>85 %  -  60 %,75,66.7,88.9 %
2026,3,1,16,MBC,103 a,3,ROTACIÓN DE PERSONAL MBC,2.4 % ,3 % ,100 % ,3,2,3 %  -  100 %<BR>3.5 %  -  90 %<BR>4 %  -  80 %,75,66.7,88.9 %
2026,3,1,4,MBC,104,3,DÍAS DE WIP  |  BOTAS & ACCESORIOS,11.4 | 6.2 ,12 | 7 ,100 | 100 ,3,2,12 | 7  -  100 %<BR>13 | 8  -  80 %<BR>14 | 9  -  60 %,75,66.7,88.9 %
2026,3,1,3,MBC,1003,,UTILIDADES DE OPERACIÓN CORPORATIVA,NA , , ,,0,,75,66.7,88.9 %
2026,3,300,12,GERENCIA OPERATIVA,1006,,SUSSESION PLAN ( PLAN DE SUCESIÓN PARA GERENTES ),NA , , ,,0,,77,60.4,78.4 %
2026,3,300,18,GERENCIA OPERATIVA,101 d,7,AUDITORIAS INTERNAS OPERATIVAS,76.8 % ,85 % ,76.8 % ,0,5,Mayor al 85 %,77,60.4,78.4 %
2026,3,300,21,GERENCIA OPERATIVA,1005,,GPTW,NA , , ,,0,,77,60.4,78.4 %
2026,3,300,19,GERENCIA OPERATIVA,102 c,5,"AUDITORIAS DE 5'S EN LAS ÁREAS DE OPERACIONES",90.1 % ,95 % ,90 % ,4.5,3,95 %  -  100 %<BR>90 %  -  90 %<BR>85 %  -  80 %,77,60.4,78.4 %
2026,3,300,13,GERENCIA OPERATIVA,1007,,TALEN REVIEW GERENCIAS ( PLAN DE DESARROLLO  ),NA , , ,,0,,77,60.4,78.4 %
2026,3,300,16,GERENCIA OPERATIVA,1011,4,PROCESOS ( MAPEO DE PROCESOS ),100 % ,80 % ,100 % ,4,1,Mayor al 80 %,77,60.4,78.4 %
2026,3,300,20,GERENCIA OPERATIVA,103 e,4,ROTACIÓN DE PERSONAL OPERACIONES,2.5 % ,3 % ,100 % ,4,2,3 %  -  100 %<BR>3.5 %  -  90 %<BR>4 %  -  80 %,77,60.4,78.4 %
2026,3,300,8,GERENCIA OPERATIVA,3006,6,DÍAS DE WIP  |  BOTAS Y ACCESORIOS,11.4 | 6.2 ,12 | 7 ,100 | 100 ,6,2,12 | 7  -  100 %<BR>13 | 8  -  80 %<BR>14 | 9  -  60 %,77,60.4,78.4 %
2026,3,300,10,GERENCIA OPERATIVA,3008,4,ENTREGAS A TIEMPO  |  TIENDAS CUADRA Y CORRAL,100 | 100 ,95 % ,100 | 100 ,4,1,95 %  -  100 %<BR>90 %  -  80 %<BR>85 %  -  60 %,77,60.4,78.4 %
2026,3,300,2,GERENCIA OPERATIVA,1002,5,UTILIDADES DE OPERACIÓN,"$ 41,046,519 ","$ 35,567,616 ",115.4 % ,5,1,Mayor al 70 %,77,60.4,78.4 %
2026,3,300,1,GERENCIA OPERATIVA,1001,5,VENTAS NETAS,"$ 148,104,164 ","$ 134,346,721 ",110.2 % ,5,1,Mayor al 70 %,77,60.4,78.4 %
2026,3,300,11,GERENCIA OPERATIVA,3009,4,BAJAS DE CALIDAD ( DEVOLUCIONES MAS BAJAS ),1.7 % ,0.5 % ,0 % ,0,4,0.5 %  -  100 %<BR>1 %  -  85 %<BR>1.5 %  -  70 %,77,60.4,78.4 %
2026,3,300,4,GERENCIA OPERATIVA,3002,4,PRODUCTIVIDAD DE CINTOS,"15,395 pzs ","15,770 pzs ",97.6 % ,3.9,3,Mayor al 70 %,77,60.4,78.4 %
2026,3,300,17,GERENCIA OPERATIVA,1012,,DYNAMICS ( ERP MBC ),NA , , ,,0,,77,60.4,78.4 %
2026,3,300,15,GERENCIA OPERATIVA,1010,5,INVERSIONES ( EFICIENCIA OPERATIVA TESEO ),46.7 % ,75 % ,46.7 % ,0,5,Mayor al 75 %,77,60.4,78.4 %
2026,3,300,14,GERENCIA OPERATIVA,1008,,TALEN REVIEW JEFATURAS ( INICIO DE PLAN ),NA , , ,,0,,77,60.4,78.4 %
2026,3,300,6,GERENCIA OPERATIVA,3004,4,PRODUCTIVIDAD DE CHAMARRAS,"2,763 pzs ","2,584 pzs ",106.9 % ,4,1,Mayor al 70 %,77,60.4,78.4 %
2026,3,300,7,GERENCIA OPERATIVA,3005,3,PRODUCTIVIDAD DE BOLSAS,"3,582 pzs ","3,572 pzs ",100.3 % ,3,1,Mayor al 70 %,77,60.4,78.4 %
2026,3,300,5,GERENCIA OPERATIVA,3003,3,PRODUCTIVIDAD DE BILLETERAS,"6,641 pzs ","6,460 pzs ",102.8 % ,3,1,Mayor al 70 %,77,60.4,78.4 %
2026,3,300,3,GERENCIA OPERATIVA,3001,7,PRODUCTIVIDAD DE BOTAS,"23,931 prs ","22,800 prs ",105 % ,7,1,Mayor al 70 %,77,60.4,78.4 %
2026,3,300,9,GERENCIA OPERATIVA,3007,7,COSTO DE VENTA,64.2 % ,65 % ,98.8 % ,7,2,Menor al 130 %,77,60.4,78.4 %
2026,3,104,9,JEFATURA DE LOGÍSTICA,101 b,10,AUDITORIAS INTERNAS DE LOGÍSTICA,45.4 % ,85 % ,45.4 % ,0,5,Mayor al 85 %,81,46.9,57.9 %
2026,3,104,3,JEFATURA DE LOGÍSTICA,1402,10,ROTACIÓN INVENTARIO MTS,0.4 vueltas ,0.8 vueltas ,50.5 % ,5.1,3,Resultado Logrado,81,46.9,57.9 %
2026,3,104,11,JEFATURA DE LOGÍSTICA,103 d,5,ROTACIÓN DE PERSONAL DE ÁREAS OPERATIVAS,4 % ,3 % ,80 % ,4,3,3 %  -  100 %<BR>3.5 %  -  90 %<BR>4 %  -  80 %,81,46.9,57.9 %
2026,3,104,10,JEFATURA DE LOGÍSTICA,102 i,5,"AUDITORIA DE 5'S EN EL ÁREA DE LOGÍSTICA",95.4 % ,100 % ,95.4 % ,4.8,3,Resultado Logrado,81,46.9,57.9 %
2026,3,104,7,JEFATURA DE LOGÍSTICA,1404,5,SERVICIO DISTRIBUIDORES MX,0 % ,80 % ,0 % ,0,5,Mayor al 80 %,81,46.9,57.9 %
2026,3,104,8,JEFATURA DE LOGÍSTICA,1405,5,SERVICIO MARKETPLACE,0 % ,80 % ,0 % ,0,5,Mayor al 80 %,81,46.9,57.9 %
2026,3,104,4,JEFATURA DE LOGÍSTICA,1403,8,DÍAS DE PISO NACIONAL,47.0 dias ,35 dias ,0 % ,0,4,35 dias  -  100 %<BR>37.5 dias  -  80 %<BR>40 dias  -  60 %,81,46.9,57.9 %
2026,3,104,2,JEFATURA DE LOGÍSTICA,1401,8,VENTAS POR LÍNEA,99.6 % ,80 % ,99.6 % ,8,3,Mayor al 80 %,81,46.9,57.9 %
2026,3,104,12,JEFATURA DE LOGÍSTICA,1005,,GPTW,NA , , ,,0,,81,46.9,57.9 %
2026,3,104,1,JEFATURA DE LOGÍSTICA,1001,25,VENTAS NETAS,"$ 148,104,164 ","$ 134,346,721 ",110.2 % ,25,1,Mayor al 70 %,81,46.9,57.9 %
2026,3,201,6,JEFATURA DE CONTABILIDAD,2102,20,ENTREGA DE CIERRE MENSUAL,100 % ,80 % ,100 % ,20,1,Mayor al 80 %,85,81.1,95.4 %
2026,3,201,9,JEFATURA DE CONTABILIDAD,102 j,5,"AUDITORIA DE 5'S EN EL ÁREA DE ADMINISTRACIÓN",100 % ,100 % ,100 % ,5,1,Resultado Logrado,85,81.1,95.4 %
2026,3,201,5,JEFATURA DE CONTABILIDAD,2101,15,EFECTIVIDAD EN EL CUMPLIMIENTO DE NOTAS DE CRÉDITO POR PRONTO PAGO,79 % ,70 % ,79 % ,11.9,3,Mayor al 70 %,85,81.1,95.4 %
2026,3,201,2,JEFATURA DE CONTABILIDAD,1004,5,FLUJO DE EFECTIVO,84.8 % ,80 % ,84.8 % ,4.2,3,Mayor al 80 %,85,81.1,95.4 %
2026,3,201,7,JEFATURA DE CONTABILIDAD,2103,20,PRESENTACIÓN DE IMPUESTOS,100 % ,100 % ,100 % ,20,1,Mayor al 100 %,85,81.1,95.4 %
2026,3,201,10,JEFATURA DE CONTABILIDAD,103 f,5,ROTACIÓN DE PERSONAL ADMINISTRATIVO,1.2 % ,3 % ,100 % ,5,2,3 %  -  100 %<BR>3.5 %  -  90 %<BR>4 %  -  80 %,85,81.1,95.4 %
2026,3,201,3,JEFATURA DE CONTABILIDAD,2004,5,CUENTAS POR COBRAR,58.2 dias ,60 dias ,97 % ,5,2,Menor al 130 %,85,81.1,95.4 %
2026,3,201,1,JEFATURA DE CONTABILIDAD,1002,5,UTILIDADES DE OPERACIÓN,"$ 41,046,519 ","$ 35,567,616 ",115.4 % ,5,1,Mayor al 70 %,85,81.1,95.4 %
2026,3,201,11,JEFATURA DE CONTABILIDAD,1005,,GPTW,NA , , ,,0,,85,81.1,95.4 %
2026,3,201,4,JEFATURA DE CONTABILIDAD,2005,5,CUENTAS POR PAGAR,34.0 dias ,40 dias ,85 % ,5,2,Menor al 130 %,85,81.1,95.4 %
2026,3,201,8,JEFATURA DE CONTABILIDAD,101 c,,AUDITORIAS INTERNAS ADMINISTRATIVAS,NA , , ,,0,,85,81.1,95.4 %
2026,3,102,6,JEFATURA DE CALIDAD,103 d,5,ROTACIÓN DE PERSONAL DE ÁREAS OPERATIVAS,4 % ,3 % ,80 % ,4,3,3 %  -  100 %<BR>3.5 %  -  90 %<BR>4 %  -  80 %,95,57,60 %
2026,3,102,7,JEFATURA DE CALIDAD,1005,,GPTW,NA , , ,,0,,95,57,60 %
2026,3,102,5,JEFATURA DE CALIDAD,102 g,5,"AUDITORIA DE 5'S EN EL ÁREA DE CALIDAD",100 % ,100 % ,100 % ,5,1,Resultado Logrado,95,57,60 %
2026,3,102,1,JEFATURA DE CALIDAD,3009,25,BAJAS DE CALIDAD ( DEVOLUCIONES MAS BAJAS ),1.7 % ,0.5 % ,0 % ,0,4,0.5 %  -  100 %<BR>1 %  -  85 %<BR>1.5 %  -  70 %,95,57,60 %
2026,3,102,4,JEFATURA DE CALIDAD,1203,10,PORCENTAJE DE EFECTIVIDAD EN <BR> LOS PUNTOS DE INSPECCIÓN DEL PRODUCTO,97.6 % ,95 % ,100 % ,10,1,95 %  -  100 %<BR>90 %  -  80 %<BR>80 %  -  70 %,95,57,60 %
2026,3,102,2,JEFATURA DE CALIDAD,1201,30,"PORCENTAJE DE EFECTIVIDAD 'BIEN A LA PRIMERA'",85.7 % ,95 % ,70 % ,21,3,95 %  -  100 %<BR>90 %  -  80 %<BR>80 %  -  70 %,95,57,60 %
2026,3,102,3,JEFATURA DE CALIDAD,1202,20,CALIFICACIÓN REPETIBILIDAD & REPRODUCIBILIDAD <BR> ( UNIFICACIÓN DE CRITERIOS DE INSPECCIÓN ),93 % ,95 % ,85 % ,17,3,95 %  -  100 %<BR>85 %  -  85 %<BR>75 %  -  75 %,95,57,60 %
2026,3,400,4,GERENCIA DE CAPITAL HUMANO,1008,,TALEN REVIEW JEFATURAS ( INICIO DE PLAN ),NA , , ,,0,,30,30,100 %
2026,3,400,8,GERENCIA DE CAPITAL HUMANO,1005,,GPTW,NA , , ,,0,,30,30,100 %
2026,3,400,7,GERENCIA DE CAPITAL HUMANO,102 d,10,"AUDITORIAS DE 5'S EN LAS ÁREAS DE CAPITAL HUMANO",97.8 % ,95 % ,100 % ,10,1,95 %  -  100 %<BR>90 %  -  90 %<BR>85 %  -  80 %,30,30,100 %
2026,3,400,1,GERENCIA DE CAPITAL HUMANO,103 a,15,ROTACIÓN DE PERSONAL MBC,2.4 % ,3 % ,100 % ,15,2,3 %  -  100 %<BR>3.5 %  -  90 %<BR>4 %  -  80 %,30,30,100 %
2026,3,400,5,GERENCIA DE CAPITAL HUMANO,1011,5,PROCESOS ( MAPEO DE PROCESOS ),100 % ,80 % ,100 % ,5,1,Mayor al 80 %,30,30,100 %
2026,3,400,2,GERENCIA DE CAPITAL HUMANO,1006,,SUSSESION PLAN ( PLAN DE SUCESIÓN PARA GERENTES ),NA , , ,,0,,30,30,100 %
2026,3,400,6,GERENCIA DE CAPITAL HUMANO,101 e,,AUDITORIAS INTERNAS CAPITAL HUMANO,NA , , ,,0,,30,30,100 %
2026,3,400,3,GERENCIA DE CAPITAL HUMANO,1007,,TALEN REVIEW GERENCIAS ( PLAN DE DESARROLLO  ),NA , , ,,0,,30,30,100 %
2026,3,101,7,JEFATURA DE COMPRAS,1107,5,CIERRE DE INVENTARIO DEL ALMACÉN DE MATERIA PRIMA,3 días hab. ,3 días hab. ,100 % ,5,2,,80,66,82.5 %
2026,3,101,6,JEFATURA DE COMPRAS,1106,5,CIERRE DE INVENTARIO DEL ALMACÉN DE PIELES,1 días hab. ,3 días hab. ,100 % ,5,2,,80,66,82.5 %
2026,3,101,9,JEFATURA DE COMPRAS,101 a,10,AUDITORIAS INTERNAS DE COMPRAS,33.5 % ,85 % ,33.5 % ,0,5,Mayor al 85 %,80,66,82.5 %
2026,3,101,12,JEFATURA DE COMPRAS,102 f,5,"AUDITORIA DE 5'S EN EL ÁREA DE COMPRAS",94.1 % ,100 % ,94.1 % ,4.7,3,Resultado Logrado,80,66,82.5 %
2026,3,101,5,JEFATURA DE COMPRAS,1105,20,PIEZAS PLANEADAS VS PIEZAS PROGRAMADAS,87.5 % ,80 % ,87.5 % ,17.5,3,Mayor al 80 %,80,66,82.5 %
2026,3,101,3,JEFATURA DE COMPRAS,1103,,PARES PROGRAMADOS VS PARES NO SURTIDOS DE BOTAS,NA , , ,,0,,80,66,82.5 %
2026,3,101,14,JEFATURA DE COMPRAS,1005,,GPTW,NA , , ,,0,,80,66,82.5 %
2026,3,101,1,JEFATURA DE COMPRAS,1101,20,PRESUPUESTO DEL INVENTARIO DEL ALMACÉN DE PIELES,"$ 79,956,225 ","$ 106,218,803 ",75.3 % ,20,2,Menor al 110 %,80,66,82.5 %
2026,3,101,13,JEFATURA DE COMPRAS,103 d,5,ROTACIÓN DE PERSONAL DE ÁREAS OPERATIVAS,4 % ,3 % ,80 % ,4,3,3 %  -  100 %<BR>3.5 %  -  90 %<BR>4 %  -  80 %,80,66,82.5 %
2026,3,101,2,JEFATURA DE COMPRAS,1102,5,PRESUPUESTO DEL INVENTARIO DEL ALMACÉN DE MATERIA PRIMA,"$ 25,182,637 ","$ 24,078,896 ",104.6 % ,4.8,3,Menor al 110 %,80,66,82.5 %
2026,3,101,8,JEFATURA DE COMPRAS,2005,5,CUENTAS POR PAGAR,34.0 dias ,40 dias ,85 % ,5,2,Menor al 130 %,80,66,82.5 %
2026,3,304,5,JEFATURA DE DESARROLLO BOTAS,3405,,CUMPLIMIENTO DE ENTREGABLES <BR> EN LA ETAPA DE MUESTRAS A INGENIERIA DE COSTOS Y SISTEMAS,NA , , ,,0,,35,25.5,72.9 %
2026,3,304,6,JEFATURA DE DESARROLLO BOTAS,3406,,ENTREGA DE MUESTRAS VS CALENDARIO ESTABLECIDO BOTAS,NA , , ,,0,,35,25.5,72.9 %
2026,3,304,4,JEFATURA DE DESARROLLO BOTAS,3404,9,CUMPLIMIENTO DE ANÁLISIS DE  VIABILIDAD Y FACTIBILIDAD,100 % ,100 % ,100 % ,9,1,Resultado Logrado,35,25.5,72.9 %
2026,3,304,2,JEFATURA DE DESARROLLO BOTAS,3402,,CUMPLIMIENTO EN EL CALENDARIO DE AMEF <BR> VS CALENDARIO ESTABLECIDO,NA , , ,,0,,35,25.5,72.9 %
2026,3,304,3,JEFATURA DE DESARROLLO BOTAS,3403,,CUMPLIMIENTO EN EL CALENDARIO DE LIBERACIONES <BR> VS CALENDARIO ESTABLECIDO BOTAS ( RESULTADO SEMESTRAL ),NA , , ,,0,,35,25.5,72.9 %
2026,3,304,9,JEFATURA DE DESARROLLO BOTAS,3409,4,"CUMPLIMIENTO EN LOS AVANCES DE WIP EN SISTEMA, <BR> 12 DÍAS EN BOTAS PROTOTIPOS, MUESTRAS Y LOTES PILOTO",32.4 % ,100 % ,32.4 % ,1.3,3,Resultado Logrado,35,25.5,72.9 %
2026,3,304,12,JEFATURA DE DESARROLLO BOTAS,101 dd,,AUDITORIAS INTERNAS DE DESARROLLO BOTAS,NA , , ,,0,,35,25.5,72.9 %
2026,3,304,11,JEFATURA DE DESARROLLO BOTAS,3411,8,PORCENTAJE DE REPROCESOS EN MUESTRAS Y LOTES PILOTO DE BOTAS,49.2 % ,100 % ,49.2 % ,3.9,3,Resultado Logrado,35,25.5,72.9 %
2026,3,304,13,JEFATURA DE DESARROLLO BOTAS,102 o,5,"AUDITORIA DE 5'S EN EL ÁREA DE DESARROLLO BOTAS",84.9 % ,100 % ,84.9 % ,4.2,3,Resultado Logrado,35,25.5,72.9 %
2026,3,304,15,JEFATURA DE DESARROLLO BOTAS,1005,,GPTW,NA , , ,,0,,35,25.5,72.9 %
2026,3,304,14,JEFATURA DE DESARROLLO BOTAS,103 d,5,ROTACIÓN DE PERSONAL DE ÁREAS OPERATIVAS,4 % ,3 % ,80 % ,4,3,3 %  -  100 %<BR>3.5 %  -  90 %<BR>4 %  -  80 %,35,25.5,72.9 %
2026,3,304,7,JEFATURA DE DESARROLLO BOTAS,3407,,EFECTIVIDAD EN EL PAQUETE TÉCNICO <BR> Y ENTREGABLES EN LA LIBERACIÓN DEL MODELO A PRODUCCIÓN,NA , , ,,0,,35,25.5,72.9 %
2026,3,304,1,JEFATURA DE DESARROLLO BOTAS,3401,,ENTREGA DE PROTOTIPOS VS CALENDARIO BOTAS,NA , , ,,0,,35,25.5,72.9 %
2026,3,304,8,JEFATURA DE DESARROLLO BOTAS,3408,,CUMPLIMIENTO DE ENTREGAS DE PAQUETES TÉCNICOS CONFORME A CALENDARIO DE ENTREGA DE BETA 7,NA , , ,,0,,35,25.5,72.9 %
2026,3,304,10,JEFATURA DE DESARROLLO BOTAS,3410,4,CUMPLIMIENTO DE ENTREGA DE PRECOSTEO BOTAS,77.5 % ,100 % ,77.5 % ,3.1,3,Resultado Logrado,35,25.5,72.9 %
2026,3,308,10,JEFATURA DE MANTENIMIENTO,103 d,5,ROTACIÓN DE PERSONAL DE ÁREAS OPERATIVAS,4 % ,3 % ,80 % ,4,3,3 %  -  100 %<BR>3.5 %  -  90 %<BR>4 %  -  80 %,85,75.2,88.5 %
2026,3,308,9,JEFATURA DE MANTENIMIENTO,102 s,5,"AUDITORIA DE 5'S EN EL ÁREA DE MANTENIMIENTO",73.5 % ,100 % ,73.5 % ,3.7,3,Resultado Logrado,85,75.2,88.5 %
2026,3,308,1,JEFATURA DE MANTENIMIENTO,3801,20,CUMPLIMIENTO  DEL PLAN DE <BR> MANTENIMIENTO PREVENTIVO VS CALENDARIO,96 % ,100 % ,96 % ,19.2,3,Resultado Logrado,85,75.2,88.5 %
2026,3,308,4,JEFATURA DE MANTENIMIENTO,3804,10,MANTENIMIENTO AUTÓNOMO,99.6 % ,100 % ,99.6 % ,10,3,Resultado Logrado,85,75.2,88.5 %
2026,3,308,5,JEFATURA DE MANTENIMIENTO,3805,5,CONTROLAR Y ADMINISTRAR INVENTARIOS DE MAQUINARIA,1 maquinas ,0 maquinas ,0 % ,0,4,,85,75.2,88.5 %
2026,3,308,2,JEFATURA DE MANTENIMIENTO,3802,15,ADMINISTRAR EL MANTENIMIENTO CORRECTIVO,98.9 % ,100 % ,98.9 % ,14.8,3,Resultado Logrado,85,75.2,88.5 %
2026,3,308,8,JEFATURA DE MANTENIMIENTO,101 dh,,AUDITORIAS INTERNAS DE MANTENIMIENTO,NA , , ,,0,,85,75.2,88.5 %
2026,3,308,3,JEFATURA DE MANTENIMIENTO,3803,15,MANTENIMIENTO PREDICTIVO,90 % ,100 % ,90 % ,13.5,3,Resultado Logrado,85,75.2,88.5 %
2026,3,308,7,JEFATURA DE MANTENIMIENTO,3807,5,COMPARATIVO DEL GASTO REAL CONTRA LO PLANEADO,-28 % ,5 % ,100 % ,5,2,,85,75.2,88.5 %
2026,3,308,11,JEFATURA DE MANTENIMIENTO,1005,,GPTW,NA , , ,,0,,85,75.2,88.5 %
2026,3,308,6,JEFATURA DE MANTENIMIENTO,3806,5,CONTROLAR Y ADMINISTRAR INVENTARIOS DE REFACCIONES,0 items ,5 item ,100 % ,5,2,,85,75.2,88.5 %
2026,3,303,12,JEFATURA DE PRODUCCIÓN ACCESORIOS,3310,1.25,EFECTIVIDAD EN ENTREGAS A PT BILLETERAS ( ANTIGÜEDAD DE LOTES EN WIP ),90.7 % ,100 % ,90.7 % ,1.1,3,Resultado Logrado,85,85.1,100.1 %
2026,3,303,25,JEFATURA DE PRODUCCIÓN ACCESORIOS,3321,5,REPROCESOS EN PLANTA ( LINEAS DE ACCESORIOS ),3.1 % ,5 % ,100 % ,5,2,5 %  -  100 %<BR>6.5 %  -  80 %<BR>8 %  -  60 %,85,85.1,100.1 %
2026,3,303,28,JEFATURA DE PRODUCCIÓN ACCESORIOS,102 n,5,"AUDITORIA DE 5'S EN EL ÁREA DE ACCESORIOS",95.9 % ,100 % ,95.9 % ,4.8,3,Resultado Logrado,85,85.1,100.1 %
2026,3,303,27,JEFATURA DE PRODUCCIÓN ACCESORIOS,101 dc,,AUDITORIAS INTERNAS DE PRODUCCIÓN ACCESORIOS,NA , , ,,0,,85,85.1,100.1 %
2026,3,303,22,JEFATURA DE PRODUCCIÓN ACCESORIOS,3318,1.75,PRESUPUESTO DE COSTO DE MANO DE OBRA DIRECTA EN BOLSAS,$ 332.99 ,$ 338.81 ,100 % ,1.8,2,,85,85.1,100.1 %
2026,3,303,2,JEFATURA DE PRODUCCIÓN ACCESORIOS,3301,3.75,DÍAS DE WIP CINTOS,5.9 dias ,7 dias ,100 % ,3.8,2,7 dias  -  100 %<BR>8 dias  -  80 %<BR>9 dias  -  60 %,85,85.1,100.1 %
2026,3,303,24,JEFATURA DE PRODUCCIÓN ACCESORIOS,3320,1.25,EFECTIVIDAD EN ENTREGAS A PT BOLSAS ( ANTIGÜEDAD DE LOTES EN WIP ),89.8 % ,100 % ,89.8 % ,1.1,3,Resultado Logrado,85,85.1,100.1 %
2026,3,303,13,JEFATURA DE PRODUCCIÓN ACCESORIOS,3004,5.5,PRODUCTIVIDAD DE CHAMARRAS,"2,763 pzs ","2,584 pzs ",106.9 % ,5.5,1,Mayor al 70 %,85,85.1,100.1 %
2026,3,303,9,JEFATURA DE PRODUCCIÓN ACCESORIOS,3307,1.75,PRODUCTIVIDAD PIEZAS / HOMBRE  ( BILLETERAS ),4.35 pzs/hom ,4.19 pzs/hom ,100 % ,1.8,1,,85,85.1,100.1 %
2026,3,303,26,JEFATURA DE PRODUCCIÓN ACCESORIOS,3322,7,BAJAS DE CALIDAD EN PRODUCCIÓN ( LINEAS DE ACCESORIOS ),0 % ,0.5 % ,100 % ,7,2,0.5 %  -  100 %<BR>1 %  -  80 %<BR>1.5 %  -  60 %,85,85.1,100.1 %
2026,3,303,11,JEFATURA DE PRODUCCIÓN ACCESORIOS,3309,1.75,CUMPLIMIENTO DEL COSTO PRESUPUESTADO <BR> EN MATERIALES DIRECTOS E INDIRECTOS DE BILLETERAS,100 % ,95 % ,100 % ,1.8,1,95 %  -  100 %<BR>94 %  -  80 %<BR>93 %  -  60 %,85,85.1,100.1 %
2026,3,303,10,JEFATURA DE PRODUCCIÓN ACCESORIOS,3308,1.75,PRESUPUESTO DE COSTO DE MANO DE OBRA DIRECTA EN BILLETERAS,$ 120.34 ,$ 124.01 ,100 % ,1.8,2,,85,85.1,100.1 %
2026,3,303,23,JEFATURA DE PRODUCCIÓN ACCESORIOS,3319,1.75,CUMPLIMIENTO DEL COSTO PRESUPUESTADO <BR> EN MATERIALES DIRECTOS E INDIRECTOS DE BOLSAS,100 % ,95 % ,100 % ,1.8,1,95 %  -  100 %<BR>94 %  -  80 %<BR>93 %  -  60 %,85,85.1,100.1 %
2026,3,303,3,JEFATURA DE PRODUCCIÓN ACCESORIOS,3302,1.75,PRODUCTIVIDAD PIEZAS / HOMBRE  ( CINTOS ),108 pzs/hom ,92 pzs/hom ,100 % ,1.8,1,,85,85.1,100.1 %
2026,3,303,19,JEFATURA DE PRODUCCIÓN ACCESORIOS,3005,5.5,PRODUCTIVIDAD DE BOLSAS,"3,582 pzs ","3,572 pzs ",100.3 % ,5.5,1,Mayor al 70 %,85,85.1,100.1 %
2026,3,303,6,JEFATURA DE PRODUCCIÓN ACCESORIOS,3305,1.25,EFECTIVIDAD EN ENTREGAS A PT CINTOS ( ANTIGÜEDAD DE LOTES EN WIP ),96.9 % ,100 % ,96.9 % ,1.2,3,Resultado Logrado,85,85.1,100.1 %
2026,3,303,16,JEFATURA DE PRODUCCIÓN ACCESORIOS,3313,1.75,PRESUPUESTO DE COSTO DE MANO DE OBRA DIRECTA EN CHAMARRAS,$ 464.46 ,$ 529.21 ,100 % ,1.8,2,,85,85.1,100.1 %
2026,3,303,8,JEFATURA DE PRODUCCIÓN ACCESORIOS,3306,3.75,DÍAS DE WIP BILLETERAS,6.0 dias ,7 dias ,100 % ,3.8,2,7 dias  -  100 %<BR>8 dias  -  80 %<BR>9 dias  -  60 %,85,85.1,100.1 %
2026,3,303,5,JEFATURA DE PRODUCCIÓN ACCESORIOS,3304,1.75,CUMPLIMIENTO DEL COSTO PRESUPUESTADO <BR> EN MATERIALES DIRECTOS E INDIRECTOS DE CINTOS,100 % ,95 % ,100 % ,1.8,1,95 %  -  100 %<BR>94 %  -  80 %<BR>93 %  -  60 %,85,85.1,100.1 %
2026,3,303,1,JEFATURA DE PRODUCCIÓN ACCESORIOS,3002,5.5,PRODUCTIVIDAD DE CINTOS,"15,395 pzs ","15,770 pzs ",97.6 % ,5.4,3,Mayor al 70 %,85,85.1,100.1 %
2026,3,303,15,JEFATURA DE PRODUCCIÓN ACCESORIOS,3312,1.75,PRODUCTIVIDAD PIEZAS / HOMBRE  ( CHAMARRAS ),1.38 pzs/hom ,1.12 pzs/hom ,100 % ,1.8,1,,85,85.1,100.1 %
2026,3,303,4,JEFATURA DE PRODUCCIÓN ACCESORIOS,3303,1.75,PRESUPUESTO DE COSTO DE MANO DE OBRA DIRECTA EN CINTOS,$ 50.99 ,$ 51.11 ,100 % ,1.8,2,,85,85.1,100.1 %
2026,3,303,17,JEFATURA DE PRODUCCIÓN ACCESORIOS,3314,1.75,CUMPLIMIENTO DEL COSTO PRESUPUESTADO <BR> EN MATERIALES DIRECTOS E INDIRECTOS DE CHAMARRAS,100 % ,95 % ,100 % ,1.8,1,95 %  -  100 %<BR>94 %  -  80 %<BR>93 %  -  60 %,85,85.1,100.1 %
2026,3,303,29,JEFATURA DE PRODUCCIÓN ACCESORIOS,103 c,5,ROTACIÓN DE PERSONAL DE ACCESORIOS,1.7 % ,3 % ,100 % ,5,2,3 %  -  100 %<BR>3.5 %  -  90 %<BR>4 %  -  80 %,85,85.1,100.1 %
2026,3,303,21,JEFATURA DE PRODUCCIÓN ACCESORIOS,3317,1.75,PRODUCTIVIDAD PIEZAS / HOMBRE  ( BOLSAS ),1.68 pzs/hom ,1.60 pzs/hom ,100 % ,1.8,1,,85,85.1,100.1 %
2026,3,303,14,JEFATURA DE PRODUCCIÓN ACCESORIOS,3311,3.75,DÍAS DE WIP CHAMARRAS,6.3 dias ,7 dias ,100 % ,3.8,2,7 dias  -  100 %<BR>8 dias  -  80 %<BR>9 dias  -  60 %,85,85.1,100.1 %
2026,3,303,18,JEFATURA DE PRODUCCIÓN ACCESORIOS,3315,1.25,EFECTIVIDAD EN ENTREGAS A PT CHAMARRAS ( ANTIGÜEDAD DE LOTES EN WIP ),93.9 % ,100 % ,93.9 % ,1.2,3,Resultado Logrado,85,85.1,100.1 %
2026,3,303,30,JEFATURA DE PRODUCCIÓN ACCESORIOS,1005,,GPTW,NA , , ,,0,,85,85.1,100.1 %
2026,3,303,20,JEFATURA DE PRODUCCIÓN ACCESORIOS,3316,3.75,DÍAS DE WIP BOLSAS,6.5 dias ,7 dias ,100 % ,3.8,2,7 dias  -  100 %<BR>8 dias  -  80 %<BR>9 dias  -  60 %,85,85.1,100.1 %
2026,3,303,7,JEFATURA DE PRODUCCIÓN ACCESORIOS,3003,5.5,PRODUCTIVIDAD DE BILLETERAS,"6,641 pzs ","6,460 pzs ",102.8 % ,5.5,1,Mayor al 70 %,85,85.1,100.1 %
2026,3,307,1,JEFATURA DE INGENIERÍA DE COSTOS Y SISTEMA,3701,25,VARIACIÓN ENTRE EL COSTO REAL DE MATERIALES DIRECTOS VS PRESUPUESTADO,"$ 5,483,694 ","$ 57,452,664 ",100 % ,25,2,,75,65.8,87.7 %
2026,3,307,9,JEFATURA DE INGENIERÍA DE COSTOS Y SISTEMA,1005,,GPTW,NA , , ,,0,,75,65.8,87.7 %
2026,3,307,2,JEFATURA DE INGENIERÍA DE COSTOS Y SISTEMA,3702,20,VARIACIÓN ENTRE EL COSTO REAL DE MATERIALES INDIRECTOS VS PRESUPUESTADO,"$ 4,469,778 ","$ 5,325,236 ",100 % ,20,2,,75,65.8,87.7 %
2026,3,307,8,JEFATURA DE INGENIERÍA DE COSTOS Y SISTEMA,103 d,5,ROTACIÓN DE PERSONAL DE ÁREAS OPERATIVAS,4 % ,3 % ,80 % ,4,3,3 %  -  100 %<BR>3.5 %  -  90 %<BR>4 %  -  80 %,75,65.8,87.7 %
2026,3,307,3,JEFATURA DE INGENIERÍA DE COSTOS Y SISTEMA,3703,10,AFECTACIÓN DE EXISTENCIAS EN MATERIALES POR MODIFICACIÓN EN CONSTANTES <BR> ( INVENTARIOS SOBRANTES DERIVADOS DE LOS CAMBIOS ),"$ 87,000 ",$ 0.01 ,50 % ,5,3,,75,65.8,87.7 %
2026,3,307,4,JEFATURA DE INGENIERÍA DE COSTOS Y SISTEMA,3704,10,ENTREGA DE COSTEOS DE PRODUCTOS CUADRA,80 % ,100 % ,80 % ,8,3,100 %  -  100 %<BR>90 %  -  90 %<BR>80 %  -  80 %,75,65.8,87.7 %
2026,3,307,5,JEFATURA DE INGENIERÍA DE COSTOS Y SISTEMA,3705,,CUMPLIMIENTO DEL CALENDARIO DE <BR> DEPURACIÓN DE CONTANTES Y HERRAMENTALES <BR> ( RESULTADO SEMESTRAL | JUNIO Y DICIEMBRE ),NA , , ,,0,,75,65.8,87.7 %
2026,3,307,7,JEFATURA DE INGENIERÍA DE COSTOS Y SISTEMA,102 r,5,"AUDITORIA DE 5'S EN EL ÁREA DE INGENIERÍA DE COSTOS Y SISTEMAS",75 % ,100 % ,75 % ,3.8,3,Resultado Logrado,75,65.8,87.7 %
2026,3,307,6,JEFATURA DE INGENIERÍA DE COSTOS Y SISTEMA,101 dg,,AUDITORIAS INTERNAS DE INGENIERÍA DE COSTOS Y SISTEMA,NA , , ,,0,,75,65.8,87.7 %
2026,3,305,10,JEFATURA DE DESARROLLO ACCESORIOS,3510,8,PORCENTAJE DE REPROCESOS EN MUESTRAS Y LOTES PILOTO DE ACCESORIOS,50 % ,100 % ,50 % ,4,3,Resultado Logrado,48,37.9,79 %
2026,3,305,11,JEFATURA DE DESARROLLO ACCESORIOS,101 de,,AUDITORIAS INTERNAS DE DESARROLLO ACCESORIOS,NA , , ,,0,,48,37.9,79 %
2026,3,305,9,JEFATURA DE DESARROLLO ACCESORIOS,3509,4,CUMPLIMIENTO DE ENTREGA DE PRECOSTEO ACCESORIOS,77.5 % ,100 % ,77.5 % ,3.1,3,Resultado Logrado,48,37.9,79 %
2026,3,305,12,JEFATURA DE DESARROLLO ACCESORIOS,102 n,5,"AUDITORIA DE 5'S EN EL ÁREA DE ACCESORIOS",95.9 % ,100 % ,95.9 % ,4.8,3,Resultado Logrado,48,37.9,79 %
2026,3,305,13,JEFATURA DE DESARROLLO ACCESORIOS,103 d,5,ROTACIÓN DE PERSONAL DE ÁREAS OPERATIVAS,4 % ,3 % ,80 % ,4,3,3 %  -  100 %<BR>3.5 %  -  90 %<BR>4 %  -  80 %,48,37.9,79 %
2026,3,305,4,JEFATURA DE DESARROLLO ACCESORIOS,3504,9,CUMPLIMIENTO DE ANÁLISIS DE  VIABILIDAD Y FACTIBILIDAD,100 % ,100 % ,100 % ,9,1,Resultado Logrado,48,37.9,79 %
2026,3,305,8,JEFATURA DE DESARROLLO ACCESORIOS,3508,4,"CUMPLIMIENTO DE LOS AVANCES PARA CUMPLIR CON LOS DÍAS DE WIP <BR> 7 DÍAS EN PROTOTIPOS, MUESTRAS, LOTES PILOTO DE ACCESORIOS",28.2 % ,100 % ,28.2 % ,1.1,3,Resultado Logrado,48,37.9,79 %
2026,3,305,14,JEFATURA DE DESARROLLO ACCESORIOS,1005,,GPTW,NA , , ,,0,,48,37.9,79 %
2026,3,305,5,JEFATURA DE DESARROLLO ACCESORIOS,3505,,CUMPLIMIENTO DE ENTREGABLES EN LA ETAPA DE <BR> MUESTRAS A INGENIERÍA DE COSTOS Y CONSUMOS ( SEMESTRAL ),NA , , ,,0,,48,37.9,79 %
2026,3,305,2,JEFATURA DE DESARROLLO ACCESORIOS,3502,9,CUMPLIMIENTO EN LA PRESENTACIÓN DE LOS AMEF VS CALENDARIO ESTABLECIDO,90.8 % ,100 % ,90.8 % ,8.2,3,Resultado Logrado,48,37.9,79 %
2026,3,305,7,JEFATURA DE DESARROLLO ACCESORIOS,3507,4,EFECTIVIDAD EN EL PAQUETE TÉCNICO Y ENTREGABLES <BR> EN LA LIBERACIÓN DEL MODELO A PRODUCCIÓN,92.3 % ,100 % ,92.3 % ,3.7,3,Resultado Logrado,48,37.9,79 %
2026,3,305,3,JEFATURA DE DESARROLLO ACCESORIOS,3503,,CUMPLIMIENTO EN EL CALENDARIO DE LIBERACIONES <BR> VS. CALENDARIO ESTABLECIDO ACCESORIOS ( SEMESTRAL ),NA , , ,,0,,48,37.9,79 %
2026,3,305,1,JEFATURA DE DESARROLLO ACCESORIOS,3501,,ENTREGA DE PROTOTIPOS VS CALENDARIO ESTABLECIDO ACCESORIOS,NA , , ,,0,,48,37.9,79 %
2026,3,305,6,JEFATURA DE DESARROLLO ACCESORIOS,3506,,ENTREGA DE MUESTRAS VS CALENDARIO ESTABLECIDO ACCESORIOS,NA , , ,,0,,48,37.9,79 %
2026,3,401,4,JEFATURA DE CAPITAL HUMANO,4104,10,AUDITORIAS DE 5´S EJECUTADAS VS PROGRAMADAS,91.7 % ,95 % ,80 % ,8,3,95 %  -  100 %<BR>90 %  -  80 %<BR>85 %  -  60 %,85,80.2,94.4 %
2026,3,401,5,JEFATURA DE CAPITAL HUMANO,101 ea,,AUDITORIAS INTERNAS DE CAPITAL HUMANO,NA , , ,,0,,85,80.2,94.4 %
2026,3,401,8,JEFATURA DE CAPITAL HUMANO,1005,,GPTW,NA , , ,,0,,85,80.2,94.4 %
2026,3,401,1,JEFATURA DE CAPITAL HUMANO,4101,30,CUMPLIMIENTO DEL TIEMPO DE CONTRATACIÓN (= 15 DÍAS HÁBILES),14 días hab. ,15 días hab. ,100 % ,30,2,,85,80.2,94.4 %
2026,3,401,3,JEFATURA DE CAPITAL HUMANO,4103,15,CUMPLIMIENTO DE NORMATIVA LEGAL EN SEGURIDAD E HIGIENE,82 % ,80 % ,82 % ,12.3,3,Mayor al 80 %,85,80.2,94.4 %
2026,3,401,2,JEFATURA DE CAPITAL HUMANO,4102,20,TOTAL DE CAPACITACIONES REALIZADAS VS CAPACITACIONES PLANEADAS,100 % ,90 % ,100 % ,20,1,Mayor al 90 %,85,80.2,94.4 %
2026,3,401,6,JEFATURA DE CAPITAL HUMANO,102 u,5,"AUDITORIA DE 5'S EN EL ÁREA DE CAPITAL HUMANO",97.8 % ,100 % ,97.8 % ,4.9,3,Resultado Logrado,85,80.2,94.4 %
2026,3,401,7,JEFATURA DE CAPITAL HUMANO,103 f,5,ROTACIÓN DE PERSONAL ADMINISTRATIVO,1.2 % ,3 % ,100 % ,5,2,3 %  -  100 %<BR>3.5 %  -  90 %<BR>4 %  -  80 %,85,80.2,94.4 %
2026,3,402,2,JEFATURA DE GESTION DE CALIDAD,4202,25,INDICE DE PROCESOS DOCUMENTADOS VS PROCESOS PLANEADOS,90 % ,85 % ,90 % ,22.5,3,Mayor al 85 %,75,68.4,91.2 %
2026,3,402,6,JEFATURA DE GESTION DE CALIDAD,1005,,GPTW,NA , , ,,0,,75,68.4,91.2 %
2026,3,402,4,JEFATURA DE GESTION DE CALIDAD,102 v,5,"AUDITORIA DE 5'S EN EL ÁREA DE GESTION DE CALIDAD",98.9 % ,100 % ,98.9 % ,4.9,3,Resultado Logrado,75,68.4,91.2 %
2026,3,402,1,JEFATURA DE GESTION DE CALIDAD,4201,40,CUMPLIMIENTO DE AUDITORIAS INTERNAS,90 % ,85 % ,90 % ,36,3,Mayor al 85 %,75,68.4,91.2 %
2026,3,402,5,JEFATURA DE GESTION DE CALIDAD,103 f,5,ROTACIÓN DE PERSONAL ADMINISTRATIVO,1.2 % ,3 % ,100 % ,5,2,3 %  -  100 %<BR>3.5 %  -  90 %<BR>4 %  -  80 %,75,68.4,91.2 %
2026,3,402,3,JEFATURA DE GESTION DE CALIDAD,101 eb,,AUDITORIAS INTERNAS DE SISTEMAS DE GESTIÓN,NA , , ,,0,,75,68.4,91.2 %
2026,3,306,13,JEFATURA DE INGENIERÍA DE PROCESOS,102 q,5,"AUDITORIA DE 5'S EN EL ÁREA DE INGENIERÍA DE PROCESOS",100 % ,100 % ,100 % ,5,1,Resultado Logrado,75,70,93.3 %
2026,3,306,8,JEFATURA DE INGENIERÍA DE PROCESOS,3302,5,PRODUCTIVIDAD PIEZAS / HOMBRE  ( CINTOS ),108 pzs/hom ,92 pzs/hom ,100 % ,5,1,,75,70,93.3 %
2026,3,306,3,JEFATURA DE INGENIERÍA DE PROCESOS,3303,5,PRESUPUESTO DE COSTO DE MANO DE OBRA DIRECTA EN CINTOS,$ 50.99 ,$ 51.11 ,100 % ,5,2,,75,70,93.3 %
2026,3,306,5,JEFATURA DE INGENIERÍA DE PROCESOS,3313,10,PRESUPUESTO DE COSTO DE MANO DE OBRA DIRECTA EN CHAMARRAS,$ 464.46 ,$ 529.21 ,100 % ,10,2,,75,70,93.3 %
2026,3,306,10,JEFATURA DE INGENIERÍA DE PROCESOS,3312,5,PRODUCTIVIDAD PIEZAS / HOMBRE  ( CHAMARRAS ),1.38 pzs/hom ,1.12 pzs/hom ,100 % ,5,1,,75,70,93.3 %
2026,3,306,12,JEFATURA DE INGENIERÍA DE PROCESOS,101 df,,AUDITORIAS INTERNAS DE INGENIERÍA DE PROCESOS,NA , , ,,0,,75,70,93.3 %
2026,3,306,9,JEFATURA DE INGENIERÍA DE PROCESOS,3307,5,PRODUCTIVIDAD PIEZAS / HOMBRE  ( BILLETERAS ),4.35 pzs/hom ,4.19 pzs/hom ,100 % ,5,1,,75,70,93.3 %
2026,3,306,7,JEFATURA DE INGENIERÍA DE PROCESOS,3101,5,PRODUCTIVIDAD PARES / HOMBRE ( BOTAS ),3.75 prs/hom ,3.50 prs/hom ,100 % ,5,1,,75,70,93.3 %
2026,3,306,6,JEFATURA DE INGENIERÍA DE PROCESOS,3318,10,PRESUPUESTO DE COSTO DE MANO DE OBRA DIRECTA EN BOLSAS,$ 332.99 ,$ 338.81 ,100 % ,10,2,,75,70,93.3 %
2026,3,306,11,JEFATURA DE INGENIERÍA DE PROCESOS,3317,5,PRODUCTIVIDAD PIEZAS / HOMBRE  ( BOLSAS ),1.68 pzs/hom ,1.60 pzs/hom ,100 % ,5,1,,75,70,93.3 %
2026,3,306,4,JEFATURA DE INGENIERÍA DE PROCESOS,3308,5,PRESUPUESTO DE COSTO DE MANO DE OBRA DIRECTA EN BILLETERAS,$ 120.34 ,$ 124.01 ,100 % ,5,2,,75,70,93.3 %
2026,3,306,2,JEFATURA DE INGENIERÍA DE PROCESOS,3102,10,PRESUPUESTO DE COSTO DE MANO DE OBRA DIRECTA DE BOTAS,$ 251.50 ,$ 239.01 ,60 % ,6,3,,75,70,93.3 %
2026,3,306,1,JEFATURA DE INGENIERÍA DE PROCESOS,3601,,CUMPLIMIENTO DEL PROGRAMA DE <BR> PROYECTOS DE MEJORA CONTINUA ( RESULTADO TRIMESTRAL ),NA , , ,,0,,75,70,93.3 %
2026,3,306,14,JEFATURA DE INGENIERÍA DE PROCESOS,103 d,5,ROTACIÓN DE PERSONAL DE ÁREAS OPERATIVAS,4 % ,3 % ,80 % ,4,3,3 %  -  100 %<BR>3.5 %  -  90 %<BR>4 %  -  80 %,75,70,93.3 %
2026,3,306,15,JEFATURA DE INGENIERÍA DE PROCESOS,1005,,GPTW,NA , , ,,0,,75,70,93.3 %
2026,3,103,7,JEFATURA DE PPCP,1307,10,CUMPLIMIENTO DEL PRESUPUESTO EN AVÍOS <BR> ( MATERIALES GESTIONADOS POR PPCP ),"$ 1,269,259 ","$ 2,773,348 ",45.8 % ,10,2,Menor al 110 %,95,82.4,86.7 %
2026,3,103,1,JEFATURA DE PPCP,1301,25,ADMINISTRACIÓN DE LA DEMANDA DE BOTAS,4 semanas ,4 semanas ,100 % ,25,6,Resultado Logrado,95,82.4,86.7 %
2026,3,103,5,JEFATURA DE PPCP,1305,10,ADMINISTRACIÓN DE LA DEMANDA DE BOLSAS,0 semanas ,4 semanas ,0 % ,0,7,Resultado Logrado,95,82.4,86.7 %
2026,3,103,6,JEFATURA DE PPCP,1306,10,EFECTIVIDAD DE ÍTEMS NEGROS / AMARILLOS VS NECESIDAD EN PREMONTADO <BR> ( ÍTEMS SIN EXISTENCIA O PARCIALIDADES DE AVÍO QUE CONTROLA PPCP ),0.9 items ,1 item ,100 % ,10,2,,95,82.4,86.7 %
2026,3,103,2,JEFATURA DE PPCP,1302,10,ADMINISTRACIÓN DE LA DEMANDA DE CINTOS,4 semanas ,4 semanas ,100 % ,10,6,Resultado Logrado,95,82.4,86.7 %
2026,3,103,8,JEFATURA DE PPCP,102 h,5,"AUDITORIA DE 5'S EN EL ÁREA DE PPCP",98.9 % ,100 % ,98.9 % ,4.9,3,Resultado Logrado,95,82.4,86.7 %
2026,3,103,4,JEFATURA DE PPCP,1304,10,ADMINISTRACIÓN DE LA DEMANDA DE CHAMARRAS,3 semanas ,4 semanas ,75 % ,7.5,3,Resultado Logrado,95,82.4,86.7 %
2026,3,103,9,JEFATURA DE PPCP,103 f,5,ROTACIÓN DE PERSONAL ADMINISTRATIVO,1.2 % ,3 % ,100 % ,5,2,3 %  -  100 %<BR>3.5 %  -  90 %<BR>4 %  -  80 %,95,82.4,86.7 %
2026,3,103,3,JEFATURA DE PPCP,1303,10,ADMINISTRACIÓN DE LA DEMANDA DE BILLETERAS,4 semanas ,4 semanas ,100 % ,10,6,Resultado Logrado,95,82.4,86.7 %
2026,3,103,10,JEFATURA DE PPCP,1005,,GPTW,NA , , ,,0,,95,82.4,86.7 %
2026,3,309,4,JEFATURA DE MAQUILAS,3904,10,CUMPLIMIENTO EN EL REGRESOS DE MATERIALES SOBRANTES  AL ALMACÉN DE PIELES  <BR>  PARA PROGRAMAS DE BETA 7 <BR> ( REGRESOS EN UN MÁXIMO DE 28 DÍAS NATURALES DESPUÉS DE SU PROGRAMACIÓN ),100 % ,100 % ,100 % ,10,1,,95,67.3,70.8 %
2026,3,309,10,JEFATURA DE MAQUILAS,1005,,GPTW,NA , , ,,0,,95,67.3,70.8 %
2026,3,309,2,JEFATURA DE MAQUILAS,3902,15,CUMPLIMIENTO DE FECHAS DE ENTREGA DE MAQUILA EXTERNA DE CINTOS <BR> VS FECHAS ESTABLECIDAS DE ENTREGA <BR> ( MÁXIMO 13 DÍAS HÁBILES A PARTIR DE LA FECHA DE PROGRAMACIÓN ),91 % ,95 % ,90 % ,13.5,3,95 %  -  100 %<BR>90 %  -  90 %<BR>85 %  -  80 %,95,67.3,70.8 %
2026,3,309,1,JEFATURA DE MAQUILAS,3901,20,CUMPLIMIENTO DE FECHAS DE ENTREGA DE BETA 7 <BR> VS FECHAS ESTABLECIDAS DE ENTREGA <BR> ( MÁXIMO 17 DÍAS HÁBILES A PARTIR DE LA FECHA DE PROGRAMACIÓN ),91.5 % ,95 % ,90 % ,18,3,95 %  -  100 %<BR>90 %  -  90 %<BR>85 %  -  80 %,95,67.3,70.8 %
2026,3,309,3,JEFATURA DE MAQUILAS,3903,15,EFICIENCIA EN TIEMPO DE ENTREGA DE LOS PROVEEDORES DE AVÍOS <BR> ( CFI MÁXIMO 7 DÍAS HÁBILES Y MORAN MÁXIMO 8 DÍAS HÁBILES ),88 % ,95 % ,80 % ,12,3,95 %  -  100 %<BR>90 %  -  90 %<BR>85 %  -  80 %,95,67.3,70.8 %
2026,3,309,7,JEFATURA DE MAQUILAS,101 di,10,AUDITORIAS INTERNAS DE MAQUILAS,76.8 % ,85 % ,76.8 % ,0,5,Mayor al 85 %,95,67.3,70.8 %
2026,3,309,6,JEFATURA DE MAQUILAS,3906,5,EFICIENCIA EN LA ACTUALIZACIÓN DE COSTOS PARA MAQUILAS <BR> ( LOS COSTOS EN SISTEMA Y LOS DOCUMENTOS DE LA CARPETA DE ANEXOS  DEBEN<BR> SER ACTUALIZADOS EN MÁXIMO EN UNA SEMANA HÁBIL SIGUIENTE A SU RECEPCIÓN ),100 % ,100 % ,100 % ,5,1,,95,67.3,70.8 %
2026,3,309,5,JEFATURA DE MAQUILAS,3905,10,CUMPLIMIENTO EN EL REGRESOS DE MATERIALES  SOBRANTES AL ALMACÉN DE PIELES <BR> PARA PROGRAMAS DE MAQUILA EXTERNA DE CINTOS  <BR> ( REGRESOS EN UN MÁXIMO DE 21 DÍAS NATURALES DESPUÉS DE SU PROGRAMACIÓN ),75 % ,100 % ,0 % ,0,5,,95,67.3,70.8 %
2026,3,309,8,JEFATURA DE MAQUILAS,102 t,5,"AUDITORIA DE 5'S EN EL ÁREA DE MAQUILAS",96.5 % ,100 % ,96.5 % ,4.8,3,Resultado Logrado,95,67.3,70.8 %
2026,3,309,9,JEFATURA DE MAQUILAS,103 d,5,ROTACIÓN DE PERSONAL DE ÁREAS OPERATIVAS,4 % ,3 % ,80 % ,4,3,3 %  -  100 %<BR>3.5 %  -  90 %<BR>4 %  -  80 %,95,67.3,70.8 %
2026,3,301,12,JEFATURA DE PRODUCCIÓN BOTAS I,1005,,GPTW,NA , , ,,0,,70,64.1,91.6 %
2026,3,301,5,JEFATURA DE PRODUCCIÓN BOTAS I,3103,7,CUMPLIMIENTO DEL COSTO PRESUPUESTADO <BR> DE MATERIALES DIRECTOS E INDIRECTOS,100 % ,95 % ,100 % ,7,1,95 %  -  100 %<BR>94 %  -  80 %<BR>93 %  -  60 %,70,64.1,91.6 %
2026,3,301,8,JEFATURA DE PRODUCCIÓN BOTAS I,3106,7,BAJAS DE CALIDAD EN PRODUCCIÓN ( LINEA DE BOTAS ),0 % ,0.5 % ,100 % ,7,2,0.5 %  -  100 %<BR>1 %  -  80 %<BR>1.5 %  -  60 %,70,64.1,91.6 %
2026,3,301,4,JEFATURA DE PRODUCCIÓN BOTAS I,3102,7,PRESUPUESTO DE COSTO DE MANO DE OBRA DIRECTA DE BOTAS,$ 251.50 ,$ 239.01 ,60 % ,4.2,3,,70,64.1,91.6 %
2026,3,301,1,JEFATURA DE PRODUCCIÓN BOTAS I,3001,22,PRODUCTIVIDAD DE BOTAS,"23,931 prs ","22,800 prs ",105 % ,22,1,Mayor al 70 %,70,64.1,91.6 %
2026,3,301,11,JEFATURA DE PRODUCCIÓN BOTAS I,103 b,5,ROTACIÓN DE PERSONAL DE BOTAS,2.4 % ,3 % ,100 % ,5,2,3 %  -  100 %<BR>3.5 %  -  90 %<BR>4 %  -  80 %,70,64.1,91.6 %
2026,3,301,9,JEFATURA DE PRODUCCIÓN BOTAS I,101 da,,AUDITORIAS INTERNAS DE PRODUCCIÓN BOTAS I,NA , , ,,0,,70,64.1,91.6 %
2026,3,301,3,JEFATURA DE PRODUCCIÓN BOTAS I,3101,7,PRODUCTIVIDAD PARES / HOMBRE ( BOTAS ),3.75 prs/hom ,3.50 prs/hom ,100 % ,7,1,,70,64.1,91.6 %
2026,3,301,6,JEFATURA DE PRODUCCIÓN BOTAS I,3104,5,EFECTIVIDAD EN ENTREGAS A PT ( ANTIGÜEDAD DE LOTES EN WIP ),72.7 % ,100 % ,72.7 % ,3.6,3,Resultado Logrado,70,64.1,91.6 %
2026,3,301,10,JEFATURA DE PRODUCCIÓN BOTAS I,102 l,5,"AUDITORIA DE 5'S EN EL ÁREA DE BOTAS I",66.5 % ,100 % ,66.5 % ,3.3,3,Resultado Logrado,70,64.1,91.6 %
2026,3,301,7,JEFATURA DE PRODUCCIÓN BOTAS I,3105,5,REPROCESOS EN PLANTA ( LINEA DE BOTAS ),4.5 % ,5 % ,100 % ,5,2,5 %  -  100 %<BR>6.5 %  -  80 %<BR>8 %  -  60 %,70,64.1,91.6 %
2026,3,302,8,JEFATURA DE PRODUCCIÓN BOTAS II,3106,7,BAJAS DE CALIDAD EN PRODUCCIÓN ( LINEA DE BOTAS ),0 % ,0.5 % ,100 % ,7,2,0.5 %  -  100 %<BR>1 %  -  80 %<BR>1.5 %  -  60 %,70,65.6,93.7 %
2026,3,302,7,JEFATURA DE PRODUCCIÓN BOTAS II,3105,5,REPROCESOS EN PLANTA ( LINEA DE BOTAS ),4.5 % ,5 % ,100 % ,5,2,5 %  -  100 %<BR>6.5 %  -  80 %<BR>8 %  -  60 %,70,65.6,93.7 %
2026,3,302,12,JEFATURA DE PRODUCCIÓN BOTAS II,1005,,GPTW,NA , , ,,0,,70,65.6,93.7 %
2026,3,302,6,JEFATURA DE PRODUCCIÓN BOTAS II,3104,5,EFECTIVIDAD EN ENTREGAS A PT ( ANTIGÜEDAD DE LOTES EN WIP ),72.7 % ,100 % ,72.7 % ,3.6,3,Resultado Logrado,70,65.6,93.7 %
2026,3,302,3,JEFATURA DE PRODUCCIÓN BOTAS II,3101,7,PRODUCTIVIDAD PARES / HOMBRE ( BOTAS ),3.75 prs/hom ,3.50 prs/hom ,100 % ,7,1,,70,65.6,93.7 %
2026,3,302,5,JEFATURA DE PRODUCCIÓN BOTAS II,3103,7,CUMPLIMIENTO DEL COSTO PRESUPUESTADO <BR> DE MATERIALES DIRECTOS E INDIRECTOS,100 % ,95 % ,100 % ,7,1,95 %  -  100 %<BR>94 %  -  80 %<BR>93 %  -  60 %,70,65.6,93.7 %
2026,3,302,1,JEFATURA DE PRODUCCIÓN BOTAS II,3001,22,PRODUCTIVIDAD DE BOTAS,"23,931 prs ","22,800 prs ",105 % ,22,1,Mayor al 70 %,70,65.6,93.7 %
2026,3,302,11,JEFATURA DE PRODUCCIÓN BOTAS II,103 b,5,ROTACIÓN DE PERSONAL DE BOTAS,2.4 % ,3 % ,100 % ,5,2,3 %  -  100 %<BR>3.5 %  -  90 %<BR>4 %  -  80 %,70,65.6,93.7 %
2026,3,302,4,JEFATURA DE PRODUCCIÓN BOTAS II,3102,7,PRESUPUESTO DE COSTO DE MANO DE OBRA DIRECTA DE BOTAS,$ 251.50 ,$ 239.01 ,60 % ,4.2,3,,70,65.6,93.7 %
2026,3,302,9,JEFATURA DE PRODUCCIÓN BOTAS II,101 db,,AUDITORIAS INTERNAS DE PRODUCCIÓN BOTAS II,NA , , ,,0,,70,65.6,93.7 %
2026,3,302,10,JEFATURA DE PRODUCCIÓN BOTAS II,102 m,5,"AUDITORIA DE 5'S EN EL ÁREA DE BOTAS II",95.3 % ,100 % ,95.3 % ,4.8,3,Resultado Logrado,70,65.6,93.7 %
2026,4,100,1,DIRECCIÓN MBC,1001,10,VENTAS NETAS,"$ 134,454,024 ","$ 129,285,908 ",104 % ,10,1,Mayor al 70 %,70,56.6,80.9 %
2026,4,100,4,DIRECCIÓN MBC,1004,10,FLUJO DE EFECTIVO,72.6 % ,80 % ,72.6 % ,0,5,Mayor al 80 %,70,56.6,80.9 %
2026,4,100,10,DIRECCIÓN MBC,1010,3,INVERSIONES ( EFICIENCIA OPERATIVA TESEO ),44 % ,75 % ,44 % ,0,5,Mayor al 75 %,70,56.6,80.9 %
2026,4,100,9,DIRECCIÓN MBC,1009,6,VENTAS DEPARTAMENTALES,"$ 2,438,344 ","$ 2,351,761 ",103.7 % ,6,1,Mayor al  %,70,56.6,80.9 %
2026,4,100,12,DIRECCIÓN MBC,1012,,DYNAMICS ( ERP MBC ),NA , , ,,0,,70,56.6,80.9 %
2026,4,100,5,DIRECCIÓN MBC,1005,,GPTW,NA , , ,,0,,70,56.6,80.9 %
2026,4,100,2,DIRECCIÓN MBC,1002,36,UTILIDADES DE OPERACIÓN,"$ 41,495,691 ","$ 34,633,302 ",119.8 % ,36,1,Mayor al 70 %,70,56.6,80.9 %
2026,4,100,8,DIRECCIÓN MBC,1008,,TALEN REVIEW JEFATURAS ( INICIO DE PLAN ),NA , , ,,0,,70,56.6,80.9 %
2026,4,100,11,DIRECCIÓN MBC,1011,5,PROCESOS ( MAPEO DE PROCESOS ),92 % ,80 % ,92 % ,4.6,3,Mayor al 80 %,70,56.6,80.9 %
2026,4,100,7,DIRECCIÓN MBC,1007,,TALEN REVIEW GERENCIAS ( PLAN DE DESARROLLO  ),NA , , ,,0,,70,56.6,80.9 %
2026,4,100,6,DIRECCIÓN MBC,1006,,SUSSESION PLAN ( PLAN DE SUCESIÓN PARA GERENTES ),NA , , ,,0,,70,56.6,80.9 %
2026,4,100,3,DIRECCIÓN MBC,1003,,UTILIDADES DE OPERACIÓN CORPORATIVA,NA , , ,,0,,70,56.6,80.9 %
2026,4,200,3,GERENCIA ADMINISTRATIVA,1004,8,FLUJO DE EFECTIVO,72.6 % ,80 % ,72.6 % ,0,5,Mayor al 80 %,67,55.8,83.3 %
2026,4,200,6,GERENCIA ADMINISTRATIVA,2003,5,GASTOS DE VENTA  ( GASTOS FIJOS QUE NO DEPENDEN DE LA VENTA ),"$ 2,562,729 ","$ 2,159,075 ",118.7 % ,4.1,3,Menor al 130 %,67,55.8,83.3 %
2026,4,200,7,GERENCIA ADMINISTRATIVA,2004,4,CUENTAS POR COBRAR,59.9 dias ,60 dias ,99.9 % ,4,2,Menor al 130 %,67,55.8,83.3 %
2026,4,200,11,GERENCIA ADMINISTRATIVA,1008,,TALEN REVIEW JEFATURAS ( INICIO DE PLAN ),NA , , ,,0,,67,55.8,83.3 %
2026,4,200,5,GERENCIA ADMINISTRATIVA,2002,8,GASTOS DE CENTRO DE SERVICIOS,"$ 1,362,849 ","$ 1,292,859 ",105.4 % ,7.6,3,Menor al 130 %,67,55.8,83.3 %
2026,4,200,10,GERENCIA ADMINISTRATIVA,1007,,TALEN REVIEW GERENCIAS ( PLAN DE DESARROLLO  ),NA , , ,,0,,67,55.8,83.3 %
2026,4,200,13,GERENCIA ADMINISTRATIVA,1012,,DYNAMICS ( ERP MBC ),NA , , ,,0,,67,55.8,83.3 %
2026,4,200,2,GERENCIA ADMINISTRATIVA,1002,10,UTILIDADES DE OPERACIÓN,"$ 41,495,691 ","$ 34,633,302 ",119.8 % ,10,1,Mayor al 70 %,67,55.8,83.3 %
2026,4,200,8,GERENCIA ADMINISTRATIVA,2005,4,CUENTAS POR PAGAR,35.1 dias ,40 dias ,87.8 % ,4,2,Menor al 130 %,67,55.8,83.3 %
2026,4,200,17,GERENCIA ADMINISTRATIVA,1005,,GPTW,NA , , ,,0,,67,55.8,83.3 %
2026,4,200,4,GERENCIA ADMINISTRATIVA,2001,8,GASTOS DE ADMINISTRACIÓN,"$ 2,891,956 ","$ 3,252,630 ",88.9 % ,8,2,Menor al 130 %,67,55.8,83.3 %
2026,4,200,9,GERENCIA ADMINISTRATIVA,1006,,SUSSESION PLAN ( PLAN DE SUCESIÓN PARA GERENTES ),NA , , ,,0,,67,55.8,83.3 %
2026,4,200,12,GERENCIA ADMINISTRATIVA,1011,4,PROCESOS ( MAPEO DE PROCESOS ),92 % ,80 % ,92 % ,3.7,3,Mayor al 80 %,67,55.8,83.3 %
2026,4,200,15,GERENCIA ADMINISTRATIVA,102 b,8,"AUDITORIAS DE 5'S EN LAS ÁREAS DE ADMINISTRACION",87 % ,95 % ,80 % ,6.4,3,95 %  -  100 %<BR>90 %  -  90 %<BR>85 %  -  80 %,67,55.8,83.3 %
2026,4,200,16,GERENCIA ADMINISTRATIVA,103 f,3,ROTACIÓN DE PERSONAL ADMINISTRATIVO,2.5 % ,3 % ,100 % ,3,2,3 %  -  100 %<BR>3.5 %  -  90 %<BR>4 %  -  80 %,67,55.8,83.3 %
2026,4,200,1,GERENCIA ADMINISTRATIVA,1001,5,VENTAS NETAS,"$ 134,454,024 ","$ 129,285,908 ",104 % ,5,1,Mayor al 70 %,67,55.8,83.3 %
2026,4,200,14,GERENCIA ADMINISTRATIVA,101 c,,AUDITORIAS INTERNAS ADMINISTRATIVAS,NA , , ,,0,,67,55.8,83.3 %
2026,4,1,12,MBC,1007,,TALEN REVIEW GERENCIAS ( PLAN DE DESARROLLO  ),NA , , ,,0,,75,62.6,83.5 %
2026,4,1,1,MBC,1001,10,VENTAS NETAS,"$ 134,454,024 ","$ 129,285,908 ",104 % ,10,1,Mayor al 70 %,75,62.6,83.5 %
2026,4,1,11,MBC,1006,,SUSSESION PLAN ( PLAN DE SUCESIÓN PARA GERENTES ),NA , , ,,0,,75,62.6,83.5 %
2026,4,1,7,MBC,105,4,ENTREGAS A TIEMPO  |  TIENDAS CUADRA & CORRAL,85.2 | 98.3 ,95 % ,60 | 100 ,3.2,3,95 %  -  100 %<BR>90 %  -  80 %<BR>85 %  -  60 %,75,62.6,83.5 %
2026,4,1,15,MBC,102 a,3,"AUDITORIAS DE 5'S ( MBC )",92.3 % ,95 % ,90 % ,2.7,3,95 %  -  100 %<BR>90 %  -  90 %<BR>85 %  -  80 %,75,62.6,83.5 %
2026,4,1,3,MBC,1003,,UTILIDADES DE OPERACIÓN CORPORATIVA,NA , , ,,0,,75,62.6,83.5 %
2026,4,1,13,MBC,1011,4,PROCESOS ( MAPEO DE PROCESOS ),92 % ,80 % ,92 % ,3.7,3,Mayor al 80 %,75,62.6,83.5 %
2026,4,1,14,MBC,101,5,AUDITORIAS INTERNAS ( MBC ),68 % ,85 % ,68 % ,0,5,Mayor al 85 %,75,62.6,83.5 %
2026,4,1,16,MBC,103 a,3,ROTACIÓN DE PERSONAL MBC,4.1 % ,3 % ,0 % ,0,4,3 %  -  100 %<BR>3.5 %  -  90 %<BR>4 %  -  80 %,75,62.6,83.5 %
2026,4,1,4,MBC,104,3,DÍAS DE WIP  |  BOTAS & ACCESORIOS,10.5 | 6 ,12 | 7 ,100 | 100 ,3,2,12 | 7  -  100 %<BR>13 | 8  -  80 %<BR>14 | 9  -  60 %,75,62.6,83.5 %
2026,4,1,10,MBC,3009,3,BAJAS DE CALIDAD ( DEVOLUCIONES MAS BAJAS ),1.7 % ,0.5 % ,0 % ,0,4,0.5 %  -  100 %<BR>1 %  -  85 %<BR>1.5 %  -  70 %,75,62.6,83.5 %
2026,4,1,2,MBC,1002,40,UTILIDADES DE OPERACIÓN,"$ 41,495,691 ","$ 34,633,302 ",119.8 % ,40,1,Mayor al 70 %,75,62.6,83.5 %
2026,4,1,17,MBC,1005,,GPTW,NA , , ,,0,,75,62.6,83.5 %
2026,4,300,6,GERENCIA OPERATIVA,3004,4,PRODUCTIVIDAD DE CHAMARRAS,"2,693 pzs ","2,641 pzs ",102 % ,4,1,Mayor al 70 %,70,55.2,78.9 %
2026,4,300,2,GERENCIA OPERATIVA,1002,5,UTILIDADES DE OPERACIÓN,"$ 41,495,691 ","$ 34,633,302 ",119.8 % ,5,1,Mayor al 70 %,70,55.2,78.9 %
2026,4,300,7,GERENCIA OPERATIVA,3005,3,PRODUCTIVIDAD DE BOLSAS,"3,660 pzs ","3,648 pzs ",100.3 % ,3,1,Mayor al 70 %,70,55.2,78.9 %
2026,4,300,10,GERENCIA OPERATIVA,3008,4,ENTREGAS A TIEMPO  |  TIENDAS CUADRA Y CORRAL,85.2 | 98.3 ,95 % ,60 | 100 ,3.2,3,95 %  -  100 %<BR>90 %  -  80 %<BR>85 %  -  60 %,70,55.2,78.9 %
2026,4,300,18,GERENCIA OPERATIVA,101 d,,AUDITORIAS INTERNAS OPERATIVAS,NA , , ,,0,,70,55.2,78.9 %
2026,4,300,9,GERENCIA OPERATIVA,3007,7,COSTO DE VENTA,60.7 % ,65 % ,93.5 % ,7,2,Menor al 130 %,70,55.2,78.9 %
2026,4,300,20,GERENCIA OPERATIVA,103 e,4,ROTACIÓN DE PERSONAL OPERACIONES,4.3 % ,3 % ,0 % ,0,4,3 %  -  100 %<BR>3.5 %  -  90 %<BR>4 %  -  80 %,70,55.2,78.9 %
2026,4,300,19,GERENCIA OPERATIVA,102 c,5,"AUDITORIAS DE 5'S EN LAS ÁREAS DE OPERACIONES",92.7 % ,95 % ,90 % ,4.5,3,95 %  -  100 %<BR>90 %  -  90 %<BR>85 %  -  80 %,70,55.2,78.9 %
2026,4,300,3,GERENCIA OPERATIVA,3001,7,PRODUCTIVIDAD DE BOTAS,"22,813 prs ","22,800 prs ",100.1 % ,7,1,Mayor al 70 %,70,55.2,78.9 %
2026,4,300,17,GERENCIA OPERATIVA,1012,,DYNAMICS ( ERP MBC ),NA , , ,,0,,70,55.2,78.9 %
2026,4,300,5,GERENCIA OPERATIVA,3003,3,PRODUCTIVIDAD DE BILLETERAS,"6,519 pzs ","6,650 pzs ",98 % ,2.9,3,Mayor al 70 %,70,55.2,78.9 %
2026,4,300,15,GERENCIA OPERATIVA,1010,5,INVERSIONES ( EFICIENCIA OPERATIVA TESEO ),44 % ,75 % ,44 % ,0,5,Mayor al 75 %,70,55.2,78.9 %
2026,4,300,1,GERENCIA OPERATIVA,1001,5,VENTAS NETAS,"$ 134,454,024 ","$ 129,285,908 ",104 % ,5,1,Mayor al 70 %,70,55.2,78.9 %
2026,4,300,4,GERENCIA OPERATIVA,3002,4,PRODUCTIVIDAD DE CINTOS,"15,555 pzs ","15,960 pzs ",97.5 % ,3.9,3,Mayor al 70 %,70,55.2,78.9 %
2026,4,300,14,GERENCIA OPERATIVA,1008,,TALEN REVIEW JEFATURAS ( INICIO DE PLAN ),NA , , ,,0,,70,55.2,78.9 %
2026,4,300,13,GERENCIA OPERATIVA,1007,,TALEN REVIEW GERENCIAS ( PLAN DE DESARROLLO  ),NA , , ,,0,,70,55.2,78.9 %
2026,4,300,8,GERENCIA OPERATIVA,3006,6,DÍAS DE WIP  |  BOTAS Y ACCESORIOS,10.5 | 6 ,12 | 7 ,100 | 100 ,6,2,12 | 7  -  100 %<BR>13 | 8  -  80 %<BR>14 | 9  -  60 %,70,55.2,78.9 %
2026,4,300,16,GERENCIA OPERATIVA,1011,4,PROCESOS ( MAPEO DE PROCESOS ),92 % ,80 % ,92 % ,3.7,3,Mayor al 80 %,70,55.2,78.9 %
2026,4,300,12,GERENCIA OPERATIVA,1006,,SUSSESION PLAN ( PLAN DE SUCESIÓN PARA GERENTES ),NA , , ,,0,,70,55.2,78.9 %
2026,4,300,11,GERENCIA OPERATIVA,3009,4,BAJAS DE CALIDAD ( DEVOLUCIONES MAS BAJAS ),1.7 % ,0.5 % ,0 % ,0,4,0.5 %  -  100 %<BR>1 %  -  85 %<BR>1.5 %  -  70 %,70,55.2,78.9 %
2026,4,300,21,GERENCIA OPERATIVA,1005,,GPTW,NA , , ,,0,,70,55.2,78.9 %
2026,4,104,3,JEFATURA DE LOGÍSTICA,1402,10,ROTACIÓN INVENTARIO MTS,0.3 vueltas ,0.8 vueltas ,33 % ,3.3,3,Resultado Logrado,71,44.5,62.7 %
2026,4,104,1,JEFATURA DE LOGÍSTICA,1001,25,VENTAS NETAS,"$ 134,454,024 ","$ 129,285,908 ",104 % ,25,1,Mayor al 70 %,71,44.5,62.7 %
2026,4,104,8,JEFATURA DE LOGÍSTICA,1405,5,SERVICIO MARKETPLACE,0 % ,80 % ,0 % ,0,5,Mayor al 80 %,71,44.5,62.7 %
2026,4,104,11,JEFATURA DE LOGÍSTICA,103 d,5,ROTACIÓN DE PERSONAL DE ÁREAS OPERATIVAS,2.5 % ,3 % ,100 % ,5,2,3 %  -  100 %<BR>3.5 %  -  90 %<BR>4 %  -  80 %,71,44.5,62.7 %
2026,4,104,10,JEFATURA DE LOGÍSTICA,102 i,5,"AUDITORIA DE 5'S EN EL ÁREA DE LOGÍSTICA",71.4 % ,100 % ,71.4 % ,3.6,3,Resultado Logrado,71,44.5,62.7 %
2026,4,104,9,JEFATURA DE LOGÍSTICA,101 b,,AUDITORIAS INTERNAS DE LOGÍSTICA,NA , , ,,0,,71,44.5,62.7 %
2026,4,104,7,JEFATURA DE LOGÍSTICA,1404,5,SERVICIO DISTRIBUIDORES MX,0 % ,80 % ,0 % ,0,5,Mayor al 80 %,71,44.5,62.7 %
2026,4,104,4,JEFATURA DE LOGÍSTICA,1403,8,DÍAS DE PISO NACIONAL,60.0 dias ,35 dias ,0 % ,0,4,35 dias  -  100 %<BR>37.5 dias  -  80 %<BR>40 dias  -  60 %,71,44.5,62.7 %
2026,4,104,12,JEFATURA DE LOGÍSTICA,1005,,GPTW,NA , , ,,0,,71,44.5,62.7 %
2026,4,104,2,JEFATURA DE LOGÍSTICA,1401,8,VENTAS POR LÍNEA,95.5 % ,80 % ,95.5 % ,7.6,3,Mayor al 80 %,71,44.5,62.7 %
2026,4,201,8,JEFATURA DE CONTABILIDAD,101 c,,AUDITORIAS INTERNAS ADMINISTRATIVAS,NA , , ,,0,,85,78.4,92.2 %
2026,4,201,3,JEFATURA DE CONTABILIDAD,2004,5,CUENTAS POR COBRAR,59.9 dias ,60 dias ,99.9 % ,5,2,Menor al 130 %,85,78.4,92.2 %
2026,4,201,11,JEFATURA DE CONTABILIDAD,1005,,GPTW,NA , , ,,0,,85,78.4,92.2 %
2026,4,201,6,JEFATURA DE CONTABILIDAD,2102,20,ENTREGA DE CIERRE MENSUAL,100 % ,80 % ,100 % ,20,1,Mayor al 80 %,85,78.4,92.2 %
2026,4,201,2,JEFATURA DE CONTABILIDAD,1004,5,FLUJO DE EFECTIVO,72.6 % ,80 % ,72.6 % ,0,5,Mayor al 80 %,85,78.4,92.2 %
2026,4,201,5,JEFATURA DE CONTABILIDAD,2101,15,EFECTIVIDAD EN EL CUMPLIMIENTO DE NOTAS DE CRÉDITO POR PRONTO PAGO,91 % ,70 % ,91 % ,13.7,3,Mayor al 70 %,85,78.4,92.2 %
2026,4,201,4,JEFATURA DE CONTABILIDAD,2005,5,CUENTAS POR PAGAR,35.1 dias ,40 dias ,87.8 % ,5,2,Menor al 130 %,85,78.4,92.2 %
2026,4,201,7,JEFATURA DE CONTABILIDAD,2103,20,PRESENTACIÓN DE IMPUESTOS,100 % ,100 % ,100 % ,20,1,Mayor al 100 %,85,78.4,92.2 %
2026,4,201,9,JEFATURA DE CONTABILIDAD,102 j,5,"AUDITORIA DE 5'S EN EL ÁREA DE ADMINISTRACIÓN",93.5 % ,100 % ,93.5 % ,4.7,3,Resultado Logrado,85,78.4,92.2 %
2026,4,201,1,JEFATURA DE CONTABILIDAD,1002,5,UTILIDADES DE OPERACIÓN,"$ 41,495,691 ","$ 34,633,302 ",119.8 % ,5,1,Mayor al 70 %,85,78.4,92.2 %
2026,4,201,10,JEFATURA DE CONTABILIDAD,103 f,5,ROTACIÓN DE PERSONAL ADMINISTRATIVO,2.5 % ,3 % ,100 % ,5,2,3 %  -  100 %<BR>3.5 %  -  90 %<BR>4 %  -  80 %,85,78.4,92.2 %
2026,4,102,1,JEFATURA DE CALIDAD,3009,25,BAJAS DE CALIDAD ( DEVOLUCIONES MAS BAJAS ),1.7 % ,0.5 % ,0 % ,0,4,0.5 %  -  100 %<BR>1 %  -  85 %<BR>1.5 %  -  70 %,95,36.9,38.8 %
2026,4,102,2,JEFATURA DE CALIDAD,1201,30,"PORCENTAJE DE EFECTIVIDAD 'BIEN A LA PRIMERA'",78.7 % ,95 % ,0 % ,0,5,95 %  -  100 %<BR>90 %  -  80 %<BR>80 %  -  70 %,95,36.9,38.8 %
2026,4,102,4,JEFATURA DE CALIDAD,1203,10,PORCENTAJE DE EFECTIVIDAD EN <BR> LOS PUNTOS DE INSPECCIÓN DEL PRODUCTO,96.3 % ,95 % ,100 % ,10,1,95 %  -  100 %<BR>90 %  -  80 %<BR>80 %  -  70 %,95,36.9,38.8 %
2026,4,102,3,JEFATURA DE CALIDAD,1202,20,CALIFICACIÓN REPETIBILIDAD & REPRODUCIBILIDAD <BR> ( UNIFICACIÓN DE CRITERIOS DE INSPECCIÓN ),94 % ,95 % ,85 % ,17,3,95 %  -  100 %<BR>85 %  -  85 %<BR>75 %  -  75 %,95,36.9,38.8 %
2026,4,102,5,JEFATURA DE CALIDAD,102 g,5,"AUDITORIA DE 5'S EN EL ÁREA DE CALIDAD",97.3 % ,100 % ,97.3 % ,4.9,3,Resultado Logrado,95,36.9,38.8 %
2026,4,102,6,JEFATURA DE CALIDAD,103 d,5,ROTACIÓN DE PERSONAL DE ÁREAS OPERATIVAS,2.5 % ,3 % ,100 % ,5,2,3 %  -  100 %<BR>3.5 %  -  90 %<BR>4 %  -  80 %,95,36.9,38.8 %
2026,4,102,7,JEFATURA DE CALIDAD,1005,,GPTW,NA , , ,,0,,95,36.9,38.8 %
2026,4,400,2,GERENCIA DE CAPITAL HUMANO,1006,,SUSSESION PLAN ( PLAN DE SUCESIÓN PARA GERENTES ),NA , , ,,0,,30,12.6,42 %
2026,4,400,4,GERENCIA DE CAPITAL HUMANO,1008,,TALEN REVIEW JEFATURAS ( INICIO DE PLAN ),NA , , ,,0,,30,12.6,42 %
2026,4,400,3,GERENCIA DE CAPITAL HUMANO,1007,,TALEN REVIEW GERENCIAS ( PLAN DE DESARROLLO  ),NA , , ,,0,,30,12.6,42 %
2026,4,400,5,GERENCIA DE CAPITAL HUMANO,1011,5,PROCESOS ( MAPEO DE PROCESOS ),92 % ,80 % ,92 % ,4.6,3,Mayor al 80 %,30,12.6,42 %
2026,4,400,7,GERENCIA DE CAPITAL HUMANO,102 d,10,"AUDITORIAS DE 5'S EN LAS ÁREAS DE CAPITAL HUMANO",89.1 % ,95 % ,80 % ,8,3,95 %  -  100 %<BR>90 %  -  90 %<BR>85 %  -  80 %,30,12.6,42 %
2026,4,400,1,GERENCIA DE CAPITAL HUMANO,103 a,15,ROTACIÓN DE PERSONAL MBC,4.1 % ,3 % ,0 % ,0,4,3 %  -  100 %<BR>3.5 %  -  90 %<BR>4 %  -  80 %,30,12.6,42 %
2026,4,400,8,GERENCIA DE CAPITAL HUMANO,1005,,GPTW,NA , , ,,0,,30,12.6,42 %
2026,4,400,6,GERENCIA DE CAPITAL HUMANO,101 e,,AUDITORIAS INTERNAS CAPITAL HUMANO,NA , , ,,0,,30,12.6,42 %
2026,4,101,3,JEFATURA DE COMPRAS,1103,7,PARES PROGRAMADOS VS PARES NO SURTIDOS DE BOTAS,100 % ,99 % ,100 % ,7,1,99 %  -  100 %<BR>97 %  -  90 %<BR>95 %  -  80 %,87,74,85.1 %
2026,4,101,14,JEFATURA DE COMPRAS,1005,,GPTW,NA , , ,,0,,87,74,85.1 %
2026,4,101,2,JEFATURA DE COMPRAS,1102,5,PRESUPUESTO DEL INVENTARIO DEL ALMACÉN DE MATERIA PRIMA,"$ 23,707,853 ","$ 24,504,178 ",96.8 % ,5,2,Menor al 110 %,87,74,85.1 %
2026,4,101,12,JEFATURA DE COMPRAS,102 f,5,"AUDITORIA DE 5'S EN EL ÁREA DE COMPRAS",97.1 % ,100 % ,97.1 % ,4.9,3,Resultado Logrado,87,74,85.1 %
2026,4,101,9,JEFATURA DE COMPRAS,101 a,10,AUDITORIAS INTERNAS DE COMPRAS,68 % ,85 % ,68 % ,0,5,Mayor al 85 %,87,74,85.1 %
2026,4,101,6,JEFATURA DE COMPRAS,1106,5,CIERRE DE INVENTARIO DEL ALMACÉN DE PIELES,3 días hab. ,3 días hab. ,100 % ,5,2,,87,74,85.1 %
2026,4,101,13,JEFATURA DE COMPRAS,103 d,5,ROTACIÓN DE PERSONAL DE ÁREAS OPERATIVAS,2.5 % ,3 % ,100 % ,5,2,3 %  -  100 %<BR>3.5 %  -  90 %<BR>4 %  -  80 %,87,74,85.1 %
2026,4,101,5,JEFATURA DE COMPRAS,1105,20,PIEZAS PLANEADAS VS PIEZAS PROGRAMADAS,85.7 % ,80 % ,85.7 % ,17.1,3,Mayor al 80 %,87,74,85.1 %
2026,4,101,1,JEFATURA DE COMPRAS,1101,20,PRESUPUESTO DEL INVENTARIO DEL ALMACÉN DE PIELES,"$ 90,958,129 ","$ 107,813,610 ",84.4 % ,20,2,Menor al 110 %,87,74,85.1 %
2026,4,101,7,JEFATURA DE COMPRAS,1107,5,CIERRE DE INVENTARIO DEL ALMACÉN DE MATERIA PRIMA,3 días hab. ,3 días hab. ,100 % ,5,2,,87,74,85.1 %
2026,4,101,8,JEFATURA DE COMPRAS,2005,5,CUENTAS POR PAGAR,35.1 dias ,40 dias ,87.8 % ,5,2,Menor al 130 %,87,74,85.1 %
2026,4,304,4,JEFATURA DE DESARROLLO BOTAS,3404,9,CUMPLIMIENTO DE ANÁLISIS DE  VIABILIDAD Y FACTIBILIDAD,100 % ,100 % ,100 % ,9,1,Resultado Logrado,48,33.8,70.4 %
2026,4,304,13,JEFATURA DE DESARROLLO BOTAS,102 o,5,"AUDITORIA DE 5'S EN EL ÁREA DE DESARROLLO BOTAS",94.3 % ,100 % ,94.3 % ,4.7,3,Resultado Logrado,48,33.8,70.4 %
2026,4,304,5,JEFATURA DE DESARROLLO BOTAS,3405,,CUMPLIMIENTO DE ENTREGABLES <BR> EN LA ETAPA DE MUESTRAS A INGENIERIA DE COSTOS Y SISTEMAS,NA , , ,,0,,48,33.8,70.4 %
2026,4,304,3,JEFATURA DE DESARROLLO BOTAS,3403,,CUMPLIMIENTO EN EL CALENDARIO DE LIBERACIONES <BR> VS CALENDARIO ESTABLECIDO BOTAS ( RESULTADO SEMESTRAL ),NA , , ,,0,,48,33.8,70.4 %
2026,4,304,2,JEFATURA DE DESARROLLO BOTAS,3402,9,CUMPLIMIENTO EN EL CALENDARIO DE AMEF <BR> VS CALENDARIO ESTABLECIDO,0 % ,100 % ,0 % ,0,5,Resultado Logrado,48,33.8,70.4 %
2026,4,304,6,JEFATURA DE DESARROLLO BOTAS,3406,,ENTREGA DE MUESTRAS VS CALENDARIO ESTABLECIDO BOTAS,NA , , ,,0,,48,33.8,70.4 %
2026,4,304,9,JEFATURA DE DESARROLLO BOTAS,3409,4,"CUMPLIMIENTO EN LOS AVANCES DE WIP EN SISTEMA, <BR> 12 DÍAS EN BOTAS PROTOTIPOS, MUESTRAS Y LOTES PILOTO",100 % ,100 % ,100 % ,4,1,Resultado Logrado,48,33.8,70.4 %
2026,4,304,8,JEFATURA DE DESARROLLO BOTAS,3408,,CUMPLIMIENTO DE ENTREGAS DE PAQUETES TÉCNICOS CONFORME A CALENDARIO DE ENTREGA DE BETA 7,NA , , ,,0,,48,33.8,70.4 %
2026,4,304,10,JEFATURA DE DESARROLLO BOTAS,3410,4,CUMPLIMIENTO DE ENTREGA DE PRECOSTEO BOTAS,90 % ,100 % ,90 % ,3.6,3,Resultado Logrado,48,33.8,70.4 %
2026,4,304,11,JEFATURA DE DESARROLLO BOTAS,3411,8,PORCENTAJE DE REPROCESOS EN MUESTRAS Y LOTES PILOTO DE BOTAS,44.1 % ,100 % ,44.1 % ,3.5,3,Resultado Logrado,48,33.8,70.4 %
2026,4,304,1,JEFATURA DE DESARROLLO BOTAS,3401,,ENTREGA DE PROTOTIPOS VS CALENDARIO BOTAS,NA , , ,,0,,48,33.8,70.4 %
2026,4,304,7,JEFATURA DE DESARROLLO BOTAS,3407,4,EFECTIVIDAD EN EL PAQUETE TÉCNICO <BR> Y ENTREGABLES EN LA LIBERACIÓN DEL MODELO A PRODUCCIÓN,100 % ,100 % ,100 % ,4,1,Resultado Logrado,48,33.8,70.4 %
2026,4,304,12,JEFATURA DE DESARROLLO BOTAS,101 dd,,AUDITORIAS INTERNAS DE DESARROLLO BOTAS,NA , , ,,0,,48,33.8,70.4 %
2026,4,304,14,JEFATURA DE DESARROLLO BOTAS,103 d,5,ROTACIÓN DE PERSONAL DE ÁREAS OPERATIVAS,2.5 % ,3 % ,100 % ,5,2,3 %  -  100 %<BR>3.5 %  -  90 %<BR>4 %  -  80 %,48,33.8,70.4 %
2026,4,304,15,JEFATURA DE DESARROLLO BOTAS,1005,,GPTW,NA , , ,,0,,48,33.8,70.4 %
2026,4,308,10,JEFATURA DE MANTENIMIENTO,103 d,5,ROTACIÓN DE PERSONAL DE ÁREAS OPERATIVAS,2.5 % ,3 % ,100 % ,5,2,3 %  -  100 %<BR>3.5 %  -  90 %<BR>4 %  -  80 %,85,76.4,89.9 %
2026,4,308,3,JEFATURA DE MANTENIMIENTO,3803,15,MANTENIMIENTO PREDICTIVO,90 % ,100 % ,90 % ,13.5,3,Resultado Logrado,85,76.4,89.9 %
2026,4,308,2,JEFATURA DE MANTENIMIENTO,3802,15,ADMINISTRAR EL MANTENIMIENTO CORRECTIVO,98.5 % ,100 % ,98.5 % ,14.8,3,Resultado Logrado,85,76.4,89.9 %
2026,4,308,11,JEFATURA DE MANTENIMIENTO,1005,,GPTW,NA , , ,,0,,85,76.4,89.9 %
2026,4,308,9,JEFATURA DE MANTENIMIENTO,102 s,5,"AUDITORIA DE 5'S EN EL ÁREA DE MANTENIMIENTO",96.3 % ,100 % ,96.3 % ,4.8,3,Resultado Logrado,85,76.4,89.9 %
2026,4,308,6,JEFATURA DE MANTENIMIENTO,3806,5,CONTROLAR Y ADMINISTRAR INVENTARIOS DE REFACCIONES,0 items ,5 item ,100 % ,5,2,,85,76.4,89.9 %
2026,4,308,5,JEFATURA DE MANTENIMIENTO,3805,5,CONTROLAR Y ADMINISTRAR INVENTARIOS DE MAQUINARIA,1 maquinas ,0 maquinas ,0 % ,0,4,,85,76.4,89.9 %
2026,4,308,7,JEFATURA DE MANTENIMIENTO,3807,5,COMPARATIVO DEL GASTO REAL CONTRA LO PLANEADO,-6.2 % ,5 % ,100 % ,5,2,,85,76.4,89.9 %
2026,4,308,4,JEFATURA DE MANTENIMIENTO,3804,10,MANTENIMIENTO AUTÓNOMO,90 % ,100 % ,90 % ,9,3,Resultado Logrado,85,76.4,89.9 %
2026,4,308,1,JEFATURA DE MANTENIMIENTO,3801,20,CUMPLIMIENTO  DEL PLAN DE <BR> MANTENIMIENTO PREVENTIVO VS CALENDARIO,96.7 % ,100 % ,96.7 % ,19.3,3,Resultado Logrado,85,76.4,89.9 %
2026,4,308,8,JEFATURA DE MANTENIMIENTO,101 dh,,AUDITORIAS INTERNAS DE MANTENIMIENTO,NA , , ,,0,,85,76.4,89.9 %
2026,4,303,4,JEFATURA DE PRODUCCIÓN ACCESORIOS,3303,1.75,PRESUPUESTO DE COSTO DE MANO DE OBRA DIRECTA EN CINTOS,$ 51.71 ,$ 51.11 ,80 % ,1.4,3,,85,84.5,99.4 %
2026,4,303,12,JEFATURA DE PRODUCCIÓN ACCESORIOS,3310,1.25,EFECTIVIDAD EN ENTREGAS A PT BILLETERAS ( ANTIGÜEDAD DE LOTES EN WIP ),95.3 % ,100 % ,95.3 % ,1.2,3,Resultado Logrado,85,84.5,99.4 %
2026,4,303,5,JEFATURA DE PRODUCCIÓN ACCESORIOS,3304,1.75,CUMPLIMIENTO DEL COSTO PRESUPUESTADO <BR> EN MATERIALES DIRECTOS E INDIRECTOS DE CINTOS,100 % ,95 % ,100 % ,1.8,1,95 %  -  100 %<BR>94 %  -  80 %<BR>93 %  -  60 %,85,84.5,99.4 %
2026,4,303,1,JEFATURA DE PRODUCCIÓN ACCESORIOS,3002,5.5,PRODUCTIVIDAD DE CINTOS,"15,555 pzs ","15,960 pzs ",97.5 % ,5.4,3,Mayor al 70 %,85,84.5,99.4 %
2026,4,303,26,JEFATURA DE PRODUCCIÓN ACCESORIOS,3322,7,BAJAS DE CALIDAD EN PRODUCCIÓN ( LINEAS DE ACCESORIOS ),0 % ,0.5 % ,100 % ,7,2,0.5 %  -  100 %<BR>1 %  -  80 %<BR>1.5 %  -  60 %,85,84.5,99.4 %
2026,4,303,24,JEFATURA DE PRODUCCIÓN ACCESORIOS,3320,1.25,EFECTIVIDAD EN ENTREGAS A PT BOLSAS ( ANTIGÜEDAD DE LOTES EN WIP ),99.1 % ,100 % ,99.1 % ,1.2,3,Resultado Logrado,85,84.5,99.4 %
2026,4,303,10,JEFATURA DE PRODUCCIÓN ACCESORIOS,3308,1.75,PRESUPUESTO DE COSTO DE MANO DE OBRA DIRECTA EN BILLETERAS,$ 120.60 ,$ 124.01 ,100 % ,1.8,2,,85,84.5,99.4 %
2026,4,303,9,JEFATURA DE PRODUCCIÓN ACCESORIOS,3307,1.75,PRODUCTIVIDAD PIEZAS / HOMBRE  ( BILLETERAS ),4.30 pzs/hom ,4.19 pzs/hom ,100 % ,1.8,1,,85,84.5,99.4 %
2026,4,303,8,JEFATURA DE PRODUCCIÓN ACCESORIOS,3306,3.75,DÍAS DE WIP BILLETERAS,6.0 dias ,7 dias ,100 % ,3.8,2,7 dias  -  100 %<BR>8 dias  -  80 %<BR>9 dias  -  60 %,85,84.5,99.4 %
2026,4,303,25,JEFATURA DE PRODUCCIÓN ACCESORIOS,3321,5,REPROCESOS EN PLANTA ( LINEAS DE ACCESORIOS ),1 % ,5 % ,100 % ,5,2,5 %  -  100 %<BR>6.5 %  -  80 %<BR>8 %  -  60 %,85,84.5,99.4 %
2026,4,303,6,JEFATURA DE PRODUCCIÓN ACCESORIOS,3305,1.25,EFECTIVIDAD EN ENTREGAS A PT CINTOS ( ANTIGÜEDAD DE LOTES EN WIP ),94.5 % ,100 % ,94.5 % ,1.2,3,Resultado Logrado,85,84.5,99.4 %
2026,4,303,3,JEFATURA DE PRODUCCIÓN ACCESORIOS,3302,1.75,PRODUCTIVIDAD PIEZAS / HOMBRE  ( CINTOS ),10.14 pzs/hom ,92 pzs/hom ,100 % ,1.8,1,,85,84.5,99.4 %
2026,4,303,19,JEFATURA DE PRODUCCIÓN ACCESORIOS,3005,5.5,PRODUCTIVIDAD DE BOLSAS,"3,660 pzs ","3,648 pzs ",100.3 % ,5.5,1,Mayor al 70 %,85,84.5,99.4 %
2026,4,303,11,JEFATURA DE PRODUCCIÓN ACCESORIOS,3309,1.75,CUMPLIMIENTO DEL COSTO PRESUPUESTADO <BR> EN MATERIALES DIRECTOS E INDIRECTOS DE BILLETERAS,100 % ,95 % ,100 % ,1.8,1,95 %  -  100 %<BR>94 %  -  80 %<BR>93 %  -  60 %,85,84.5,99.4 %
2026,4,303,29,JEFATURA DE PRODUCCIÓN ACCESORIOS,103 c,5,ROTACIÓN DE PERSONAL DE ACCESORIOS,2.6 % ,3 % ,100 % ,5,2,3 %  -  100 %<BR>3.5 %  -  90 %<BR>4 %  -  80 %,85,84.5,99.4 %
2026,4,303,28,JEFATURA DE PRODUCCIÓN ACCESORIOS,102 n,5,"AUDITORIA DE 5'S EN EL ÁREA DE ACCESORIOS",98 % ,100 % ,98 % ,4.9,3,Resultado Logrado,85,84.5,99.4 %
2026,4,303,21,JEFATURA DE PRODUCCIÓN ACCESORIOS,3317,1.75,PRODUCTIVIDAD PIEZAS / HOMBRE  ( BOLSAS ),1.67 pzs/hom ,1.60 pzs/hom ,100 % ,1.8,1,,85,84.5,99.4 %
2026,4,303,14,JEFATURA DE PRODUCCIÓN ACCESORIOS,3311,3.75,DÍAS DE WIP CHAMARRAS,5.8 dias ,7 dias ,100 % ,3.8,2,7 dias  -  100 %<BR>8 dias  -  80 %<BR>9 dias  -  60 %,85,84.5,99.4 %
2026,4,303,13,JEFATURA DE PRODUCCIÓN ACCESORIOS,3004,5.5,PRODUCTIVIDAD DE CHAMARRAS,"2,693 pzs ","2,641 pzs ",102 % ,5.5,1,Mayor al 70 %,85,84.5,99.4 %
2026,4,303,23,JEFATURA DE PRODUCCIÓN ACCESORIOS,3319,1.75,CUMPLIMIENTO DEL COSTO PRESUPUESTADO <BR> EN MATERIALES DIRECTOS E INDIRECTOS DE BOLSAS,100 % ,95 % ,100 % ,1.8,1,95 %  -  100 %<BR>94 %  -  80 %<BR>93 %  -  60 %,85,84.5,99.4 %
2026,4,303,27,JEFATURA DE PRODUCCIÓN ACCESORIOS,101 dc,,AUDITORIAS INTERNAS DE PRODUCCIÓN ACCESORIOS,NA , , ,,0,,85,84.5,99.4 %
2026,4,303,7,JEFATURA DE PRODUCCIÓN ACCESORIOS,3003,5.5,PRODUCTIVIDAD DE BILLETERAS,"6,519 pzs ","6,650 pzs ",98 % ,5.4,3,Mayor al 70 %,85,84.5,99.4 %
2026,4,303,30,JEFATURA DE PRODUCCIÓN ACCESORIOS,1005,,GPTW,NA , , ,,0,,85,84.5,99.4 %
2026,4,303,22,JEFATURA DE PRODUCCIÓN ACCESORIOS,3318,1.75,PRESUPUESTO DE COSTO DE MANO DE OBRA DIRECTA EN BOLSAS,$ 341.10 ,$ 338.81 ,80 % ,1.4,3,,85,84.5,99.4 %
2026,4,303,20,JEFATURA DE PRODUCCIÓN ACCESORIOS,3316,3.75,DÍAS DE WIP BOLSAS,6.0 dias ,7 dias ,100 % ,3.8,2,7 dias  -  100 %<BR>8 dias  -  80 %<BR>9 dias  -  60 %,85,84.5,99.4 %
2026,4,303,17,JEFATURA DE PRODUCCIÓN ACCESORIOS,3314,1.75,CUMPLIMIENTO DEL COSTO PRESUPUESTADO <BR> EN MATERIALES DIRECTOS E INDIRECTOS DE CHAMARRAS,100 % ,95 % ,100 % ,1.8,1,95 %  -  100 %<BR>94 %  -  80 %<BR>93 %  -  60 %,85,84.5,99.4 %
2026,4,303,15,JEFATURA DE PRODUCCIÓN ACCESORIOS,3312,1.75,PRODUCTIVIDAD PIEZAS / HOMBRE  ( CHAMARRAS ),1.37 pzs/hom ,1.12 pzs/hom ,100 % ,1.8,1,,85,84.5,99.4 %
2026,4,303,16,JEFATURA DE PRODUCCIÓN ACCESORIOS,3313,1.75,PRESUPUESTO DE COSTO DE MANO DE OBRA DIRECTA EN CHAMARRAS,$ 472.25 ,$ 529.21 ,100 % ,1.8,2,,85,84.5,99.4 %
2026,4,303,18,JEFATURA DE PRODUCCIÓN ACCESORIOS,3315,1.25,EFECTIVIDAD EN ENTREGAS A PT CHAMARRAS ( ANTIGÜEDAD DE LOTES EN WIP ),99.2 % ,100 % ,99.2 % ,1.2,3,Resultado Logrado,85,84.5,99.4 %
2026,4,303,2,JEFATURA DE PRODUCCIÓN ACCESORIOS,3301,3.75,DÍAS DE WIP CINTOS,6.3 dias ,7 dias ,100 % ,3.8,2,7 dias  -  100 %<BR>8 dias  -  80 %<BR>9 dias  -  60 %,85,84.5,99.4 %
2026,4,307,8,JEFATURA DE INGENIERÍA DE COSTOS Y SISTEMA,103 d,5,ROTACIÓN DE PERSONAL DE ÁREAS OPERATIVAS,2.5 % ,3 % ,100 % ,5,2,3 %  -  100 %<BR>3.5 %  -  90 %<BR>4 %  -  80 %,75,69.8,93.1 %
2026,4,307,6,JEFATURA DE INGENIERÍA DE COSTOS Y SISTEMA,101 dg,,AUDITORIAS INTERNAS DE INGENIERÍA DE COSTOS Y SISTEMA,NA , , ,,0,,75,69.8,93.1 %
2026,4,307,7,JEFATURA DE INGENIERÍA DE COSTOS Y SISTEMA,102 r,5,"AUDITORIA DE 5'S EN EL ÁREA DE INGENIERÍA DE COSTOS Y SISTEMAS",96.7 % ,100 % ,96.7 % ,4.8,3,Resultado Logrado,75,69.8,93.1 %
2026,4,307,5,JEFATURA DE INGENIERÍA DE COSTOS Y SISTEMA,3705,,CUMPLIMIENTO DEL CALENDARIO DE <BR> DEPURACIÓN DE CONTANTES Y HERRAMENTALES <BR> ( RESULTADO SEMESTRAL | JUNIO Y DICIEMBRE ),NA , , ,,0,,75,69.8,93.1 %
2026,4,307,2,JEFATURA DE INGENIERÍA DE COSTOS Y SISTEMA,3702,20,VARIACIÓN ENTRE EL COSTO REAL DE MATERIALES INDIRECTOS VS PRESUPUESTADO,"$ 1,520,374 ","$ 1,832,356 ",100 % ,20,2,,75,69.8,93.1 %
2026,4,307,3,JEFATURA DE INGENIERÍA DE COSTOS Y SISTEMA,3703,10,AFECTACIÓN DE EXISTENCIAS EN MATERIALES POR MODIFICACIÓN EN CONSTANTES <BR> ( INVENTARIOS SOBRANTES DERIVADOS DE LOS CAMBIOS ),"$ 250,000 ",$ 0.01 ,50 % ,5,3,,75,69.8,93.1 %
2026,4,307,9,JEFATURA DE INGENIERÍA DE COSTOS Y SISTEMA,1005,,GPTW,NA , , ,,0,,75,69.8,93.1 %
2026,4,307,1,JEFATURA DE INGENIERÍA DE COSTOS Y SISTEMA,3701,25,VARIACIÓN ENTRE EL COSTO REAL DE MATERIALES DIRECTOS VS PRESUPUESTADO,"$ 58,196,558 ","$ 61,209,177 ",100 % ,25,2,,75,69.8,93.1 %
2026,4,307,4,JEFATURA DE INGENIERÍA DE COSTOS Y SISTEMA,3704,10,ENTREGA DE COSTEOS DE PRODUCTOS CUADRA,100 % ,100 % ,100 % ,10,1,100 %  -  100 %<BR>90 %  -  90 %<BR>80 %  -  80 %,75,69.8,93.1 %
2026,4,305,6,JEFATURA DE DESARROLLO ACCESORIOS,3506,,ENTREGA DE MUESTRAS VS CALENDARIO ESTABLECIDO ACCESORIOS,NA , , ,,0,,48,44.3,92.3 %
2026,4,305,5,JEFATURA DE DESARROLLO ACCESORIOS,3505,,CUMPLIMIENTO DE ENTREGABLES EN LA ETAPA DE <BR> MUESTRAS A INGENIERÍA DE COSTOS Y CONSUMOS ( SEMESTRAL ),NA , , ,,0,,48,44.3,92.3 %
2026,4,305,9,JEFATURA DE DESARROLLO ACCESORIOS,3509,4,CUMPLIMIENTO DE ENTREGA DE PRECOSTEO ACCESORIOS,90 % ,100 % ,90 % ,3.6,3,Resultado Logrado,48,44.3,92.3 %
2026,4,305,2,JEFATURA DE DESARROLLO ACCESORIOS,3502,9,CUMPLIMIENTO EN LA PRESENTACIÓN DE LOS AMEF VS CALENDARIO ESTABLECIDO,88.3 % ,100 % ,88.3 % ,7.9,3,Resultado Logrado,48,44.3,92.3 %
2026,4,305,12,JEFATURA DE DESARROLLO ACCESORIOS,102 n,5,"AUDITORIA DE 5'S EN EL ÁREA DE ACCESORIOS",98 % ,100 % ,98 % ,4.9,3,Resultado Logrado,48,44.3,92.3 %
2026,4,305,8,JEFATURA DE DESARROLLO ACCESORIOS,3508,4,"CUMPLIMIENTO DE LOS AVANCES PARA CUMPLIR CON LOS DÍAS DE WIP <BR> 7 DÍAS EN PROTOTIPOS, MUESTRAS, LOTES PILOTO DE ACCESORIOS",70.3 % ,100 % ,70.3 % ,2.8,3,Resultado Logrado,48,44.3,92.3 %
2026,4,305,14,JEFATURA DE DESARROLLO ACCESORIOS,1005,,GPTW,NA , , ,,0,,48,44.3,92.3 %
2026,4,305,11,JEFATURA DE DESARROLLO ACCESORIOS,101 de,,AUDITORIAS INTERNAS DE DESARROLLO ACCESORIOS,NA , , ,,0,,48,44.3,92.3 %
2026,4,305,7,JEFATURA DE DESARROLLO ACCESORIOS,3507,4,EFECTIVIDAD EN EL PAQUETE TÉCNICO Y ENTREGABLES <BR> EN LA LIBERACIÓN DEL MODELO A PRODUCCIÓN,95 % ,100 % ,95 % ,3.8,3,Resultado Logrado,48,44.3,92.3 %
2026,4,305,4,JEFATURA DE DESARROLLO ACCESORIOS,3504,9,CUMPLIMIENTO DE ANÁLISIS DE  VIABILIDAD Y FACTIBILIDAD,100 % ,100 % ,100 % ,9,1,Resultado Logrado,48,44.3,92.3 %
2026,4,305,3,JEFATURA DE DESARROLLO ACCESORIOS,3503,,CUMPLIMIENTO EN EL CALENDARIO DE LIBERACIONES <BR> VS. CALENDARIO ESTABLECIDO ACCESORIOS ( SEMESTRAL ),NA , , ,,0,,48,44.3,92.3 %
2026,4,305,1,JEFATURA DE DESARROLLO ACCESORIOS,3501,,ENTREGA DE PROTOTIPOS VS CALENDARIO ESTABLECIDO ACCESORIOS,NA , , ,,0,,48,44.3,92.3 %
2026,4,305,10,JEFATURA DE DESARROLLO ACCESORIOS,3510,8,PORCENTAJE DE REPROCESOS EN MUESTRAS Y LOTES PILOTO DE ACCESORIOS,91.7 % ,100 % ,91.7 % ,7.3,3,Resultado Logrado,48,44.3,92.3 %
2026,4,305,13,JEFATURA DE DESARROLLO ACCESORIOS,103 d,5,ROTACIÓN DE PERSONAL DE ÁREAS OPERATIVAS,2.5 % ,3 % ,100 % ,5,2,3 %  -  100 %<BR>3.5 %  -  90 %<BR>4 %  -  80 %,48,44.3,92.3 %
2026,4,401,3,JEFATURA DE CAPITAL HUMANO,4103,15,CUMPLIMIENTO DE NORMATIVA LEGAL EN SEGURIDAD E HIGIENE,84 % ,80 % ,84 % ,12.6,3,Mayor al 80 %,85,80.1,94.2 %
2026,4,401,5,JEFATURA DE CAPITAL HUMANO,101 ea,,AUDITORIAS INTERNAS DE CAPITAL HUMANO,NA , , ,,0,,85,80.1,94.2 %
2026,4,401,8,JEFATURA DE CAPITAL HUMANO,1005,,GPTW,NA , , ,,0,,85,80.1,94.2 %
2026,4,401,2,JEFATURA DE CAPITAL HUMANO,4102,20,TOTAL DE CAPACITACIONES REALIZADAS VS CAPACITACIONES PLANEADAS,100 % ,90 % ,100 % ,20,1,Mayor al 90 %,85,80.1,94.2 %
2026,4,401,6,JEFATURA DE CAPITAL HUMANO,102 u,5,"AUDITORIA DE 5'S EN EL ÁREA DE CAPITAL HUMANO",89.1 % ,100 % ,89.1 % ,4.5,3,Resultado Logrado,85,80.1,94.2 %
2026,4,401,4,JEFATURA DE CAPITAL HUMANO,4104,10,AUDITORIAS DE 5´S EJECUTADAS VS PROGRAMADAS,93.3 % ,95 % ,80 % ,8,3,95 %  -  100 %<BR>90 %  -  80 %<BR>85 %  -  60 %,85,80.1,94.2 %
2026,4,401,7,JEFATURA DE CAPITAL HUMANO,103 f,5,ROTACIÓN DE PERSONAL ADMINISTRATIVO,2.5 % ,3 % ,100 % ,5,2,3 %  -  100 %<BR>3.5 %  -  90 %<BR>4 %  -  80 %,85,80.1,94.2 %
2026,4,401,1,JEFATURA DE CAPITAL HUMANO,4101,30,CUMPLIMIENTO DEL TIEMPO DE CONTRATACIÓN (= 15 DÍAS HÁBILES),13 días hab. ,15 días hab. ,100 % ,30,2,,85,80.1,94.2 %
2026,4,402,5,JEFATURA DE GESTION DE CALIDAD,103 f,5,ROTACIÓN DE PERSONAL ADMINISTRATIVO,2.5 % ,3 % ,100 % ,5,2,3 %  -  100 %<BR>3.5 %  -  90 %<BR>4 %  -  80 %,75,68.2,90.9 %
2026,4,402,1,JEFATURA DE GESTION DE CALIDAD,4201,40,CUMPLIMIENTO DE AUDITORIAS INTERNAS,90 % ,85 % ,90 % ,36,3,Mayor al 85 %,75,68.2,90.9 %
2026,4,402,3,JEFATURA DE GESTION DE CALIDAD,101 eb,,AUDITORIAS INTERNAS DE SISTEMAS DE GESTIÓN,NA , , ,,0,,75,68.2,90.9 %
2026,4,402,2,JEFATURA DE GESTION DE CALIDAD,4202,25,INDICE DE PROCESOS DOCUMENTADOS VS PROCESOS PLANEADOS,90 % ,85 % ,90 % ,22.5,3,Mayor al 85 %,75,68.2,90.9 %
2026,4,402,4,JEFATURA DE GESTION DE CALIDAD,102 v,5,"AUDITORIA DE 5'S EN EL ÁREA DE GESTION DE CALIDAD",94.6 % ,100 % ,94.6 % ,4.7,3,Resultado Logrado,75,68.2,90.9 %
2026,4,402,6,JEFATURA DE GESTION DE CALIDAD,1005,,GPTW,NA , , ,,0,,75,68.2,90.9 %
2026,4,306,13,JEFATURA DE INGENIERÍA DE PROCESOS,102 q,5,"AUDITORIA DE 5'S EN EL ÁREA DE INGENIERÍA DE PROCESOS",96.7 % ,100 % ,96.7 % ,4.8,3,Resultado Logrado,75,67.8,90.4 %
2026,4,306,15,JEFATURA DE INGENIERÍA DE PROCESOS,1005,,GPTW,NA , , ,,0,,75,67.8,90.4 %
2026,4,306,2,JEFATURA DE INGENIERÍA DE PROCESOS,3102,10,PRESUPUESTO DE COSTO DE MANO DE OBRA DIRECTA DE BOTAS,$ 255.75 ,$ 239.01 ,60 % ,6,3,,75,67.8,90.4 %
2026,4,306,7,JEFATURA DE INGENIERÍA DE PROCESOS,3101,5,PRODUCTIVIDAD PARES / HOMBRE ( BOTAS ),3.82 prs/hom ,3.50 prs/hom ,100 % ,5,1,,75,67.8,90.4 %
2026,4,306,3,JEFATURA DE INGENIERÍA DE PROCESOS,3303,5,PRESUPUESTO DE COSTO DE MANO DE OBRA DIRECTA EN CINTOS,$ 51.71 ,$ 51.11 ,80 % ,4,3,,75,67.8,90.4 %
2026,4,306,6,JEFATURA DE INGENIERÍA DE PROCESOS,3318,10,PRESUPUESTO DE COSTO DE MANO DE OBRA DIRECTA EN BOLSAS,$ 341.10 ,$ 338.81 ,80 % ,8,3,,75,67.8,90.4 %
2026,4,306,8,JEFATURA DE INGENIERÍA DE PROCESOS,3302,5,PRODUCTIVIDAD PIEZAS / HOMBRE  ( CINTOS ),10.14 pzs/hom ,92 pzs/hom ,100 % ,5,1,,75,67.8,90.4 %
2026,4,306,5,JEFATURA DE INGENIERÍA DE PROCESOS,3313,10,PRESUPUESTO DE COSTO DE MANO DE OBRA DIRECTA EN CHAMARRAS,$ 472.25 ,$ 529.21 ,100 % ,10,2,,75,67.8,90.4 %
2026,4,306,4,JEFATURA DE INGENIERÍA DE PROCESOS,3308,5,PRESUPUESTO DE COSTO DE MANO DE OBRA DIRECTA EN BILLETERAS,$ 120.60 ,$ 124.01 ,100 % ,5,2,,75,67.8,90.4 %
2026,4,306,11,JEFATURA DE INGENIERÍA DE PROCESOS,3317,5,PRODUCTIVIDAD PIEZAS / HOMBRE  ( BOLSAS ),1.67 pzs/hom ,1.60 pzs/hom ,100 % ,5,1,,75,67.8,90.4 %
2026,4,306,10,JEFATURA DE INGENIERÍA DE PROCESOS,3312,5,PRODUCTIVIDAD PIEZAS / HOMBRE  ( CHAMARRAS ),1.37 pzs/hom ,1.12 pzs/hom ,100 % ,5,1,,75,67.8,90.4 %
2026,4,306,1,JEFATURA DE INGENIERÍA DE PROCESOS,3601,,CUMPLIMIENTO DEL PROGRAMA DE <BR> PROYECTOS DE MEJORA CONTINUA ( RESULTADO TRIMESTRAL ),NA , , ,,0,,75,67.8,90.4 %
2026,4,306,12,JEFATURA DE INGENIERÍA DE PROCESOS,101 df,,AUDITORIAS INTERNAS DE INGENIERÍA DE PROCESOS,NA , , ,,0,,75,67.8,90.4 %
2026,4,306,9,JEFATURA DE INGENIERÍA DE PROCESOS,3307,5,PRODUCTIVIDAD PIEZAS / HOMBRE  ( BILLETERAS ),4.30 pzs/hom ,4.19 pzs/hom ,100 % ,5,1,,75,67.8,90.4 %
2026,4,306,14,JEFATURA DE INGENIERÍA DE PROCESOS,103 d,5,ROTACIÓN DE PERSONAL DE ÁREAS OPERATIVAS,2.5 % ,3 % ,100 % ,5,2,3 %  -  100 %<BR>3.5 %  -  90 %<BR>4 %  -  80 %,75,67.8,90.4 %
2026,4,103,2,JEFATURA DE PPCP,1302,10,ADMINISTRACIÓN DE LA DEMANDA DE CINTOS,2 semanas ,3 semanas ,66.7 % ,6.7,3,Resultado Logrado,95,52.3,55.1 %
2026,4,103,9,JEFATURA DE PPCP,103 f,5,ROTACIÓN DE PERSONAL ADMINISTRATIVO,2.5 % ,3 % ,100 % ,5,2,3 %  -  100 %<BR>3.5 %  -  90 %<BR>4 %  -  80 %,95,52.3,55.1 %
2026,4,103,10,JEFATURA DE PPCP,1005,,GPTW,NA , , ,,0,,95,52.3,55.1 %
2026,4,103,5,JEFATURA DE PPCP,1305,10,ADMINISTRACIÓN DE LA DEMANDA DE BOLSAS,3 semanas ,3 semanas ,100 % ,10,6,Resultado Logrado,95,52.3,55.1 %
2026,4,103,4,JEFATURA DE PPCP,1304,10,ADMINISTRACIÓN DE LA DEMANDA DE CHAMARRAS,0 semanas ,3 semanas ,0 % ,0,7,Resultado Logrado,95,52.3,55.1 %
2026,4,103,3,JEFATURA DE PPCP,1303,10,ADMINISTRACIÓN DE LA DEMANDA DE BILLETERAS,3 semanas ,3 semanas ,100 % ,10,6,Resultado Logrado,95,52.3,55.1 %
2026,4,103,7,JEFATURA DE PPCP,1307,10,CUMPLIMIENTO DEL PRESUPUESTO EN AVÍOS <BR> ( MATERIALES GESTIONADOS POR PPCP ),"$ 1,218,659 ","$ 2,773,348 ",43.9 % ,10,2,Menor al 110 %,95,52.3,55.1 %
2026,4,103,6,JEFATURA DE PPCP,1306,10,EFECTIVIDAD DE ÍTEMS NEGROS / AMARILLOS VS NECESIDAD EN PREMONTADO <BR> ( ÍTEMS SIN EXISTENCIA O PARCIALIDADES DE AVÍO QUE CONTROLA PPCP ),2.4 items ,1 item ,60 % ,6,3,,95,52.3,55.1 %
2026,4,103,1,JEFATURA DE PPCP,1301,25,ADMINISTRACIÓN DE LA DEMANDA DE BOTAS,0 semanas ,3 semanas ,0 % ,0,7,Resultado Logrado,95,52.3,55.1 %
2026,4,103,8,JEFATURA DE PPCP,102 h,5,"AUDITORIA DE 5'S EN EL ÁREA DE PPCP",92.4 % ,100 % ,92.4 % ,4.6,3,Resultado Logrado,95,52.3,55.1 %
2026,4,309,10,JEFATURA DE MAQUILAS,1005,,GPTW,NA , , ,,0,,85,78.2,92 %
2026,4,309,6,JEFATURA DE MAQUILAS,3906,5,EFICIENCIA EN LA ACTUALIZACIÓN DE COSTOS PARA MAQUILAS <BR> ( LOS COSTOS EN SISTEMA Y LOS DOCUMENTOS DE LA CARPETA DE ANEXOS  DEBEN<BR> SER ACTUALIZADOS EN MÁXIMO EN UNA SEMANA HÁBIL SIGUIENTE A SU RECEPCIÓN ),100 % ,100 % ,100 % ,5,1,,85,78.2,92 %
2026,4,309,3,JEFATURA DE MAQUILAS,3903,15,EFICIENCIA EN TIEMPO DE ENTREGA DE LOS PROVEEDORES DE AVÍOS <BR> ( CFI MÁXIMO 7 DÍAS HÁBILES Y MORAN MÁXIMO 8 DÍAS HÁBILES ),93 % ,95 % ,90 % ,13.5,3,95 %  -  100 %<BR>90 %  -  90 %<BR>85 %  -  80 %,85,78.2,92 %
2026,4,309,4,JEFATURA DE MAQUILAS,3904,10,CUMPLIMIENTO EN EL REGRESOS DE MATERIALES SOBRANTES  AL ALMACÉN DE PIELES  <BR>  PARA PROGRAMAS DE BETA 7 <BR> ( REGRESOS EN UN MÁXIMO DE 28 DÍAS NATURALES DESPUÉS DE SU PROGRAMACIÓN ),100 % ,100 % ,100 % ,10,1,,85,78.2,92 %
2026,4,309,7,JEFATURA DE MAQUILAS,101 di,,AUDITORIAS INTERNAS DE MAQUILAS,NA , , ,,0,,85,78.2,92 %
2026,4,309,2,JEFATURA DE MAQUILAS,3902,15,CUMPLIMIENTO DE FECHAS DE ENTREGA DE MAQUILA EXTERNA DE CINTOS <BR> VS FECHAS ESTABLECIDAS DE ENTREGA <BR> ( MÁXIMO 13 DÍAS HÁBILES A PARTIR DE LA FECHA DE PROGRAMACIÓN ),89 % ,95 % ,80 % ,12,3,95 %  -  100 %<BR>90 %  -  90 %<BR>85 %  -  80 %,85,78.2,92 %
2026,4,309,5,JEFATURA DE MAQUILAS,3905,10,CUMPLIMIENTO EN EL REGRESOS DE MATERIALES  SOBRANTES AL ALMACÉN DE PIELES <BR> PARA PROGRAMAS DE MAQUILA EXTERNA DE CINTOS  <BR> ( REGRESOS EN UN MÁXIMO DE 21 DÍAS NATURALES DESPUÉS DE SU PROGRAMACIÓN ),100 % ,100 % ,100 % ,10,1,,85,78.2,92 %
2026,4,309,8,JEFATURA DE MAQUILAS,102 t,5,"AUDITORIA DE 5'S EN EL ÁREA DE MAQUILAS",94.4 % ,100 % ,94.4 % ,4.7,3,Resultado Logrado,85,78.2,92 %
2026,4,309,1,JEFATURA DE MAQUILAS,3901,20,CUMPLIMIENTO DE FECHAS DE ENTREGA DE BETA 7 <BR> VS FECHAS ESTABLECIDAS DE ENTREGA <BR> ( MÁXIMO 17 DÍAS HÁBILES A PARTIR DE LA FECHA DE PROGRAMACIÓN ),92.7 % ,95 % ,90 % ,18,3,95 %  -  100 %<BR>90 %  -  90 %<BR>85 %  -  80 %,85,78.2,92 %
2026,4,309,9,JEFATURA DE MAQUILAS,103 d,5,ROTACIÓN DE PERSONAL DE ÁREAS OPERATIVAS,2.5 % ,3 % ,100 % ,5,2,3 %  -  100 %<BR>3.5 %  -  90 %<BR>4 %  -  80 %,85,78.2,92 %
2026,4,301,5,JEFATURA DE PRODUCCIÓN BOTAS I,3103,7,CUMPLIMIENTO DEL COSTO PRESUPUESTADO <BR> DE MATERIALES DIRECTOS E INDIRECTOS,100 % ,95 % ,100 % ,7,1,95 %  -  100 %<BR>94 %  -  80 %<BR>93 %  -  60 %,70,60.2,86 %
2026,4,301,11,JEFATURA DE PRODUCCIÓN BOTAS I,103 b,5,ROTACIÓN DE PERSONAL DE BOTAS,7.1 % ,3 % ,0 % ,0,4,3 %  -  100 %<BR>3.5 %  -  90 %<BR>4 %  -  80 %,70,60.2,86 %
2026,4,301,7,JEFATURA DE PRODUCCIÓN BOTAS I,3105,5,REPROCESOS EN PLANTA ( LINEA DE BOTAS ),5.6 % ,5 % ,80 % ,4,3,5 %  -  100 %<BR>6.5 %  -  80 %<BR>8 %  -  60 %,70,60.2,86 %
2026,4,301,8,JEFATURA DE PRODUCCIÓN BOTAS I,3106,7,BAJAS DE CALIDAD EN PRODUCCIÓN ( LINEA DE BOTAS ),0 % ,0.5 % ,100 % ,7,2,0.5 %  -  100 %<BR>1 %  -  80 %<BR>1.5 %  -  60 %,70,60.2,86 %
2026,4,301,12,JEFATURA DE PRODUCCIÓN BOTAS I,1005,,GPTW,NA , , ,,0,,70,60.2,86 %
2026,4,301,6,JEFATURA DE PRODUCCIÓN BOTAS I,3104,5,EFECTIVIDAD EN ENTREGAS A PT ( ANTIGÜEDAD DE LOTES EN WIP ),83.8 % ,100 % ,83.8 % ,4.2,3,Resultado Logrado,70,60.2,86 %
2026,4,301,9,JEFATURA DE PRODUCCIÓN BOTAS I,101 da,,AUDITORIAS INTERNAS DE PRODUCCIÓN BOTAS I,NA , , ,,0,,70,60.2,86 %
2026,4,301,3,JEFATURA DE PRODUCCIÓN BOTAS I,3101,7,PRODUCTIVIDAD PARES / HOMBRE ( BOTAS ),3.82 prs/hom ,3.50 prs/hom ,100 % ,7,1,,70,60.2,86 %
2026,4,301,10,JEFATURA DE PRODUCCIÓN BOTAS I,102 l,5,"AUDITORIA DE 5'S EN EL ÁREA DE BOTAS I",95.7 % ,100 % ,95.7 % ,4.8,3,Resultado Logrado,70,60.2,86 %
2026,4,301,4,JEFATURA DE PRODUCCIÓN BOTAS I,3102,7,PRESUPUESTO DE COSTO DE MANO DE OBRA DIRECTA DE BOTAS,$ 255.75 ,$ 239.01 ,60 % ,4.2,3,,70,60.2,86 %
2026,4,301,1,JEFATURA DE PRODUCCIÓN BOTAS I,3001,22,PRODUCTIVIDAD DE BOTAS,"22,813 prs ","22,800 prs ",100.1 % ,22,1,Mayor al 70 %,70,60.2,86 %
2026,4,302,7,JEFATURA DE PRODUCCIÓN BOTAS II,3105,5,REPROCESOS EN PLANTA ( LINEA DE BOTAS ),5.6 % ,5 % ,80 % ,4,3,5 %  -  100 %<BR>6.5 %  -  80 %<BR>8 %  -  60 %,70,60.3,86.1 %
2026,4,302,11,JEFATURA DE PRODUCCIÓN BOTAS II,103 b,5,ROTACIÓN DE PERSONAL DE BOTAS,7.1 % ,3 % ,0 % ,0,4,3 %  -  100 %<BR>3.5 %  -  90 %<BR>4 %  -  80 %,70,60.3,86.1 %
2026,4,302,5,JEFATURA DE PRODUCCIÓN BOTAS II,3103,7,CUMPLIMIENTO DEL COSTO PRESUPUESTADO <BR> DE MATERIALES DIRECTOS E INDIRECTOS,100 % ,95 % ,100 % ,7,1,95 %  -  100 %<BR>94 %  -  80 %<BR>93 %  -  60 %,70,60.3,86.1 %
2026,4,302,8,JEFATURA DE PRODUCCIÓN BOTAS II,3106,7,BAJAS DE CALIDAD EN PRODUCCIÓN ( LINEA DE BOTAS ),0 % ,0.5 % ,100 % ,7,2,0.5 %  -  100 %<BR>1 %  -  80 %<BR>1.5 %  -  60 %,70,60.3,86.1 %
2026,4,302,3,JEFATURA DE PRODUCCIÓN BOTAS II,3101,7,PRODUCTIVIDAD PARES / HOMBRE ( BOTAS ),3.82 prs/hom ,3.50 prs/hom ,100 % ,7,1,,70,60.3,86.1 %
2026,4,302,6,JEFATURA DE PRODUCCIÓN BOTAS II,3104,5,EFECTIVIDAD EN ENTREGAS A PT ( ANTIGÜEDAD DE LOTES EN WIP ),83.8 % ,100 % ,83.8 % ,4.2,3,Resultado Logrado,70,60.3,86.1 %
2026,4,302,4,JEFATURA DE PRODUCCIÓN BOTAS II,3102,7,PRESUPUESTO DE COSTO DE MANO DE OBRA DIRECTA DE BOTAS,$ 255.75 ,$ 239.01 ,60 % ,4.2,3,,70,60.3,86.1 %
2026,4,302,1,JEFATURA DE PRODUCCIÓN BOTAS II,3001,22,PRODUCTIVIDAD DE BOTAS,"22,813 prs ","22,800 prs ",100.1 % ,22,1,Mayor al 70 %,70,60.3,86.1 %
2026,4,302,12,JEFATURA DE PRODUCCIÓN BOTAS II,1005,,GPTW,NA , , ,,0,,70,60.3,86.1 %
2026,4,302,9,JEFATURA DE PRODUCCIÓN BOTAS II,101 db,,AUDITORIAS INTERNAS DE PRODUCCIÓN BOTAS II,NA , , ,,0,,70,60.3,86.1 %
2026,4,302,10,JEFATURA DE PRODUCCIÓN BOTAS II,102 m,5,"AUDITORIA DE 5'S EN EL ÁREA DE BOTAS II",97.6 % ,100 % ,97.6 % ,4.9,3,Resultado Logrado,70,60.3,86.1 %
2026,5,100,10,DIRECCIÓN MBC,1010,3,INVERSIONES ( EFICIENCIA OPERATIVA TESEO ),44.6 % ,75 % ,44.6 % ,0,5,Mayor al 75 %,70,56.4,80.6 %
2026,5,100,2,DIRECCIÓN MBC,1002,36,UTILIDADES DE OPERACIÓN,"$ 44,522,933 ","$ 40,230,864 ",110.7 % ,36,1,Mayor al 70 %,70,56.4,80.6 %
2026,5,100,5,DIRECCIÓN MBC,1005,,GPTW,NA , , ,,0,,70,56.4,80.6 %
2026,5,100,8,DIRECCIÓN MBC,1008,,TALEN REVIEW JEFATURAS ( INICIO DE PLAN ),NA , , ,,0,,70,56.4,80.6 %
2026,5,100,9,DIRECCIÓN MBC,1009,6,VENTAS DEPARTAMENTALES,"$ 2,855,196 ","$ 2,953,004 ",96.7 % ,5.8,3,Mayor al  %,70,56.4,80.6 %
2026,5,100,3,DIRECCIÓN MBC,1003,,UTILIDADES DE OPERACIÓN CORPORATIVA,NA , , ,,0,,70,56.4,80.6 %
2026,5,100,12,DIRECCIÓN MBC,1012,,DYNAMICS ( ERP MBC ),NA , , ,,0,,70,56.4,80.6 %
2026,5,100,11,DIRECCIÓN MBC,1011,5,PROCESOS ( MAPEO DE PROCESOS ),92 % ,80 % ,92 % ,4.6,3,Mayor al 80 %,70,56.4,80.6 %
2026,5,100,1,DIRECCIÓN MBC,1001,10,VENTAS NETAS,"$ 159,068,265 ","$ 150,174,887 ",105.9 % ,10,1,Mayor al 70 %,70,56.4,80.6 %
2026,5,100,6,DIRECCIÓN MBC,1006,,SUSSESION PLAN ( PLAN DE SUCESIÓN PARA GERENTES ),NA , , ,,0,,70,56.4,80.6 %
2026,5,100,4,DIRECCIÓN MBC,1004,10,FLUJO DE EFECTIVO,52.8 % ,80 % ,52.8 % ,0,5,Mayor al 80 %,70,56.4,80.6 %
2026,5,100,7,DIRECCIÓN MBC,1007,,TALEN REVIEW GERENCIAS ( PLAN DE DESARROLLO  ),NA , , ,,0,,70,56.4,80.6 %
2026,5,200,1,GERENCIA ADMINISTRATIVA,1001,5,VENTAS NETAS,"$ 159,068,265 ","$ 150,174,887 ",105.9 % ,5,1,Mayor al 70 %,67,58.2,86.9 %
2026,5,200,14,GERENCIA ADMINISTRATIVA,101 c,,AUDITORIAS INTERNAS ADMINISTRATIVAS,NA , , ,,0,,67,58.2,86.9 %
2026,5,200,10,GERENCIA ADMINISTRATIVA,1007,,TALEN REVIEW GERENCIAS ( PLAN DE DESARROLLO  ),NA , , ,,0,,67,58.2,86.9 %
2026,5,200,15,GERENCIA ADMINISTRATIVA,102 b,8,"AUDITORIAS DE 5'S EN LAS ÁREAS DE ADMINISTRACION",97.8 % ,95 % ,100 % ,8,1,95 %  -  100 %<BR>90 %  -  90 %<BR>85 %  -  80 %,67,58.2,86.9 %
2026,5,200,17,GERENCIA ADMINISTRATIVA,1005,,GPTW,NA , , ,,0,,67,58.2,86.9 %
2026,5,200,9,GERENCIA ADMINISTRATIVA,1006,,SUSSESION PLAN ( PLAN DE SUCESIÓN PARA GERENTES ),NA , , ,,0,,67,58.2,86.9 %
2026,5,200,3,GERENCIA ADMINISTRATIVA,1004,8,FLUJO DE EFECTIVO,52.8 % ,80 % ,52.8 % ,0,5,Mayor al 80 %,67,58.2,86.9 %
2026,5,200,5,GERENCIA ADMINISTRATIVA,2002,8,GASTOS DE CENTRO DE SERVICIOS,"$ 1,280,268 ","$ 1,501,749 ",85.3 % ,8,2,Menor al 130 %,67,58.2,86.9 %
2026,5,200,4,GERENCIA ADMINISTRATIVA,2001,8,GASTOS DE ADMINISTRACIÓN,"$ 3,480,023 ","$ 3,977,812 ",87.5 % ,8,2,Menor al 130 %,67,58.2,86.9 %
2026,5,200,11,GERENCIA ADMINISTRATIVA,1008,,TALEN REVIEW JEFATURAS ( INICIO DE PLAN ),NA , , ,,0,,67,58.2,86.9 %
2026,5,200,13,GERENCIA ADMINISTRATIVA,1012,,DYNAMICS ( ERP MBC ),NA , , ,,0,,67,58.2,86.9 %
2026,5,200,8,GERENCIA ADMINISTRATIVA,2005,4,CUENTAS POR PAGAR,36.0 dias ,40 dias ,89.9 % ,4,2,Menor al 130 %,67,58.2,86.9 %
2026,5,200,7,GERENCIA ADMINISTRATIVA,2004,4,CUENTAS POR COBRAR,62.0 dias ,60 dias ,103.3 % ,3.9,3,Menor al 130 %,67,58.2,86.9 %
2026,5,200,6,GERENCIA ADMINISTRATIVA,2003,5,GASTOS DE VENTA  ( GASTOS FIJOS QUE NO DEPENDEN DE LA VENTA ),"$ 2,701,171 ","$ 2,507,921 ",107.7 % ,4.6,3,Menor al 130 %,67,58.2,86.9 %
2026,5,200,16,GERENCIA ADMINISTRATIVA,103 f,3,ROTACIÓN DE PERSONAL ADMINISTRATIVO,1.2 % ,3 % ,100 % ,3,2,3 %  -  100 %<BR>3.5 %  -  90 %<BR>4 %  -  80 %,67,58.2,86.9 %
2026,5,200,12,GERENCIA ADMINISTRATIVA,1011,4,PROCESOS ( MAPEO DE PROCESOS ),92 % ,80 % ,92 % ,3.7,3,Mayor al 80 %,67,58.2,86.9 %
2026,5,200,2,GERENCIA ADMINISTRATIVA,1002,10,UTILIDADES DE OPERACIÓN,"$ 44,522,933 ","$ 40,230,864 ",110.7 % ,10,1,Mayor al 70 %,67,58.2,86.9 %
2026,5,1,17,MBC,1005,,GPTW,NA , , ,,0,,75,65.5,87.3 %
2026,5,1,3,MBC,1003,,UTILIDADES DE OPERACIÓN CORPORATIVA,NA , , ,,0,,75,65.5,87.3 %
2026,5,1,10,MBC,3009,3,BAJAS DE CALIDAD ( DEVOLUCIONES MAS BAJAS ),3.3 % ,0.5 % ,0 % ,0,4,0.5 %  -  100 %<BR>1 %  -  85 %<BR>1.5 %  -  70 %,75,65.5,87.3 %
2026,5,1,1,MBC,1001,10,VENTAS NETAS,"$ 159,068,265 ","$ 150,174,887 ",105.9 % ,10,1,Mayor al 70 %,75,65.5,87.3 %
2026,5,1,14,MBC,101,5,AUDITORIAS INTERNAS ( MBC ),76.5 % ,85 % ,76.5 % ,0,5,Mayor al 85 %,75,65.5,87.3 %
2026,5,1,11,MBC,1006,,SUSSESION PLAN ( PLAN DE SUCESIÓN PARA GERENTES ),NA , , ,,0,,75,65.5,87.3 %
2026,5,1,13,MBC,1011,4,PROCESOS ( MAPEO DE PROCESOS ),92 % ,80 % ,92 % ,3.7,3,Mayor al 80 %,75,65.5,87.3 %
2026,5,1,16,MBC,103 a,3,ROTACIÓN DE PERSONAL MBC,3.8 % ,3 % ,80 % ,2.4,3,3 %  -  100 %<BR>3.5 %  -  90 %<BR>4 %  -  80 %,75,65.5,87.3 %
2026,5,1,2,MBC,1002,40,UTILIDADES DE OPERACIÓN,"$ 44,522,933 ","$ 40,230,864 ",110.7 % ,40,1,Mayor al 70 %,75,65.5,87.3 %
2026,5,1,15,MBC,102 a,3,"AUDITORIAS DE 5'S ( MBC )",92.7 % ,95 % ,90 % ,2.7,3,95 %  -  100 %<BR>90 %  -  90 %<BR>85 %  -  80 %,75,65.5,87.3 %
2026,5,1,12,MBC,1007,,TALEN REVIEW GERENCIAS ( PLAN DE DESARROLLO  ),NA , , ,,0,,75,65.5,87.3 %
2026,5,1,7,MBC,105,4,ENTREGAS A TIEMPO  |  TIENDAS CUADRA & CORRAL,95.1 | 98.6 ,95 % ,100 | 100 ,4,1,95 %  -  100 %<BR>90 %  -  80 %<BR>85 %  -  60 %,75,65.5,87.3 %
2026,5,1,4,MBC,104,3,DÍAS DE WIP  |  BOTAS & ACCESORIOS,12.1 | 5.9 ,12 | 7 ,80 | 100 ,2.7,3,12 | 7  -  100 %<BR>13 | 8  -  80 %<BR>14 | 9  -  60 %,75,65.5,87.3 %
2026,5,300,2,GERENCIA OPERATIVA,1002,5,UTILIDADES DE OPERACIÓN,"$ 44,522,933 ","$ 40,230,864 ",110.7 % ,5,1,Mayor al 70 %,70,55.1,78.7 %
2026,5,300,3,GERENCIA OPERATIVA,3001,7,PRODUCTIVIDAD DE BOTAS,"22,209 prs ","23,640 prs ",93.9 % ,6.6,3,Mayor al 70 %,70,55.1,78.7 %
2026,5,300,14,GERENCIA OPERATIVA,1008,,TALEN REVIEW JEFATURAS ( INICIO DE PLAN ),NA , , ,,0,,70,55.1,78.7 %
2026,5,300,8,GERENCIA OPERATIVA,3006,6,DÍAS DE WIP  |  BOTAS Y ACCESORIOS,12.1 | 5.9 ,12 | 7 ,80 | 100 ,5.4,3,12 | 7  -  100 %<BR>13 | 8  -  80 %<BR>14 | 9  -  60 %,70,55.1,78.7 %
2026,5,300,6,GERENCIA OPERATIVA,3004,4,PRODUCTIVIDAD DE CHAMARRAS,"2,882 pzs ","2,840 pzs ",101.5 % ,4,1,Mayor al 70 %,70,55.1,78.7 %
2026,5,300,10,GERENCIA OPERATIVA,3008,4,ENTREGAS A TIEMPO  |  TIENDAS CUADRA Y CORRAL,95.1 | 98.6 ,95 % ,100 | 100 ,4,1,95 %  -  100 %<BR>90 %  -  80 %<BR>85 %  -  60 %,70,55.1,78.7 %
2026,5,300,13,GERENCIA OPERATIVA,1007,,TALEN REVIEW GERENCIAS ( PLAN DE DESARROLLO  ),NA , , ,,0,,70,55.1,78.7 %
2026,5,300,17,GERENCIA OPERATIVA,1012,,DYNAMICS ( ERP MBC ),NA , , ,,0,,70,55.1,78.7 %
2026,5,300,20,GERENCIA OPERATIVA,103 e,4,ROTACIÓN DE PERSONAL OPERACIONES,4 % ,3 % ,0 % ,0,4,3 %  -  100 %<BR>3.5 %  -  90 %<BR>4 %  -  80 %,70,55.1,78.7 %
2026,5,300,21,GERENCIA OPERATIVA,1005,,GPTW,NA , , ,,0,,70,55.1,78.7 %
2026,5,300,1,GERENCIA OPERATIVA,1001,5,VENTAS NETAS,"$ 159,068,265 ","$ 150,174,887 ",105.9 % ,5,1,Mayor al 70 %,70,55.1,78.7 %
2026,5,300,18,GERENCIA OPERATIVA,101 d,,AUDITORIAS INTERNAS OPERATIVAS,NA , , ,,0,,70,55.1,78.7 %
2026,5,300,4,GERENCIA OPERATIVA,3002,4,PRODUCTIVIDAD DE CINTOS,"17,227 pzs ","17,200 pzs ",100.2 % ,4,1,Mayor al 70 %,70,55.1,78.7 %
2026,5,300,11,GERENCIA OPERATIVA,3009,4,BAJAS DE CALIDAD ( DEVOLUCIONES MAS BAJAS ),3.3 % ,0.5 % ,0 % ,0,4,0.5 %  -  100 %<BR>1 %  -  85 %<BR>1.5 %  -  70 %,70,55.1,78.7 %
2026,5,300,19,GERENCIA OPERATIVA,102 c,5,"AUDITORIAS DE 5'S EN LAS ÁREAS DE OPERACIONES",91.5 % ,95 % ,90 % ,4.5,3,95 %  -  100 %<BR>90 %  -  90 %<BR>85 %  -  80 %,70,55.1,78.7 %
2026,5,300,12,GERENCIA OPERATIVA,1006,,SUSSESION PLAN ( PLAN DE SUCESIÓN PARA GERENTES ),NA , , ,,0,,70,55.1,78.7 %
2026,5,300,16,GERENCIA OPERATIVA,1011,4,PROCESOS ( MAPEO DE PROCESOS ),92 % ,80 % ,92 % ,3.7,3,Mayor al 80 %,70,55.1,78.7 %
2026,5,300,7,GERENCIA OPERATIVA,3005,3,PRODUCTIVIDAD DE BOLSAS,"3,937 pzs ","4,090 pzs ",96.3 % ,2.9,3,Mayor al 70 %,70,55.1,78.7 %
2026,5,300,15,GERENCIA OPERATIVA,1010,5,INVERSIONES ( EFICIENCIA OPERATIVA TESEO ),44.6 % ,75 % ,44.6 % ,0,5,Mayor al 75 %,70,55.1,78.7 %
2026,5,300,9,GERENCIA OPERATIVA,3007,7,COSTO DE VENTA,64.8 % ,65 % ,99.7 % ,7,2,Menor al 130 %,70,55.1,78.7 %
2026,5,300,5,GERENCIA OPERATIVA,3003,3,PRODUCTIVIDAD DE BILLETERAS,"7,445 pzs ","7,200 pzs ",103.4 % ,3,1,Mayor al 70 %,70,55.1,78.7 %
2026,5,104,12,JEFATURA DE LOGÍSTICA,1005,,GPTW,NA , , ,,0,,71,44.5,62.7 %
2026,5,104,9,JEFATURA DE LOGÍSTICA,101 b,,AUDITORIAS INTERNAS DE LOGÍSTICA,NA , , ,,0,,71,44.5,62.7 %
2026,5,104,10,JEFATURA DE LOGÍSTICA,102 i,5,"AUDITORIA DE 5'S EN EL ÁREA DE LOGÍSTICA",99.5 % ,100 % ,99.5 % ,5,3,Resultado Logrado,71,44.5,62.7 %
2026,5,104,1,JEFATURA DE LOGÍSTICA,1001,25,VENTAS NETAS,"$ 159,068,265 ","$ 150,174,887 ",105.9 % ,25,1,Mayor al 70 %,71,44.5,62.7 %
2026,5,104,2,JEFATURA DE LOGÍSTICA,1401,8,VENTAS POR LÍNEA,97.8 % ,80 % ,97.8 % ,7.8,3,Mayor al 80 %,71,44.5,62.7 %
2026,5,104,7,JEFATURA DE LOGÍSTICA,1404,5,SERVICIO DISTRIBUIDORES MX,0 % ,80 % ,0 % ,0,5,Mayor al 80 %,71,44.5,62.7 %
2026,5,104,11,JEFATURA DE LOGÍSTICA,103 d,5,ROTACIÓN DE PERSONAL DE ÁREAS OPERATIVAS,5.5 % ,3 % ,0 % ,0,4,3 %  -  100 %<BR>3.5 %  -  90 %<BR>4 %  -  80 %,71,44.5,62.7 %
2026,5,104,3,JEFATURA DE LOGÍSTICA,1402,10,ROTACIÓN INVENTARIO MTS,0.6 vueltas ,0.8 vueltas ,66.6 % ,6.7,3,Resultado Logrado,71,44.5,62.7 %
2026,5,104,8,JEFATURA DE LOGÍSTICA,1405,5,SERVICIO MARKETPLACE,0 % ,80 % ,0 % ,0,5,Mayor al 80 %,71,44.5,62.7 %
2026,5,104,4,JEFATURA DE LOGÍSTICA,1403,8,DÍAS DE PISO NACIONAL,51.0 dias ,35 dias ,0 % ,0,4,35 dias  -  100 %<BR>37.5 dias  -  80 %<BR>40 dias  -  60 %,71,44.5,62.7 %
2026,5,201,7,JEFATURA DE CONTABILIDAD,2103,20,PRESENTACIÓN DE IMPUESTOS,95 % ,100 % ,95 % ,0,5,Mayor al 100 %,85,58.8,69.2 %
2026,5,201,9,JEFATURA DE CONTABILIDAD,102 j,5,"AUDITORIA DE 5'S EN EL ÁREA DE ADMINISTRACIÓN",98.9 % ,100 % ,98.9 % ,4.9,3,Resultado Logrado,85,58.8,69.2 %
2026,5,201,1,JEFATURA DE CONTABILIDAD,1002,5,UTILIDADES DE OPERACIÓN,"$ 44,522,933 ","$ 40,230,864 ",110.7 % ,5,1,Mayor al 70 %,85,58.8,69.2 %
2026,5,201,2,JEFATURA DE CONTABILIDAD,1004,5,FLUJO DE EFECTIVO,52.8 % ,80 % ,52.8 % ,0,5,Mayor al 80 %,85,58.8,69.2 %
2026,5,201,6,JEFATURA DE CONTABILIDAD,2102,20,ENTREGA DE CIERRE MENSUAL,100 % ,80 % ,100 % ,20,1,Mayor al 80 %,85,58.8,69.2 %
2026,5,201,8,JEFATURA DE CONTABILIDAD,101 c,,AUDITORIAS INTERNAS ADMINISTRATIVAS,NA , , ,,0,,85,58.8,69.2 %
2026,5,201,5,JEFATURA DE CONTABILIDAD,2101,15,EFECTIVIDAD EN EL CUMPLIMIENTO DE NOTAS DE CRÉDITO POR PRONTO PAGO,94 % ,70 % ,94 % ,14.1,3,Mayor al 70 %,85,58.8,69.2 %
2026,5,201,4,JEFATURA DE CONTABILIDAD,2005,5,CUENTAS POR PAGAR,36.0 dias ,40 dias ,89.9 % ,5,2,Menor al 130 %,85,58.8,69.2 %
2026,5,201,3,JEFATURA DE CONTABILIDAD,2004,5,CUENTAS POR COBRAR,62.0 dias ,60 dias ,103.3 % ,4.8,3,Menor al 130 %,85,58.8,69.2 %
2026,5,201,10,JEFATURA DE CONTABILIDAD,103 f,5,ROTACIÓN DE PERSONAL ADMINISTRATIVO,1.2 % ,3 % ,100 % ,5,2,3 %  -  100 %<BR>3.5 %  -  90 %<BR>4 %  -  80 %,85,58.8,69.2 %
2026,5,201,11,JEFATURA DE CONTABILIDAD,1005,,GPTW,NA , , ,,0,,85,58.8,69.2 %
2026,5,102,3,JEFATURA DE CALIDAD,1202,20,CALIFICACIÓN REPETIBILIDAD & REPRODUCIBILIDAD <BR> ( UNIFICACIÓN DE CRITERIOS DE INSPECCIÓN ),95 % ,95 % ,100 % ,20,1,95 %  -  100 %<BR>85 %  -  85 %<BR>75 %  -  75 %,95,33.6,35.4 %
2026,5,102,2,JEFATURA DE CALIDAD,1201,30,"PORCENTAJE DE EFECTIVIDAD 'BIEN A LA PRIMERA'",74.5 % ,95 % ,0 % ,0,5,95 %  -  100 %<BR>90 %  -  80 %<BR>80 %  -  70 %,95,33.6,35.4 %
2026,5,102,1,JEFATURA DE CALIDAD,3009,25,BAJAS DE CALIDAD ( DEVOLUCIONES MAS BAJAS ),3.3 % ,0.5 % ,0 % ,0,4,0.5 %  -  100 %<BR>1 %  -  85 %<BR>1.5 %  -  70 %,95,33.6,35.4 %
2026,5,102,6,JEFATURA DE CALIDAD,103 d,5,ROTACIÓN DE PERSONAL DE ÁREAS OPERATIVAS,5.5 % ,3 % ,0 % ,0,4,3 %  -  100 %<BR>3.5 %  -  90 %<BR>4 %  -  80 %,95,33.6,35.4 %
2026,5,102,7,JEFATURA DE CALIDAD,1005,,GPTW,NA , , ,,0,,95,33.6,35.4 %
2026,5,102,5,JEFATURA DE CALIDAD,102 g,5,"AUDITORIA DE 5'S EN EL ÁREA DE CALIDAD",72.6 % ,100 % ,72.6 % ,3.6,3,Resultado Logrado,95,33.6,35.4 %
2026,5,102,4,JEFATURA DE CALIDAD,1203,10,PORCENTAJE DE EFECTIVIDAD EN <BR> LOS PUNTOS DE INSPECCIÓN DEL PRODUCTO,95.7 % ,95 % ,100 % ,10,1,95 %  -  100 %<BR>90 %  -  80 %<BR>80 %  -  70 %,95,33.6,35.4 %
2026,5,400,5,GERENCIA DE CAPITAL HUMANO,1011,5,PROCESOS ( MAPEO DE PROCESOS ),92 % ,80 % ,92 % ,4.6,3,Mayor al 80 %,30,25.6,85.3 %
2026,5,400,7,GERENCIA DE CAPITAL HUMANO,102 d,10,"AUDITORIAS DE 5'S EN LAS ÁREAS DE CAPITAL HUMANO",93.5 % ,95 % ,90 % ,9,3,95 %  -  100 %<BR>90 %  -  90 %<BR>85 %  -  80 %,30,25.6,85.3 %
2026,5,400,6,GERENCIA DE CAPITAL HUMANO,101 e,,AUDITORIAS INTERNAS CAPITAL HUMANO,NA , , ,,0,,30,25.6,85.3 %
2026,5,400,2,GERENCIA DE CAPITAL HUMANO,1006,,SUSSESION PLAN ( PLAN DE SUCESIÓN PARA GERENTES ),NA , , ,,0,,30,25.6,85.3 %
2026,5,400,4,GERENCIA DE CAPITAL HUMANO,1008,,TALEN REVIEW JEFATURAS ( INICIO DE PLAN ),NA , , ,,0,,30,25.6,85.3 %
2026,5,400,3,GERENCIA DE CAPITAL HUMANO,1007,,TALEN REVIEW GERENCIAS ( PLAN DE DESARROLLO  ),NA , , ,,0,,30,25.6,85.3 %
2026,5,400,8,GERENCIA DE CAPITAL HUMANO,1005,,GPTW,NA , , ,,0,,30,25.6,85.3 %
2026,5,400,1,GERENCIA DE CAPITAL HUMANO,103 a,15,ROTACIÓN DE PERSONAL MBC,3.8 % ,3 % ,80 % ,12,3,3 %  -  100 %<BR>3.5 %  -  90 %<BR>4 %  -  80 %,30,25.6,85.3 %
2026,5,101,14,JEFATURA DE COMPRAS,1005,,GPTW,NA , , ,,0,,87,62.8,72.2 %
2026,5,101,9,JEFATURA DE COMPRAS,101 a,10,AUDITORIAS INTERNAS DE COMPRAS,76.5 % ,85 % ,76.5 % ,0,5,Mayor al 85 %,87,62.8,72.2 %
2026,5,101,1,JEFATURA DE COMPRAS,1101,20,PRESUPUESTO DEL INVENTARIO DEL ALMACÉN DE PIELES,"$ 95,565,317 ","$ 100,971,906 ",94.6 % ,20,2,Menor al 110 %,87,62.8,72.2 %
2026,5,101,12,JEFATURA DE COMPRAS,102 f,5,"AUDITORIA DE 5'S EN EL ÁREA DE COMPRAS",92.6 % ,100 % ,92.6 % ,4.6,3,Resultado Logrado,87,62.8,72.2 %
2026,5,101,6,JEFATURA DE COMPRAS,1106,5,CIERRE DE INVENTARIO DEL ALMACÉN DE PIELES,3 días hab. ,3 días hab. ,100 % ,5,2,,87,62.8,72.2 %
2026,5,101,3,JEFATURA DE COMPRAS,1103,7,PARES PROGRAMADOS VS PARES NO SURTIDOS DE BOTAS,98 % ,99 % ,90 % ,6.3,3,99 %  -  100 %<BR>97 %  -  90 %<BR>95 %  -  80 %,87,62.8,72.2 %
2026,5,101,8,JEFATURA DE COMPRAS,2005,5,CUENTAS POR PAGAR,36.0 dias ,40 dias ,89.9 % ,5,2,Menor al 130 %,87,62.8,72.2 %
2026,5,101,5,JEFATURA DE COMPRAS,1105,20,PIEZAS PLANEADAS VS PIEZAS PROGRAMADAS,86 % ,80 % ,86 % ,17.2,3,Mayor al 80 %,87,62.8,72.2 %
2026,5,101,13,JEFATURA DE COMPRAS,103 d,5,ROTACIÓN DE PERSONAL DE ÁREAS OPERATIVAS,5.5 % ,3 % ,0 % ,0,4,3 %  -  100 %<BR>3.5 %  -  90 %<BR>4 %  -  80 %,87,62.8,72.2 %
2026,5,101,2,JEFATURA DE COMPRAS,1102,5,PRESUPUESTO DEL INVENTARIO DEL ALMACÉN DE MATERIA PRIMA,"$ 24,368,140 ","$ 22,829,723 ",106.7 % ,4.7,3,Menor al 110 %,87,62.8,72.2 %
2026,5,101,7,JEFATURA DE COMPRAS,1107,5,CIERRE DE INVENTARIO DEL ALMACÉN DE MATERIA PRIMA,6 días hab. ,3 días hab. ,0 % ,0,4,,87,62.8,72.2 %
2026,5,304,1,JEFATURA DE DESARROLLO BOTAS,3401,,ENTREGA DE PROTOTIPOS VS CALENDARIO BOTAS,NA , , ,,0,,48,33.3,69.4 %
2026,5,304,15,JEFATURA DE DESARROLLO BOTAS,1005,,GPTW,NA , , ,,0,,48,33.3,69.4 %
2026,5,304,2,JEFATURA DE DESARROLLO BOTAS,3402,9,CUMPLIMIENTO EN EL CALENDARIO DE AMEF <BR> VS CALENDARIO ESTABLECIDO,78 % ,100 % ,78 % ,7,3,Resultado Logrado,48,33.3,69.4 %
2026,5,304,3,JEFATURA DE DESARROLLO BOTAS,3403,,CUMPLIMIENTO EN EL CALENDARIO DE LIBERACIONES <BR> VS CALENDARIO ESTABLECIDO BOTAS ( RESULTADO SEMESTRAL ),NA , , ,,0,,48,33.3,69.4 %
2026,5,304,5,JEFATURA DE DESARROLLO BOTAS,3405,,CUMPLIMIENTO DE ENTREGABLES <BR> EN LA ETAPA DE MUESTRAS A INGENIERIA DE COSTOS Y SISTEMAS,NA , , ,,0,,48,33.3,69.4 %
2026,5,304,12,JEFATURA DE DESARROLLO BOTAS,101 dd,,AUDITORIAS INTERNAS DE DESARROLLO BOTAS,NA , , ,,0,,48,33.3,69.4 %
2026,5,304,9,JEFATURA DE DESARROLLO BOTAS,3409,4,"CUMPLIMIENTO EN LOS AVANCES DE WIP EN SISTEMA, <BR> 12 DÍAS EN BOTAS PROTOTIPOS, MUESTRAS Y LOTES PILOTO",21.4 % ,100 % ,21.4 % ,0.9,3,Resultado Logrado,48,33.3,69.4 %
2026,5,304,14,JEFATURA DE DESARROLLO BOTAS,103 d,5,ROTACIÓN DE PERSONAL DE ÁREAS OPERATIVAS,5.5 % ,3 % ,0 % ,0,4,3 %  -  100 %<BR>3.5 %  -  90 %<BR>4 %  -  80 %,48,33.3,69.4 %
2026,5,304,13,JEFATURA DE DESARROLLO BOTAS,102 o,5,"AUDITORIA DE 5'S EN EL ÁREA DE DESARROLLO BOTAS",91.5 % ,100 % ,91.5 % ,4.6,3,Resultado Logrado,48,33.3,69.4 %
2026,5,304,11,JEFATURA DE DESARROLLO BOTAS,3411,8,PORCENTAJE DE REPROCESOS EN MUESTRAS Y LOTES PILOTO DE BOTAS,52.9 % ,100 % ,52.9 % ,4.2,3,Resultado Logrado,48,33.3,69.4 %
2026,5,304,7,JEFATURA DE DESARROLLO BOTAS,3407,4,EFECTIVIDAD EN EL PAQUETE TÉCNICO <BR> Y ENTREGABLES EN LA LIBERACIÓN DEL MODELO A PRODUCCIÓN,100 % ,100 % ,100 % ,4,1,Resultado Logrado,48,33.3,69.4 %
2026,5,304,10,JEFATURA DE DESARROLLO BOTAS,3410,4,CUMPLIMIENTO DE ENTREGA DE PRECOSTEO BOTAS,90 % ,100 % ,90 % ,3.6,3,Resultado Logrado,48,33.3,69.4 %
2026,5,304,8,JEFATURA DE DESARROLLO BOTAS,3408,,CUMPLIMIENTO DE ENTREGAS DE PAQUETES TÉCNICOS CONFORME A CALENDARIO DE ENTREGA DE BETA 7,NA , , ,,0,,48,33.3,69.4 %
2026,5,304,6,JEFATURA DE DESARROLLO BOTAS,3406,,ENTREGA DE MUESTRAS VS CALENDARIO ESTABLECIDO BOTAS,NA , , ,,0,,48,33.3,69.4 %
2026,5,304,4,JEFATURA DE DESARROLLO BOTAS,3404,9,CUMPLIMIENTO DE ANÁLISIS DE  VIABILIDAD Y FACTIBILIDAD,100 % ,100 % ,100 % ,9,1,Resultado Logrado,48,33.3,69.4 %
2026,5,308,8,JEFATURA DE MANTENIMIENTO,101 dh,,AUDITORIAS INTERNAS DE MANTENIMIENTO,NA , , ,,0,,85,69.7,82 %
2026,5,308,1,JEFATURA DE MANTENIMIENTO,3801,20,CUMPLIMIENTO  DEL PLAN DE <BR> MANTENIMIENTO PREVENTIVO VS CALENDARIO,95.8 % ,100 % ,95.8 % ,19.2,3,Resultado Logrado,85,69.7,82 %
2026,5,308,7,JEFATURA DE MANTENIMIENTO,3807,5,COMPARATIVO DEL GASTO REAL CONTRA LO PLANEADO,7.5 % ,5 % ,0 % ,0,4,,85,69.7,82 %
2026,5,308,2,JEFATURA DE MANTENIMIENTO,3802,15,ADMINISTRAR EL MANTENIMIENTO CORRECTIVO,96.8 % ,100 % ,96.8 % ,14.5,3,Resultado Logrado,85,69.7,82 %
2026,5,308,11,JEFATURA DE MANTENIMIENTO,1005,,GPTW,NA , , ,,0,,85,69.7,82 %
2026,5,308,9,JEFATURA DE MANTENIMIENTO,102 s,5,"AUDITORIA DE 5'S EN EL ÁREA DE MANTENIMIENTO",69.9 % ,100 % ,69.9 % ,3.5,3,Resultado Logrado,85,69.7,82 %
2026,5,308,3,JEFATURA DE MANTENIMIENTO,3803,15,MANTENIMIENTO PREDICTIVO,90 % ,100 % ,90 % ,13.5,3,Resultado Logrado,85,69.7,82 %
2026,5,308,6,JEFATURA DE MANTENIMIENTO,3806,5,CONTROLAR Y ADMINISTRAR INVENTARIOS DE REFACCIONES,0 items ,5 item ,100 % ,5,2,,85,69.7,82 %
2026,5,308,10,JEFATURA DE MANTENIMIENTO,103 d,5,ROTACIÓN DE PERSONAL DE ÁREAS OPERATIVAS,5.5 % ,3 % ,0 % ,0,4,3 %  -  100 %<BR>3.5 %  -  90 %<BR>4 %  -  80 %,85,69.7,82 %
2026,5,308,5,JEFATURA DE MANTENIMIENTO,3805,5,CONTROLAR Y ADMINISTRAR INVENTARIOS DE MAQUINARIA,0 maquinas ,0 maquinas ,100 % ,5,2,,85,69.7,82 %
2026,5,308,4,JEFATURA DE MANTENIMIENTO,3804,10,MANTENIMIENTO AUTÓNOMO,90 % ,100 % ,90 % ,9,3,Resultado Logrado,85,69.7,82 %
2026,5,303,2,JEFATURA DE PRODUCCIÓN ACCESORIOS,3301,3.75,DÍAS DE WIP CINTOS,5.8 dias ,7 dias ,100 % ,3.8,2,7 dias  -  100 %<BR>8 dias  -  80 %<BR>9 dias  -  60 %,85,84.4,99.3 %
2026,5,303,30,JEFATURA DE PRODUCCIÓN ACCESORIOS,1005,,GPTW,NA , , ,,0,,85,84.4,99.3 %
2026,5,303,13,JEFATURA DE PRODUCCIÓN ACCESORIOS,3004,5.5,PRODUCTIVIDAD DE CHAMARRAS,"2,882 pzs ","2,840 pzs ",101.5 % ,5.5,1,Mayor al 70 %,85,84.4,99.3 %
2026,5,303,7,JEFATURA DE PRODUCCIÓN ACCESORIOS,3003,5.5,PRODUCTIVIDAD DE BILLETERAS,"7,445 pzs ","7,200 pzs ",103.4 % ,5.5,1,Mayor al 70 %,85,84.4,99.3 %
2026,5,303,19,JEFATURA DE PRODUCCIÓN ACCESORIOS,3005,5.5,PRODUCTIVIDAD DE BOLSAS,"3,937 pzs ","4,090 pzs ",96.3 % ,5.3,3,Mayor al 70 %,85,84.4,99.3 %
2026,5,303,16,JEFATURA DE PRODUCCIÓN ACCESORIOS,3313,1.75,PRESUPUESTO DE COSTO DE MANO DE OBRA DIRECTA EN CHAMARRAS,$ 459.52 ,$ 529.21 ,100 % ,1.8,2,,85,84.4,99.3 %
2026,5,303,23,JEFATURA DE PRODUCCIÓN ACCESORIOS,3319,1.75,CUMPLIMIENTO DEL COSTO PRESUPUESTADO <BR> EN MATERIALES DIRECTOS E INDIRECTOS DE BOLSAS,100 % ,95 % ,100 % ,1.8,1,95 %  -  100 %<BR>94 %  -  80 %<BR>93 %  -  60 %,85,84.4,99.3 %
2026,5,303,24,JEFATURA DE PRODUCCIÓN ACCESORIOS,3320,1.25,EFECTIVIDAD EN ENTREGAS A PT BOLSAS ( ANTIGÜEDAD DE LOTES EN WIP ),95.4 % ,100 % ,95.4 % ,1.2,3,Resultado Logrado,85,84.4,99.3 %
2026,5,303,25,JEFATURA DE PRODUCCIÓN ACCESORIOS,3321,5,REPROCESOS EN PLANTA ( LINEAS DE ACCESORIOS ),1.2 % ,5 % ,100 % ,5,2,5 %  -  100 %<BR>6.5 %  -  80 %<BR>8 %  -  60 %,85,84.4,99.3 %
2026,5,303,3,JEFATURA DE PRODUCCIÓN ACCESORIOS,3302,1.75,PRODUCTIVIDAD PIEZAS / HOMBRE  ( CINTOS ),10.22 pzs/hom ,92 pzs/hom ,100 % ,1.8,1,,85,84.4,99.3 %
2026,5,303,5,JEFATURA DE PRODUCCIÓN ACCESORIOS,3304,1.75,CUMPLIMIENTO DEL COSTO PRESUPUESTADO <BR> EN MATERIALES DIRECTOS E INDIRECTOS DE CINTOS,100 % ,95 % ,100 % ,1.8,1,95 %  -  100 %<BR>94 %  -  80 %<BR>93 %  -  60 %,85,84.4,99.3 %
2026,5,303,20,JEFATURA DE PRODUCCIÓN ACCESORIOS,3316,3.75,DÍAS DE WIP BOLSAS,6.0 dias ,7 dias ,100 % ,3.8,2,7 dias  -  100 %<BR>8 dias  -  80 %<BR>9 dias  -  60 %,85,84.4,99.3 %
2026,5,303,18,JEFATURA DE PRODUCCIÓN ACCESORIOS,3315,1.25,EFECTIVIDAD EN ENTREGAS A PT CHAMARRAS ( ANTIGÜEDAD DE LOTES EN WIP ),99.5 % ,100 % ,99.5 % ,1.2,3,Resultado Logrado,85,84.4,99.3 %
2026,5,303,8,JEFATURA DE PRODUCCIÓN ACCESORIOS,3306,3.75,DÍAS DE WIP BILLETERAS,5.9 dias ,7 dias ,100 % ,3.8,2,7 dias  -  100 %<BR>8 dias  -  80 %<BR>9 dias  -  60 %,85,84.4,99.3 %
2026,5,303,21,JEFATURA DE PRODUCCIÓN ACCESORIOS,3317,1.75,PRODUCTIVIDAD PIEZAS / HOMBRE  ( BOLSAS ),1.68 pzs/hom ,1.60 pzs/hom ,100 % ,1.8,1,,85,84.4,99.3 %
2026,5,303,17,JEFATURA DE PRODUCCIÓN ACCESORIOS,3314,1.75,CUMPLIMIENTO DEL COSTO PRESUPUESTADO <BR> EN MATERIALES DIRECTOS E INDIRECTOS DE CHAMARRAS,100 % ,95 % ,100 % ,1.8,1,95 %  -  100 %<BR>94 %  -  80 %<BR>93 %  -  60 %,85,84.4,99.3 %
2026,5,303,22,JEFATURA DE PRODUCCIÓN ACCESORIOS,3318,1.75,PRESUPUESTO DE COSTO DE MANO DE OBRA DIRECTA EN BOLSAS,$ 334.45 ,$ 338.81 ,100 % ,1.8,2,,85,84.4,99.3 %
2026,5,303,26,JEFATURA DE PRODUCCIÓN ACCESORIOS,3322,7,BAJAS DE CALIDAD EN PRODUCCIÓN ( LINEAS DE ACCESORIOS ),0 % ,0.5 % ,100 % ,7,2,0.5 %  -  100 %<BR>1 %  -  80 %<BR>1.5 %  -  60 %,85,84.4,99.3 %
2026,5,303,6,JEFATURA DE PRODUCCIÓN ACCESORIOS,3305,1.25,EFECTIVIDAD EN ENTREGAS A PT CINTOS ( ANTIGÜEDAD DE LOTES EN WIP ),99.6 % ,100 % ,99.6 % ,1.2,3,Resultado Logrado,85,84.4,99.3 %
2026,5,303,10,JEFATURA DE PRODUCCIÓN ACCESORIOS,3308,1.75,PRESUPUESTO DE COSTO DE MANO DE OBRA DIRECTA EN BILLETERAS,$ 118.02 ,$ 124.01 ,100 % ,1.8,2,,85,84.4,99.3 %
2026,5,303,1,JEFATURA DE PRODUCCIÓN ACCESORIOS,3002,5.5,PRODUCTIVIDAD DE CINTOS,"17,227 pzs ","17,200 pzs ",100.2 % ,5.5,1,Mayor al 70 %,85,84.4,99.3 %
2026,5,303,12,JEFATURA DE PRODUCCIÓN ACCESORIOS,3310,1.25,EFECTIVIDAD EN ENTREGAS A PT BILLETERAS ( ANTIGÜEDAD DE LOTES EN WIP ),97.6 % ,100 % ,97.6 % ,1.2,3,Resultado Logrado,85,84.4,99.3 %
2026,5,303,4,JEFATURA DE PRODUCCIÓN ACCESORIOS,3303,1.75,PRESUPUESTO DE COSTO DE MANO DE OBRA DIRECTA EN CINTOS,$ 52.18 ,$ 51.11 ,80 % ,1.4,3,,85,84.4,99.3 %
2026,5,303,28,JEFATURA DE PRODUCCIÓN ACCESORIOS,102 n,5,"AUDITORIA DE 5'S EN EL ÁREA DE ACCESORIOS",97.9 % ,100 % ,97.9 % ,4.9,3,Resultado Logrado,85,84.4,99.3 %
2026,5,303,15,JEFATURA DE PRODUCCIÓN ACCESORIOS,3312,1.75,PRODUCTIVIDAD PIEZAS / HOMBRE  ( CHAMARRAS ),1.42 pzs/hom ,1.12 pzs/hom ,100 % ,1.8,1,,85,84.4,99.3 %
2026,5,303,29,JEFATURA DE PRODUCCIÓN ACCESORIOS,103 c,5,ROTACIÓN DE PERSONAL DE ACCESORIOS,3.1 % ,3 % ,90 % ,4.5,3,3 %  -  100 %<BR>3.5 %  -  90 %<BR>4 %  -  80 %,85,84.4,99.3 %
2026,5,303,9,JEFATURA DE PRODUCCIÓN ACCESORIOS,3307,1.75,PRODUCTIVIDAD PIEZAS / HOMBRE  ( BILLETERAS ),4.34 pzs/hom ,4.19 pzs/hom ,100 % ,1.8,1,,85,84.4,99.3 %
2026,5,303,11,JEFATURA DE PRODUCCIÓN ACCESORIOS,3309,1.75,CUMPLIMIENTO DEL COSTO PRESUPUESTADO <BR> EN MATERIALES DIRECTOS E INDIRECTOS DE BILLETERAS,100 % ,95 % ,100 % ,1.8,1,95 %  -  100 %<BR>94 %  -  80 %<BR>93 %  -  60 %,85,84.4,99.3 %
2026,5,303,14,JEFATURA DE PRODUCCIÓN ACCESORIOS,3311,3.75,DÍAS DE WIP CHAMARRAS,5.8 dias ,7 dias ,100 % ,3.8,2,7 dias  -  100 %<BR>8 dias  -  80 %<BR>9 dias  -  60 %,85,84.4,99.3 %
2026,5,303,27,JEFATURA DE PRODUCCIÓN ACCESORIOS,101 dc,,AUDITORIAS INTERNAS DE PRODUCCIÓN ACCESORIOS,NA , , ,,0,,85,84.4,99.3 %
2026,5,307,6,JEFATURA DE INGENIERÍA DE COSTOS Y SISTEMA,101 dg,,AUDITORIAS INTERNAS DE INGENIERÍA DE COSTOS Y SISTEMA,NA , , ,,0,,75,64.4,85.9 %
2026,5,307,4,JEFATURA DE INGENIERÍA DE COSTOS Y SISTEMA,3704,10,ENTREGA DE COSTEOS DE PRODUCTOS CUADRA,100 % ,100 % ,100 % ,10,1,100 %  -  100 %<BR>90 %  -  90 %<BR>80 %  -  80 %,75,64.4,85.9 %
2026,5,307,8,JEFATURA DE INGENIERÍA DE COSTOS Y SISTEMA,103 d,5,ROTACIÓN DE PERSONAL DE ÁREAS OPERATIVAS,5.5 % ,3 % ,0 % ,0,4,3 %  -  100 %<BR>3.5 %  -  90 %<BR>4 %  -  80 %,75,64.4,85.9 %
2026,5,307,3,JEFATURA DE INGENIERÍA DE COSTOS Y SISTEMA,3703,10,AFECTACIÓN DE EXISTENCIAS EN MATERIALES POR MODIFICACIÓN EN CONSTANTES <BR> ( INVENTARIOS SOBRANTES DERIVADOS DE LOS CAMBIOS ),"$ 151,237 ",$ 0.01 ,50 % ,5,3,,75,64.4,85.9 %
2026,5,307,9,JEFATURA DE INGENIERÍA DE COSTOS Y SISTEMA,1005,,GPTW,NA , , ,,0,,75,64.4,85.9 %
2026,5,307,7,JEFATURA DE INGENIERÍA DE COSTOS Y SISTEMA,102 r,5,"AUDITORIA DE 5'S EN EL ÁREA DE INGENIERÍA DE COSTOS Y SISTEMAS",88 % ,100 % ,88 % ,4.4,3,Resultado Logrado,75,64.4,85.9 %
2026,5,307,2,JEFATURA DE INGENIERÍA DE COSTOS Y SISTEMA,3702,20,VARIACIÓN ENTRE EL COSTO REAL DE MATERIALES INDIRECTOS VS PRESUPUESTADO,"$ 1,520,374 ","$ 1,843,581 ",100 % ,20,2,,75,64.4,85.9 %
2026,5,307,1,JEFATURA DE INGENIERÍA DE COSTOS Y SISTEMA,3701,25,VARIACIÓN ENTRE EL COSTO REAL DE MATERIALES DIRECTOS VS PRESUPUESTADO,"$ 60,190,831 ","$ 64,706,467 ",100 % ,25,2,,75,64.4,85.9 %
2026,5,307,5,JEFATURA DE INGENIERÍA DE COSTOS Y SISTEMA,3705,,CUMPLIMIENTO DEL CALENDARIO DE <BR> DEPURACIÓN DE CONTANTES Y HERRAMENTALES <BR> ( RESULTADO SEMESTRAL | JUNIO Y DICIEMBRE ),NA , , ,,0,,75,64.4,85.9 %
2026,5,305,9,JEFATURA DE DESARROLLO ACCESORIOS,3509,4,CUMPLIMIENTO DE ENTREGA DE PRECOSTEO ACCESORIOS,90 % ,100 % ,90 % ,3.6,3,Resultado Logrado,48,35.8,74.6 %
2026,5,305,11,JEFATURA DE DESARROLLO ACCESORIOS,101 de,,AUDITORIAS INTERNAS DE DESARROLLO ACCESORIOS,NA , , ,,0,,48,35.8,74.6 %
2026,5,305,14,JEFATURA DE DESARROLLO ACCESORIOS,1005,,GPTW,NA , , ,,0,,48,35.8,74.6 %
2026,5,305,10,JEFATURA DE DESARROLLO ACCESORIOS,3510,8,PORCENTAJE DE REPROCESOS EN MUESTRAS Y LOTES PILOTO DE ACCESORIOS,69.2 % ,100 % ,69.2 % ,5.5,3,Resultado Logrado,48,35.8,74.6 %
2026,5,305,13,JEFATURA DE DESARROLLO ACCESORIOS,103 d,5,ROTACIÓN DE PERSONAL DE ÁREAS OPERATIVAS,5.5 % ,3 % ,0 % ,0,4,3 %  -  100 %<BR>3.5 %  -  90 %<BR>4 %  -  80 %,48,35.8,74.6 %
2026,5,305,5,JEFATURA DE DESARROLLO ACCESORIOS,3505,,CUMPLIMIENTO DE ENTREGABLES EN LA ETAPA DE <BR> MUESTRAS A INGENIERÍA DE COSTOS Y CONSUMOS ( SEMESTRAL ),NA , , ,,0,,48,35.8,74.6 %
2026,5,305,4,JEFATURA DE DESARROLLO ACCESORIOS,3504,9,CUMPLIMIENTO DE ANÁLISIS DE  VIABILIDAD Y FACTIBILIDAD,100 % ,100 % ,100 % ,9,1,Resultado Logrado,48,35.8,74.6 %
2026,5,305,1,JEFATURA DE DESARROLLO ACCESORIOS,3501,,ENTREGA DE PROTOTIPOS VS CALENDARIO ESTABLECIDO ACCESORIOS,NA , , ,,0,,48,35.8,74.6 %
2026,5,305,2,JEFATURA DE DESARROLLO ACCESORIOS,3502,9,CUMPLIMIENTO EN LA PRESENTACIÓN DE LOS AMEF VS CALENDARIO ESTABLECIDO,78.8 % ,100 % ,78.8 % ,7.1,3,Resultado Logrado,48,35.8,74.6 %
2026,5,305,3,JEFATURA DE DESARROLLO ACCESORIOS,3503,,CUMPLIMIENTO EN EL CALENDARIO DE LIBERACIONES <BR> VS. CALENDARIO ESTABLECIDO ACCESORIOS ( SEMESTRAL ),NA , , ,,0,,48,35.8,74.6 %
2026,5,305,7,JEFATURA DE DESARROLLO ACCESORIOS,3507,4,EFECTIVIDAD EN EL PAQUETE TÉCNICO Y ENTREGABLES <BR> EN LA LIBERACIÓN DEL MODELO A PRODUCCIÓN,98.8 % ,100 % ,98.8 % ,4,3,Resultado Logrado,48,35.8,74.6 %
2026,5,305,12,JEFATURA DE DESARROLLO ACCESORIOS,102 n,5,"AUDITORIA DE 5'S EN EL ÁREA DE ACCESORIOS",97.9 % ,100 % ,97.9 % ,4.9,3,Resultado Logrado,48,35.8,74.6 %
2026,5,305,6,JEFATURA DE DESARROLLO ACCESORIOS,3506,,ENTREGA DE MUESTRAS VS CALENDARIO ESTABLECIDO ACCESORIOS,NA , , ,,0,,48,35.8,74.6 %
2026,5,305,8,JEFATURA DE DESARROLLO ACCESORIOS,3508,4,"CUMPLIMIENTO DE LOS AVANCES PARA CUMPLIR CON LOS DÍAS DE WIP <BR> 7 DÍAS EN PROTOTIPOS, MUESTRAS, LOTES PILOTO DE ACCESORIOS",41.8 % ,100 % ,41.8 % ,1.7,3,Resultado Logrado,48,35.8,74.6 %
2026,5,401,5,JEFATURA DE CAPITAL HUMANO,101 ea,,AUDITORIAS INTERNAS DE CAPITAL HUMANO,NA , , ,,0,,85,80.6,94.8 %
2026,5,401,7,JEFATURA DE CAPITAL HUMANO,103 f,5,ROTACIÓN DE PERSONAL ADMINISTRATIVO,1.2 % ,3 % ,100 % ,5,2,3 %  -  100 %<BR>3.5 %  -  90 %<BR>4 %  -  80 %,85,80.6,94.8 %
2026,5,401,6,JEFATURA DE CAPITAL HUMANO,102 u,5,"AUDITORIA DE 5'S EN EL ÁREA DE CAPITAL HUMANO",93.5 % ,100 % ,93.5 % ,4.7,3,Resultado Logrado,85,80.6,94.8 %
2026,5,401,2,JEFATURA DE CAPITAL HUMANO,4102,20,TOTAL DE CAPACITACIONES REALIZADAS VS CAPACITACIONES PLANEADAS,100 % ,90 % ,100 % ,20,1,Mayor al 90 %,85,80.6,94.8 %
2026,5,401,8,JEFATURA DE CAPITAL HUMANO,1005,,GPTW,NA , , ,,0,,85,80.6,94.8 %
2026,5,401,4,JEFATURA DE CAPITAL HUMANO,4104,10,AUDITORIAS DE 5´S EJECUTADAS VS PROGRAMADAS,93.3 % ,95 % ,80 % ,8,3,95 %  -  100 %<BR>90 %  -  80 %<BR>85 %  -  60 %,85,80.6,94.8 %
2026,5,401,1,JEFATURA DE CAPITAL HUMANO,4101,30,CUMPLIMIENTO DEL TIEMPO DE CONTRATACIÓN (= 15 DÍAS HÁBILES),13.8 días hab. ,15 días hab. ,100 % ,30,2,,85,80.6,94.8 %
2026,5,401,3,JEFATURA DE CAPITAL HUMANO,4103,15,CUMPLIMIENTO DE NORMATIVA LEGAL EN SEGURIDAD E HIGIENE,86 % ,80 % ,86 % ,12.9,3,Mayor al 80 %,85,80.6,94.8 %
2026,5,402,4,JEFATURA DE GESTION DE CALIDAD,102 v,5,"AUDITORIA DE 5'S EN EL ÁREA DE GESTION DE CALIDAD",96.7 % ,100 % ,96.7 % ,4.8,3,Resultado Logrado,75,68.3,91.1 %
2026,5,402,6,JEFATURA DE GESTION DE CALIDAD,1005,,GPTW,NA , , ,,0,,75,68.3,91.1 %
2026,5,402,1,JEFATURA DE GESTION DE CALIDAD,4201,40,CUMPLIMIENTO DE AUDITORIAS INTERNAS,90 % ,85 % ,90 % ,36,3,Mayor al 85 %,75,68.3,91.1 %
2026,5,402,2,JEFATURA DE GESTION DE CALIDAD,4202,25,INDICE DE PROCESOS DOCUMENTADOS VS PROCESOS PLANEADOS,90 % ,85 % ,90 % ,22.5,3,Mayor al 85 %,75,68.3,91.1 %
2026,5,402,5,JEFATURA DE GESTION DE CALIDAD,103 f,5,ROTACIÓN DE PERSONAL ADMINISTRATIVO,1.2 % ,3 % ,100 % ,5,2,3 %  -  100 %<BR>3.5 %  -  90 %<BR>4 %  -  80 %,75,68.3,91.1 %
2026,5,402,3,JEFATURA DE GESTION DE CALIDAD,101 eb,,AUDITORIAS INTERNAS DE SISTEMAS DE GESTIÓN,NA , , ,,0,,75,68.3,91.1 %
2026,5,306,1,JEFATURA DE INGENIERÍA DE PROCESOS,3601,,CUMPLIMIENTO DEL PROGRAMA DE <BR> PROYECTOS DE MEJORA CONTINUA ( RESULTADO TRIMESTRAL ),NA , , ,,0,,75,63.4,84.5 %
2026,5,306,14,JEFATURA DE INGENIERÍA DE PROCESOS,103 d,5,ROTACIÓN DE PERSONAL DE ÁREAS OPERATIVAS,5.5 % ,3 % ,0 % ,0,4,3 %  -  100 %<BR>3.5 %  -  90 %<BR>4 %  -  80 %,75,63.4,84.5 %
2026,5,306,12,JEFATURA DE INGENIERÍA DE PROCESOS,101 df,,AUDITORIAS INTERNAS DE INGENIERÍA DE PROCESOS,NA , , ,,0,,75,63.4,84.5 %
2026,5,306,13,JEFATURA DE INGENIERÍA DE PROCESOS,102 q,5,"AUDITORIA DE 5'S EN EL ÁREA DE INGENIERÍA DE PROCESOS",88 % ,100 % ,88 % ,4.4,3,Resultado Logrado,75,63.4,84.5 %
2026,5,306,15,JEFATURA DE INGENIERÍA DE PROCESOS,1005,,GPTW,NA , , ,,0,,75,63.4,84.5 %
2026,5,306,8,JEFATURA DE INGENIERÍA DE PROCESOS,3302,5,PRODUCTIVIDAD PIEZAS / HOMBRE  ( CINTOS ),10.22 pzs/hom ,92 pzs/hom ,100 % ,5,1,,75,63.4,84.5 %
2026,5,306,4,JEFATURA DE INGENIERÍA DE PROCESOS,3308,5,PRESUPUESTO DE COSTO DE MANO DE OBRA DIRECTA EN BILLETERAS,$ 118.02 ,$ 124.01 ,100 % ,5,2,,75,63.4,84.5 %
2026,5,306,5,JEFATURA DE INGENIERÍA DE PROCESOS,3313,10,PRESUPUESTO DE COSTO DE MANO DE OBRA DIRECTA EN CHAMARRAS,$ 459.52 ,$ 529.21 ,100 % ,10,2,,75,63.4,84.5 %
2026,5,306,7,JEFATURA DE INGENIERÍA DE PROCESOS,3101,5,PRODUCTIVIDAD PARES / HOMBRE ( BOTAS ),3.40 prs/hom ,3.50 prs/hom ,80 % ,4,3,,75,63.4,84.5 %
2026,5,306,3,JEFATURA DE INGENIERÍA DE PROCESOS,3303,5,PRESUPUESTO DE COSTO DE MANO DE OBRA DIRECTA EN CINTOS,$ 52.18 ,$ 51.11 ,80 % ,4,3,,75,63.4,84.5 %
2026,5,306,2,JEFATURA DE INGENIERÍA DE PROCESOS,3102,10,PRESUPUESTO DE COSTO DE MANO DE OBRA DIRECTA DE BOTAS,$ 251.90 ,$ 239.01 ,60 % ,6,3,,75,63.4,84.5 %
2026,5,306,9,JEFATURA DE INGENIERÍA DE PROCESOS,3307,5,PRODUCTIVIDAD PIEZAS / HOMBRE  ( BILLETERAS ),4.34 pzs/hom ,4.19 pzs/hom ,100 % ,5,1,,75,63.4,84.5 %
2026,5,306,10,JEFATURA DE INGENIERÍA DE PROCESOS,3312,5,PRODUCTIVIDAD PIEZAS / HOMBRE  ( CHAMARRAS ),1.42 pzs/hom ,1.12 pzs/hom ,100 % ,5,1,,75,63.4,84.5 %
2026,5,306,6,JEFATURA DE INGENIERÍA DE PROCESOS,3318,10,PRESUPUESTO DE COSTO DE MANO DE OBRA DIRECTA EN BOLSAS,$ 334.45 ,$ 338.81 ,100 % ,10,2,,75,63.4,84.5 %
2026,5,306,11,JEFATURA DE INGENIERÍA DE PROCESOS,3317,5,PRODUCTIVIDAD PIEZAS / HOMBRE  ( BOLSAS ),1.68 pzs/hom ,1.60 pzs/hom ,100 % ,5,1,,75,63.4,84.5 %
2026,5,103,3,JEFATURA DE PPCP,1303,10,ADMINISTRACIÓN DE LA DEMANDA DE BILLETERAS,1 semanas ,5 semanas ,20 % ,2,3,Resultado Logrado,95,57,60 %
2026,5,103,2,JEFATURA DE PPCP,1302,10,ADMINISTRACIÓN DE LA DEMANDA DE CINTOS,5 semanas ,5 semanas ,100 % ,10,6,Resultado Logrado,95,57,60 %
2026,5,103,10,JEFATURA DE PPCP,1005,,GPTW,NA , , ,,0,,95,57,60 %
2026,5,103,4,JEFATURA DE PPCP,1304,10,ADMINISTRACIÓN DE LA DEMANDA DE CHAMARRAS,3 semanas ,5 semanas ,60 % ,6,3,Resultado Logrado,95,57,60 %
2026,5,103,6,JEFATURA DE PPCP,1306,10,EFECTIVIDAD DE ÍTEMS NEGROS / AMARILLOS VS NECESIDAD EN PREMONTADO <BR> ( ÍTEMS SIN EXISTENCIA O PARCIALIDADES DE AVÍO QUE CONTROLA PPCP ),2.2 items ,1 item ,60 % ,6,3,,95,57,60 %
2026,5,103,5,JEFATURA DE PPCP,1305,10,ADMINISTRACIÓN DE LA DEMANDA DE BOLSAS,4 semanas ,5 semanas ,80 % ,8,3,Resultado Logrado,95,57,60 %
2026,5,103,9,JEFATURA DE PPCP,103 f,5,ROTACIÓN DE PERSONAL ADMINISTRATIVO,1.2 % ,3 % ,100 % ,5,2,3 %  -  100 %<BR>3.5 %  -  90 %<BR>4 %  -  80 %,95,57,60 %
2026,5,103,1,JEFATURA DE PPCP,1301,25,ADMINISTRACIÓN DE LA DEMANDA DE BOTAS,1 semanas ,5 semanas ,20 % ,5,3,Resultado Logrado,95,57,60 %
2026,5,103,8,JEFATURA DE PPCP,102 h,5,"AUDITORIA DE 5'S EN EL ÁREA DE PPCP",100 % ,100 % ,100 % ,5,1,Resultado Logrado,95,57,60 %
2026,5,103,7,JEFATURA DE PPCP,1307,10,CUMPLIMIENTO DEL PRESUPUESTO EN AVÍOS <BR> ( MATERIALES GESTIONADOS POR PPCP ),"$ 949,914 ","$ 1,726,617 ",55 % ,10,2,Menor al 110 %,95,57,60 %
2026,5,309,9,JEFATURA DE MAQUILAS,103 d,5,ROTACIÓN DE PERSONAL DE ÁREAS OPERATIVAS,5.5 % ,3 % ,0 % ,0,4,3 %  -  100 %<BR>3.5 %  -  90 %<BR>4 %  -  80 %,85,65.5,77.1 %
2026,5,309,6,JEFATURA DE MAQUILAS,3906,5,EFICIENCIA EN LA ACTUALIZACIÓN DE COSTOS PARA MAQUILAS <BR> ( LOS COSTOS EN SISTEMA Y LOS DOCUMENTOS DE LA CARPETA DE ANEXOS  DEBEN<BR> SER ACTUALIZADOS EN MÁXIMO EN UNA SEMANA HÁBIL SIGUIENTE A SU RECEPCIÓN ),100 % ,100 % ,100 % ,5,1,,85,65.5,77.1 %
2026,5,309,5,JEFATURA DE MAQUILAS,3905,10,CUMPLIMIENTO EN EL REGRESOS DE MATERIALES  SOBRANTES AL ALMACÉN DE PIELES <BR> PARA PROGRAMAS DE MAQUILA EXTERNA DE CINTOS  <BR> ( REGRESOS EN UN MÁXIMO DE 21 DÍAS NATURALES DESPUÉS DE SU PROGRAMACIÓN ),67 % ,100 % ,0 % ,0,5,,85,65.5,77.1 %
2026,5,309,10,JEFATURA DE MAQUILAS,1005,,GPTW,NA , , ,,0,,85,65.5,77.1 %
2026,5,309,7,JEFATURA DE MAQUILAS,101 di,,AUDITORIAS INTERNAS DE MAQUILAS,NA , , ,,0,,85,65.5,77.1 %
2026,5,309,3,JEFATURA DE MAQUILAS,3903,15,EFICIENCIA EN TIEMPO DE ENTREGA DE LOS PROVEEDORES DE AVÍOS <BR> ( CFI MÁXIMO 7 DÍAS HÁBILES Y MORAN MÁXIMO 8 DÍAS HÁBILES ),93 % ,95 % ,90 % ,13.5,3,95 %  -  100 %<BR>90 %  -  90 %<BR>85 %  -  80 %,85,65.5,77.1 %
2026,5,309,4,JEFATURA DE MAQUILAS,3904,10,CUMPLIMIENTO EN EL REGRESOS DE MATERIALES SOBRANTES  AL ALMACÉN DE PIELES  <BR>  PARA PROGRAMAS DE BETA 7 <BR> ( REGRESOS EN UN MÁXIMO DE 28 DÍAS NATURALES DESPUÉS DE SU PROGRAMACIÓN ),100 % ,100 % ,100 % ,10,1,,85,65.5,77.1 %
2026,5,309,1,JEFATURA DE MAQUILAS,3901,20,CUMPLIMIENTO DE FECHAS DE ENTREGA DE BETA 7 <BR> VS FECHAS ESTABLECIDAS DE ENTREGA <BR> ( MÁXIMO 17 DÍAS HÁBILES A PARTIR DE LA FECHA DE PROGRAMACIÓN ),96.4 % ,95 % ,100 % ,20,1,95 %  -  100 %<BR>90 %  -  90 %<BR>85 %  -  80 %,85,65.5,77.1 %
2026,5,309,8,JEFATURA DE MAQUILAS,102 t,5,"AUDITORIA DE 5'S EN EL ÁREA DE MAQUILAS",99.6 % ,100 % ,99.6 % ,5,3,Resultado Logrado,85,65.5,77.1 %
2026,5,309,2,JEFATURA DE MAQUILAS,3902,15,CUMPLIMIENTO DE FECHAS DE ENTREGA DE MAQUILA EXTERNA DE CINTOS <BR> VS FECHAS ESTABLECIDAS DE ENTREGA <BR> ( MÁXIMO 13 DÍAS HÁBILES A PARTIR DE LA FECHA DE PROGRAMACIÓN ),89 % ,95 % ,80 % ,12,3,95 %  -  100 %<BR>90 %  -  90 %<BR>85 %  -  80 %,85,65.5,77.1 %
2026,5,301,11,JEFATURA DE PRODUCCIÓN BOTAS I,103 b,5,ROTACIÓN DE PERSONAL DE BOTAS,4.2 % ,3 % ,0 % ,0,4,3 %  -  100 %<BR>3.5 %  -  90 %<BR>4 %  -  80 %,70,56.4,80.6 %
2026,5,301,3,JEFATURA DE PRODUCCIÓN BOTAS I,3101,7,PRODUCTIVIDAD PARES / HOMBRE ( BOTAS ),3.40 prs/hom ,3.50 prs/hom ,80 % ,5.6,3,,70,56.4,80.6 %
2026,5,301,6,JEFATURA DE PRODUCCIÓN BOTAS I,3104,5,EFECTIVIDAD EN ENTREGAS A PT ( ANTIGÜEDAD DE LOTES EN WIP ),87.3 % ,100 % ,87.3 % ,4.4,3,Resultado Logrado,70,56.4,80.6 %
2026,5,301,12,JEFATURA DE PRODUCCIÓN BOTAS I,1005,,GPTW,NA , , ,,0,,70,56.4,80.6 %
2026,5,301,8,JEFATURA DE PRODUCCIÓN BOTAS I,3106,7,BAJAS DE CALIDAD EN PRODUCCIÓN ( LINEA DE BOTAS ),0 % ,0.5 % ,100 % ,7,2,0.5 %  -  100 %<BR>1 %  -  80 %<BR>1.5 %  -  60 %,70,56.4,80.6 %
2026,5,301,4,JEFATURA DE PRODUCCIÓN BOTAS I,3102,7,PRESUPUESTO DE COSTO DE MANO DE OBRA DIRECTA DE BOTAS,$ 251.90 ,$ 239.01 ,60 % ,4.2,3,,70,56.4,80.6 %
2026,5,301,9,JEFATURA DE PRODUCCIÓN BOTAS I,101 da,,AUDITORIAS INTERNAS DE PRODUCCIÓN BOTAS I,NA , , ,,0,,70,56.4,80.6 %
2026,5,301,1,JEFATURA DE PRODUCCIÓN BOTAS I,3001,22,PRODUCTIVIDAD DE BOTAS,"22,209 prs ","23,640 prs ",93.9 % ,20.7,3,Mayor al 70 %,70,56.4,80.6 %
2026,5,301,10,JEFATURA DE PRODUCCIÓN BOTAS I,102 l,5,"AUDITORIA DE 5'S EN EL ÁREA DE BOTAS I",69.7 % ,100 % ,69.7 % ,3.5,3,Resultado Logrado,70,56.4,80.6 %
2026,5,301,7,JEFATURA DE PRODUCCIÓN BOTAS I,3105,5,REPROCESOS EN PLANTA ( LINEA DE BOTAS ),5.8 % ,5 % ,80 % ,4,3,5 %  -  100 %<BR>6.5 %  -  80 %<BR>8 %  -  60 %,70,56.4,80.6 %
2026,5,301,5,JEFATURA DE PRODUCCIÓN BOTAS I,3103,7,CUMPLIMIENTO DEL COSTO PRESUPUESTADO <BR> DE MATERIALES DIRECTOS E INDIRECTOS,100 % ,95 % ,100 % ,7,1,95 %  -  100 %<BR>94 %  -  80 %<BR>93 %  -  60 %,70,56.4,80.6 %
2026,5,302,3,JEFATURA DE PRODUCCIÓN BOTAS II,3101,7,PRODUCTIVIDAD PARES / HOMBRE ( BOTAS ),3.40 prs/hom ,3.50 prs/hom ,80 % ,5.6,3,,70,57.7,82.4 %
2026,5,302,9,JEFATURA DE PRODUCCIÓN BOTAS II,101 db,,AUDITORIAS INTERNAS DE PRODUCCIÓN BOTAS II,NA , , ,,0,,70,57.7,82.4 %
2026,5,302,8,JEFATURA DE PRODUCCIÓN BOTAS II,3106,7,BAJAS DE CALIDAD EN PRODUCCIÓN ( LINEA DE BOTAS ),0 % ,0.5 % ,100 % ,7,2,0.5 %  -  100 %<BR>1 %  -  80 %<BR>1.5 %  -  60 %,70,57.7,82.4 %
2026,5,302,6,JEFATURA DE PRODUCCIÓN BOTAS II,3104,5,EFECTIVIDAD EN ENTREGAS A PT ( ANTIGÜEDAD DE LOTES EN WIP ),87.3 % ,100 % ,87.3 % ,4.4,3,Resultado Logrado,70,57.7,82.4 %
2026,5,302,11,JEFATURA DE PRODUCCIÓN BOTAS II,103 b,5,ROTACIÓN DE PERSONAL DE BOTAS,4.2 % ,3 % ,0 % ,0,4,3 %  -  100 %<BR>3.5 %  -  90 %<BR>4 %  -  80 %,70,57.7,82.4 %
2026,5,302,5,JEFATURA DE PRODUCCIÓN BOTAS II,3103,7,CUMPLIMIENTO DEL COSTO PRESUPUESTADO <BR> DE MATERIALES DIRECTOS E INDIRECTOS,100 % ,95 % ,100 % ,7,1,95 %  -  100 %<BR>94 %  -  80 %<BR>93 %  -  60 %,70,57.7,82.4 %
2026,5,302,1,JEFATURA DE PRODUCCIÓN BOTAS II,3001,22,PRODUCTIVIDAD DE BOTAS,"22,209 prs ","23,640 prs ",93.9 % ,20.7,3,Mayor al 70 %,70,57.7,82.4 %
2026,5,302,4,JEFATURA DE PRODUCCIÓN BOTAS II,3102,7,PRESUPUESTO DE COSTO DE MANO DE OBRA DIRECTA DE BOTAS,$ 251.90 ,$ 239.01 ,60 % ,4.2,3,,70,57.7,82.4 %
2026,5,302,7,JEFATURA DE PRODUCCIÓN BOTAS II,3105,5,REPROCESOS EN PLANTA ( LINEA DE BOTAS ),5.8 % ,5 % ,80 % ,4,3,5 %  -  100 %<BR>6.5 %  -  80 %<BR>8 %  -  60 %,70,57.7,82.4 %
2026,5,302,10,JEFATURA DE PRODUCCIÓN BOTAS II,102 m,5,"AUDITORIA DE 5'S EN EL ÁREA DE BOTAS II",95.4 % ,100 % ,95.4 % ,4.8,3,Resultado Logrado,70,57.7,82.4 %
2026,5,302,12,JEFATURA DE PRODUCCIÓN BOTAS II,1005,,GPTW,NA , , ,,0,,70,57.7,82.4 %
2026,6,100,7,DIRECCIÓN MBC,1007,,TALEN REVIEW GERENCIAS ( PLAN DE DESARROLLO  ),NA , , ,,0,,70,55.9,79.9 %
2026,6,100,11,DIRECCIÓN MBC,1011,5,PROCESOS ( MAPEO DE PROCESOS ),88 % ,80 % ,88 % ,4.4,3,Mayor al 80 %,70,55.9,79.9 %
2026,6,100,1,DIRECCIÓN MBC,1001,10,VENTAS NETAS,"$ 180,038,878 ","$ 156,029,355 ",115.4 % ,10,1,Mayor al 70 %,70,55.9,79.9 %
2026,6,100,4,DIRECCIÓN MBC,1004,10,FLUJO DE EFECTIVO,62.2 % ,80 % ,62.2 % ,0,5,Mayor al 80 %,70,55.9,79.9 %
2026,6,100,6,DIRECCIÓN MBC,1006,,SUSSESION PLAN ( PLAN DE SUCESIÓN PARA GERENTES ),NA , , ,,0,,70,55.9,79.9 %
2026,6,100,5,DIRECCIÓN MBC,1005,,GPTW,NA , , ,,0,,70,55.9,79.9 %
2026,6,100,2,DIRECCIÓN MBC,1002,36,UTILIDADES DE OPERACIÓN,"$ 52,135,052 ","$ 41,826,987 ",124.6 % ,36,1,Mayor al 70 %,70,55.9,79.9 %
2026,6,100,12,DIRECCIÓN MBC,1012,,DYNAMICS ( ERP MBC ),NA , , ,,0,,70,55.9,79.9 %
2026,6,100,3,DIRECCIÓN MBC,1003,,UTILIDADES DE OPERACIÓN CORPORATIVA,NA , , ,,0,,70,55.9,79.9 %
2026,6,100,8,DIRECCIÓN MBC,1008,,TALEN REVIEW JEFATURAS ( INICIO DE PLAN ),NA , , ,,0,,70,55.9,79.9 %
2026,6,100,10,DIRECCIÓN MBC,1010,3,INVERSIONES ( EFICIENCIA OPERATIVA TESEO ),64 % ,75 % ,64 % ,0,5,Mayor al 75 %,70,55.9,79.9 %
2026,6,100,9,DIRECCIÓN MBC,1009,6,VENTAS DEPARTAMENTALES,"$ 2,869,014 ","$ 3,132,856 ",91.6 % ,5.5,3,Mayor al  %,70,55.9,79.9 %
2026,6,200,12,GERENCIA ADMINISTRATIVA,1011,4,PROCESOS ( MAPEO DE PROCESOS ),88 % ,80 % ,88 % ,3.5,3,Mayor al 80 %,67,53.8,80.3 %
2026,6,200,14,GERENCIA ADMINISTRATIVA,101 c,,AUDITORIAS INTERNAS ADMINISTRATIVAS,NA , , ,,0,,67,53.8,80.3 %
2026,6,200,1,GERENCIA ADMINISTRATIVA,1001,5,VENTAS NETAS,"$ 180,038,878 ","$ 156,029,355 ",115.4 % ,5,1,Mayor al 70 %,67,53.8,80.3 %
2026,6,200,16,GERENCIA ADMINISTRATIVA,103 f,3,ROTACIÓN DE PERSONAL ADMINISTRATIVO,5 % ,3 % ,0 % ,0,4,3 %  -  100 %<BR>3.5 %  -  90 %<BR>4 %  -  80 %,67,53.8,80.3 %
2026,6,200,15,GERENCIA ADMINISTRATIVA,102 b,8,"AUDITORIAS DE 5'S EN LAS ÁREAS DE ADMINISTRACION",100 % ,95 % ,100 % ,8,1,95 %  -  100 %<BR>90 %  -  90 %<BR>85 %  -  80 %,67,53.8,80.3 %
2026,6,200,10,GERENCIA ADMINISTRATIVA,1007,,TALEN REVIEW GERENCIAS ( PLAN DE DESARROLLO  ),NA , , ,,0,,67,53.8,80.3 %
2026,6,200,2,GERENCIA ADMINISTRATIVA,1002,10,UTILIDADES DE OPERACIÓN,"$ 52,135,052 ","$ 41,826,987 ",124.6 % ,10,1,Mayor al 70 %,67,53.8,80.3 %
2026,6,200,9,GERENCIA ADMINISTRATIVA,1006,,SUSSESION PLAN ( PLAN DE SUCESIÓN PARA GERENTES ),NA , , ,,0,,67,53.8,80.3 %
2026,6,200,11,GERENCIA ADMINISTRATIVA,1008,,TALEN REVIEW JEFATURAS ( INICIO DE PLAN ),NA , , ,,0,,67,53.8,80.3 %
2026,6,200,4,GERENCIA ADMINISTRATIVA,2001,8,GASTOS DE ADMINISTRACIÓN,"$ 3,372,248 ","$ 3,198,251 ",105.4 % ,7.6,3,Menor al 130 %,67,53.8,80.3 %
2026,6,200,17,GERENCIA ADMINISTRATIVA,1005,,GPTW,NA , , ,,0,,67,53.8,80.3 %
2026,6,200,6,GERENCIA ADMINISTRATIVA,2003,5,GASTOS DE VENTA  ( GASTOS FIJOS QUE NO DEPENDEN DE LA VENTA ),"$ 3,149,178 ","$ 2,605,690 ",120.9 % ,4,3,Menor al 130 %,67,53.8,80.3 %
2026,6,200,13,GERENCIA ADMINISTRATIVA,1012,,DYNAMICS ( ERP MBC ),NA , , ,,0,,67,53.8,80.3 %
2026,6,200,5,GERENCIA ADMINISTRATIVA,2002,8,GASTOS DE CENTRO DE SERVICIOS,"$ 1,604,508 ","$ 1,560,294 ",102.8 % ,7.8,3,Menor al 130 %,67,53.8,80.3 %
2026,6,200,8,GERENCIA ADMINISTRATIVA,2005,4,CUENTAS POR PAGAR,36.1 dias ,40 dias ,90.2 % ,4,2,Menor al 130 %,67,53.8,80.3 %
2026,6,200,7,GERENCIA ADMINISTRATIVA,2004,4,CUENTAS POR COBRAR,62.0 dias ,60 dias ,103.3 % ,3.9,3,Menor al 130 %,67,53.8,80.3 %
2026,6,200,3,GERENCIA ADMINISTRATIVA,1004,8,FLUJO DE EFECTIVO,62.2 % ,80 % ,62.2 % ,0,5,Mayor al 80 %,67,53.8,80.3 %
2026,6,1,17,MBC,1005,,GPTW,NA , , ,,0,,75,60.6,80.8 %
2026,6,1,3,MBC,1003,,UTILIDADES DE OPERACIÓN CORPORATIVA,NA , , ,,0,,75,60.6,80.8 %
2026,6,1,4,MBC,104,3,DÍAS DE WIP  |  BOTAS & ACCESORIOS,13.9 | 6.2 ,12 | 7 ,60 | 100 ,2.4,3,12 | 7  -  100 %<BR>13 | 8  -  80 %<BR>14 | 9  -  60 %,75,60.6,80.8 %
2026,6,1,11,MBC,1006,,SUSSESION PLAN ( PLAN DE SUCESIÓN PARA GERENTES ),NA , , ,,0,,75,60.6,80.8 %
2026,6,1,15,MBC,102 a,3,"AUDITORIAS DE 5'S ( MBC )",92.3 % ,95 % ,90 % ,2.7,3,95 %  -  100 %<BR>90 %  -  90 %<BR>85 %  -  80 %,75,60.6,80.8 %
2026,6,1,12,MBC,1007,,TALEN REVIEW GERENCIAS ( PLAN DE DESARROLLO  ),NA , , ,,0,,75,60.6,80.8 %
2026,6,1,14,MBC,101,5,AUDITORIAS INTERNAS ( MBC ),45.1 % ,85 % ,45.1 % ,0,5,Mayor al 85 %,75,60.6,80.8 %
2026,6,1,13,MBC,1011,4,PROCESOS ( MAPEO DE PROCESOS ),88 % ,80 % ,88 % ,3.5,3,Mayor al 80 %,75,60.6,80.8 %
2026,6,1,7,MBC,105,4,ENTREGAS A TIEMPO  |  TIENDAS CUADRA & CORRAL,95.7 | 83.3 ,95 % ,100 | 0 ,2,3,95 %  -  100 %<BR>90 %  -  80 %<BR>85 %  -  60 %,75,60.6,80.8 %
2026,6,1,16,MBC,103 a,3,ROTACIÓN DE PERSONAL MBC,5.5 % ,3 % ,0 % ,0,4,3 %  -  100 %<BR>3.5 %  -  90 %<BR>4 %  -  80 %,75,60.6,80.8 %
2026,6,1,1,MBC,1001,10,VENTAS NETAS,"$ 180,038,878 ","$ 156,029,355 ",115.4 % ,10,1,Mayor al 70 %,75,60.6,80.8 %
2026,6,1,2,MBC,1002,40,UTILIDADES DE OPERACIÓN,"$ 52,135,052 ","$ 41,826,987 ",124.6 % ,40,1,Mayor al 70 %,75,60.6,80.8 %
2026,6,1,10,MBC,3009,3,BAJAS DE CALIDAD ( DEVOLUCIONES MAS BAJAS ),2.3 % ,0.5 % ,0 % ,0,4,0.5 %  -  100 %<BR>1 %  -  85 %<BR>1.5 %  -  70 %,75,60.6,80.8 %
2026,6,300,4,GERENCIA OPERATIVA,3002,4,PRODUCTIVIDAD DE CINTOS,"18,396 pzs ","19,360 pzs ",95 % ,3.8,3,Mayor al 70 %,77,51.2,66.5 %
2026,6,300,2,GERENCIA OPERATIVA,1002,5,UTILIDADES DE OPERACIÓN,"$ 52,135,052 ","$ 41,826,987 ",124.6 % ,5,1,Mayor al 70 %,77,51.2,66.5 %
2026,6,300,1,GERENCIA OPERATIVA,1001,5,VENTAS NETAS,"$ 180,038,878 ","$ 156,029,355 ",115.4 % ,5,1,Mayor al 70 %,77,51.2,66.5 %
2026,6,300,6,GERENCIA OPERATIVA,3004,4,PRODUCTIVIDAD DE CHAMARRAS,"2,953 pzs ","3,190 pzs ",92.6 % ,3.7,3,Mayor al 70 %,77,51.2,66.5 %
2026,6,300,16,GERENCIA OPERATIVA,1011,4,PROCESOS ( MAPEO DE PROCESOS ),88 % ,80 % ,88 % ,3.5,3,Mayor al 80 %,77,51.2,66.5 %
2026,6,300,12,GERENCIA OPERATIVA,1006,,SUSSESION PLAN ( PLAN DE SUCESIÓN PARA GERENTES ),NA , , ,,0,,77,51.2,66.5 %
2026,6,300,5,GERENCIA OPERATIVA,3003,3,PRODUCTIVIDAD DE BILLETERAS,"7,646 pzs ","7,920 pzs ",96.5 % ,2.9,3,Mayor al 70 %,77,51.2,66.5 %
2026,6,300,21,GERENCIA OPERATIVA,1005,,GPTW,NA , , ,,0,,77,51.2,66.5 %
2026,6,300,15,GERENCIA OPERATIVA,1010,5,INVERSIONES ( EFICIENCIA OPERATIVA TESEO ),64 % ,75 % ,64 % ,0,5,Mayor al 75 %,77,51.2,66.5 %
2026,6,300,9,GERENCIA OPERATIVA,3007,7,COSTO DE VENTA,63.9 % ,65 % ,98.2 % ,7,2,Menor al 130 %,77,51.2,66.5 %
2026,6,300,18,GERENCIA OPERATIVA,101 d,7,AUDITORIAS INTERNAS OPERATIVAS,50.6 % ,85 % ,50.6 % ,0,5,Mayor al 85 %,77,51.2,66.5 %
2026,6,300,13,GERENCIA OPERATIVA,1007,,TALEN REVIEW GERENCIAS ( PLAN DE DESARROLLO  ),NA , , ,,0,,77,51.2,66.5 %
2026,6,300,11,GERENCIA OPERATIVA,3009,4,BAJAS DE CALIDAD ( DEVOLUCIONES MAS BAJAS ),2.3 % ,0.5 % ,0 % ,0,4,0.5 %  -  100 %<BR>1 %  -  85 %<BR>1.5 %  -  70 %,77,51.2,66.5 %
2026,6,300,19,GERENCIA OPERATIVA,102 c,5,"AUDITORIAS DE 5'S EN LAS ÁREAS DE OPERACIONES",91.3 % ,95 % ,90 % ,4.5,3,95 %  -  100 %<BR>90 %  -  90 %<BR>85 %  -  80 %,77,51.2,66.5 %
2026,6,300,10,GERENCIA OPERATIVA,3008,4,ENTREGAS A TIEMPO  |  TIENDAS CUADRA Y CORRAL,95.7 | 83.3 ,95 % ,100 | 0 ,2,3,95 %  -  100 %<BR>90 %  -  80 %<BR>85 %  -  60 %,77,51.2,66.5 %
2026,6,300,20,GERENCIA OPERATIVA,103 e,4,ROTACIÓN DE PERSONAL OPERACIONES,5.5 % ,3 % ,0 % ,0,4,3 %  -  100 %<BR>3.5 %  -  90 %<BR>4 %  -  80 %,77,51.2,66.5 %
2026,6,300,17,GERENCIA OPERATIVA,1012,,DYNAMICS ( ERP MBC ),NA , , ,,0,,77,51.2,66.5 %
2026,6,300,7,GERENCIA OPERATIVA,3005,3,PRODUCTIVIDAD DE BOLSAS,"3,992 pzs ","4,430 pzs ",90.1 % ,2.7,3,Mayor al 70 %,77,51.2,66.5 %
2026,6,300,14,GERENCIA OPERATIVA,1008,,TALEN REVIEW JEFATURAS ( INICIO DE PLAN ),NA , , ,,0,,77,51.2,66.5 %
2026,6,300,3,GERENCIA OPERATIVA,3001,7,PRODUCTIVIDAD DE BOTAS,"23,337 prs ","26,040 prs ",89.6 % ,6.3,3,Mayor al 70 %,77,51.2,66.5 %
2026,6,300,8,GERENCIA OPERATIVA,3006,6,DÍAS DE WIP  |  BOTAS Y ACCESORIOS,13.9 | 6.2 ,12 | 7 ,60 | 100 ,4.8,3,12 | 7  -  100 %<BR>13 | 8  -  80 %<BR>14 | 9  -  60 %,77,51.2,66.5 %
2026,6,104,8,JEFATURA DE LOGÍSTICA,1405,5,SERVICIO MARKETPLACE,0 % ,80 % ,0 % ,0,5,Mayor al 80 %,71,42.4,59.7 %
2026,6,104,7,JEFATURA DE LOGÍSTICA,1404,5,SERVICIO DISTRIBUIDORES MX,0 % ,80 % ,0 % ,0,5,Mayor al 80 %,71,42.4,59.7 %
2026,6,104,10,JEFATURA DE LOGÍSTICA,102 i,5,"AUDITORIA DE 5'S EN EL ÁREA DE LOGÍSTICA",73.5 % ,100 % ,73.5 % ,3.7,3,Resultado Logrado,71,42.4,59.7 %
2026,6,104,1,JEFATURA DE LOGÍSTICA,1001,25,VENTAS NETAS,"$ 180,038,878 ","$ 156,029,355 ",115.4 % ,25,1,Mayor al 70 %,71,42.4,59.7 %
2026,6,104,9,JEFATURA DE LOGÍSTICA,101 b,,AUDITORIAS INTERNAS DE LOGÍSTICA,NA , , ,,0,,71,42.4,59.7 %
2026,6,104,4,JEFATURA DE LOGÍSTICA,1403,8,DÍAS DE PISO NACIONAL,66.1 dias ,35 dias ,0 % ,0,4,35 dias  -  100 %<BR>37.5 dias  -  80 %<BR>40 dias  -  60 %,71,42.4,59.7 %
2026,6,104,12,JEFATURA DE LOGÍSTICA,1005,,GPTW,NA , , ,,0,,71,42.4,59.7 %
2026,6,104,11,JEFATURA DE LOGÍSTICA,103 d,5,ROTACIÓN DE PERSONAL DE ÁREAS OPERATIVAS,5 % ,3 % ,0 % ,0,4,3 %  -  100 %<BR>3.5 %  -  90 %<BR>4 %  -  80 %,71,42.4,59.7 %
2026,6,104,3,JEFATURA DE LOGÍSTICA,1402,10,ROTACIÓN INVENTARIO MTS,0.5 vueltas ,0.8 vueltas ,62.4 % ,6.2,3,Resultado Logrado,71,42.4,59.7 %
2026,6,104,2,JEFATURA DE LOGÍSTICA,1401,8,VENTAS POR LÍNEA,94.2 % ,80 % ,94.2 % ,7.5,3,Mayor al 80 %,71,42.4,59.7 %
2026,6,201,1,JEFATURA DE CONTABILIDAD,1002,5,UTILIDADES DE OPERACIÓN,"$ 52,135,052 ","$ 41,826,987 ",124.6 % ,5,1,Mayor al 70 %,85,71.8,84.5 %
2026,6,201,3,JEFATURA DE CONTABILIDAD,2004,5,CUENTAS POR COBRAR,62.0 dias ,60 dias ,103.3 % ,4.8,3,Menor al 130 %,85,71.8,84.5 %
2026,6,201,6,JEFATURA DE CONTABILIDAD,2102,20,ENTREGA DE CIERRE MENSUAL,100 % ,80 % ,100 % ,20,1,Mayor al 80 %,85,71.8,84.5 %
2026,6,201,10,JEFATURA DE CONTABILIDAD,103 f,5,ROTACIÓN DE PERSONAL ADMINISTRATIVO,5 % ,3 % ,0 % ,0,4,3 %  -  100 %<BR>3.5 %  -  90 %<BR>4 %  -  80 %,85,71.8,84.5 %
2026,6,201,5,JEFATURA DE CONTABILIDAD,2101,15,EFECTIVIDAD EN EL CUMPLIMIENTO DE NOTAS DE CRÉDITO POR PRONTO PAGO,88 % ,70 % ,88 % ,13.2,3,Mayor al 70 %,85,71.8,84.5 %
2026,6,201,9,JEFATURA DE CONTABILIDAD,102 j,5,"AUDITORIA DE 5'S EN EL ÁREA DE ADMINISTRACIÓN",75 % ,100 % ,75 % ,3.8,3,Resultado Logrado,85,71.8,84.5 %
2026,6,201,4,JEFATURA DE CONTABILIDAD,2005,5,CUENTAS POR PAGAR,36.1 dias ,40 dias ,90.2 % ,5,2,Menor al 130 %,85,71.8,84.5 %
2026,6,201,2,JEFATURA DE CONTABILIDAD,1004,5,FLUJO DE EFECTIVO,62.2 % ,80 % ,62.2 % ,0,5,Mayor al 80 %,85,71.8,84.5 %
2026,6,201,8,JEFATURA DE CONTABILIDAD,101 c,,AUDITORIAS INTERNAS ADMINISTRATIVAS,NA , , ,,0,,85,71.8,84.5 %
2026,6,201,11,JEFATURA DE CONTABILIDAD,1005,,GPTW,NA , , ,,0,,85,71.8,84.5 %
2026,6,201,7,JEFATURA DE CONTABILIDAD,2103,20,PRESENTACIÓN DE IMPUESTOS,100 % ,100 % ,100 % ,20,1,Mayor al 100 %,85,71.8,84.5 %
2026,6,102,3,JEFATURA DE CALIDAD,1202,20,CALIFICACIÓN REPETIBILIDAD & REPRODUCIBILIDAD <BR> ( UNIFICACIÓN DE CRITERIOS DE INSPECCIÓN ),94 % ,95 % ,85 % ,17,3,95 %  -  100 %<BR>85 %  -  85 %<BR>75 %  -  75 %,95,52.9,55.7 %
2026,6,102,2,JEFATURA DE CALIDAD,1201,30,"PORCENTAJE DE EFECTIVIDAD 'BIEN A LA PRIMERA'",82.5 % ,95 % ,70 % ,21,3,95 %  -  100 %<BR>90 %  -  80 %<BR>80 %  -  70 %,95,52.9,55.7 %
2026,6,102,5,JEFATURA DE CALIDAD,102 g,5,"AUDITORIA DE 5'S EN EL ÁREA DE CALIDAD",98 % ,100 % ,98 % ,4.9,3,Resultado Logrado,95,52.9,55.7 %
2026,6,102,4,JEFATURA DE CALIDAD,1203,10,PORCENTAJE DE EFECTIVIDAD EN <BR> LOS PUNTOS DE INSPECCIÓN DEL PRODUCTO,96.7 % ,95 % ,100 % ,10,1,95 %  -  100 %<BR>90 %  -  80 %<BR>80 %  -  70 %,95,52.9,55.7 %
2026,6,102,7,JEFATURA DE CALIDAD,1005,,GPTW,NA , , ,,0,,95,52.9,55.7 %
2026,6,102,1,JEFATURA DE CALIDAD,3009,25,BAJAS DE CALIDAD ( DEVOLUCIONES MAS BAJAS ),2.3 % ,0.5 % ,0 % ,0,4,0.5 %  -  100 %<BR>1 %  -  85 %<BR>1.5 %  -  70 %,95,52.9,55.7 %
2026,6,102,6,JEFATURA DE CALIDAD,103 d,5,ROTACIÓN DE PERSONAL DE ÁREAS OPERATIVAS,5 % ,3 % ,0 % ,0,4,3 %  -  100 %<BR>3.5 %  -  90 %<BR>4 %  -  80 %,95,52.9,55.7 %
2026,6,400,3,GERENCIA DE CAPITAL HUMANO,1007,,TALEN REVIEW GERENCIAS ( PLAN DE DESARROLLO  ),NA , , ,,0,,40,14.4,36 %
2026,6,400,4,GERENCIA DE CAPITAL HUMANO,1008,,TALEN REVIEW JEFATURAS ( INICIO DE PLAN ),NA , , ,,0,,40,14.4,36 %
2026,6,400,6,GERENCIA DE CAPITAL HUMANO,101 e,10,AUDITORIAS INTERNAS CAPITAL HUMANO,39.5 % ,85 % ,39.5 % ,0,5,Mayor al 85 %,40,14.4,36 %
2026,6,400,1,GERENCIA DE CAPITAL HUMANO,103 a,15,ROTACIÓN DE PERSONAL MBC,5.5 % ,3 % ,0 % ,0,4,3 %  -  100 %<BR>3.5 %  -  90 %<BR>4 %  -  80 %,40,14.4,36 %
2026,6,400,8,GERENCIA DE CAPITAL HUMANO,1005,,GPTW,NA , , ,,0,,40,14.4,36 %
2026,6,400,2,GERENCIA DE CAPITAL HUMANO,1006,,SUSSESION PLAN ( PLAN DE SUCESIÓN PARA GERENTES ),NA , , ,,0,,40,14.4,36 %
2026,6,400,7,GERENCIA DE CAPITAL HUMANO,102 d,10,"AUDITORIAS DE 5'S EN LAS ÁREAS DE CAPITAL HUMANO",97.8 % ,95 % ,100 % ,10,1,95 %  -  100 %<BR>90 %  -  90 %<BR>85 %  -  80 %,40,14.4,36 %
2026,6,400,5,GERENCIA DE CAPITAL HUMANO,1011,5,PROCESOS ( MAPEO DE PROCESOS ),88 % ,80 % ,88 % ,4.4,3,Mayor al 80 %,40,14.4,36 %
2026,6,101,2,JEFATURA DE COMPRAS,1102,5,PRESUPUESTO DEL INVENTARIO DEL ALMACÉN DE MATERIA PRIMA,"$ 29,528,817 ","$ 24,682,334 ",119.6 % ,0,4,Menor al 110 %,77,54.3,70.5 %
2026,6,101,14,JEFATURA DE COMPRAS,1005,,GPTW,NA , , ,,0,,77,54.3,70.5 %
2026,6,101,1,JEFATURA DE COMPRAS,1101,20,PRESUPUESTO DEL INVENTARIO DEL ALMACÉN DE PIELES,"$ 91,476,005 ","$ 98,451,453 ",92.9 % ,20,2,Menor al 110 %,77,54.3,70.5 %
2026,6,101,12,JEFATURA DE COMPRAS,102 f,5,"AUDITORIA DE 5'S EN EL ÁREA DE COMPRAS",93.4 % ,100 % ,93.4 % ,4.7,3,Resultado Logrado,77,54.3,70.5 %
2026,6,101,6,JEFATURA DE COMPRAS,1106,5,CIERRE DE INVENTARIO DEL ALMACÉN DE PIELES,4 días hab. ,3 días hab. ,0 % ,0,4,,77,54.3,70.5 %
2026,6,101,7,JEFATURA DE COMPRAS,1107,5,CIERRE DE INVENTARIO DEL ALMACÉN DE MATERIA PRIMA,5 días hab. ,3 días hab. ,0 % ,0,4,,77,54.3,70.5 %
2026,6,101,13,JEFATURA DE COMPRAS,103 d,5,ROTACIÓN DE PERSONAL DE ÁREAS OPERATIVAS,5 % ,3 % ,0 % ,0,4,3 %  -  100 %<BR>3.5 %  -  90 %<BR>4 %  -  80 %,77,54.3,70.5 %
2026,6,101,5,JEFATURA DE COMPRAS,1105,20,PIEZAS PLANEADAS VS PIEZAS PROGRAMADAS,88 % ,80 % ,88 % ,17.6,3,Mayor al 80 %,77,54.3,70.5 %
2026,6,101,3,JEFATURA DE COMPRAS,1103,7,PARES PROGRAMADOS VS PARES NO SURTIDOS DE BOTAS,100 % ,99 % ,100 % ,7,1,99 %  -  100 %<BR>97 %  -  90 %<BR>95 %  -  80 %,77,54.3,70.5 %
2026,6,101,9,JEFATURA DE COMPRAS,101 a,,AUDITORIAS INTERNAS DE COMPRAS,NA , , ,,0,,77,54.3,70.5 %
2026,6,101,8,JEFATURA DE COMPRAS,2005,5,CUENTAS POR PAGAR,36.1 dias ,40 dias ,90.2 % ,5,2,Menor al 130 %,77,54.3,70.5 %
2026,6,304,10,JEFATURA DE DESARROLLO BOTAS,3410,4,CUMPLIMIENTO DE ENTREGA DE PRECOSTEO BOTAS,90 % ,100 % ,90 % ,3.6,3,Resultado Logrado,48,28.8,60 %
2026,6,304,3,JEFATURA DE DESARROLLO BOTAS,3403,,CUMPLIMIENTO EN EL CALENDARIO DE LIBERACIONES <BR> VS CALENDARIO ESTABLECIDO BOTAS ( RESULTADO SEMESTRAL ),NA , , ,,0,,48,28.8,60 %
2026,6,304,4,JEFATURA DE DESARROLLO BOTAS,3404,9,CUMPLIMIENTO DE ANÁLISIS DE  VIABILIDAD Y FACTIBILIDAD,100 % ,100 % ,100 % ,9,1,Resultado Logrado,48,28.8,60 %
2026,6,304,14,JEFATURA DE DESARROLLO BOTAS,103 d,5,ROTACIÓN DE PERSONAL DE ÁREAS OPERATIVAS,5 % ,3 % ,0 % ,0,4,3 %  -  100 %<BR>3.5 %  -  90 %<BR>4 %  -  80 %,48,28.8,60 %
2026,6,304,2,JEFATURA DE DESARROLLO BOTAS,3402,9,CUMPLIMIENTO EN EL CALENDARIO DE AMEF <BR> VS CALENDARIO ESTABLECIDO,57.7 % ,100 % ,57.7 % ,5.2,3,Resultado Logrado,48,28.8,60 %
2026,6,304,1,JEFATURA DE DESARROLLO BOTAS,3401,,ENTREGA DE PROTOTIPOS VS CALENDARIO BOTAS,NA , , ,,0,,48,28.8,60 %
2026,6,304,8,JEFATURA DE DESARROLLO BOTAS,3408,,CUMPLIMIENTO DE ENTREGAS DE PAQUETES TÉCNICOS CONFORME A CALENDARIO DE ENTREGA DE BETA 7,NA , , ,,0,,48,28.8,60 %
2026,6,304,11,JEFATURA DE DESARROLLO BOTAS,3411,8,PORCENTAJE DE REPROCESOS EN MUESTRAS Y LOTES PILOTO DE BOTAS,50.7 % ,100 % ,50.7 % ,4.1,3,Resultado Logrado,48,28.8,60 %
2026,6,304,5,JEFATURA DE DESARROLLO BOTAS,3405,,CUMPLIMIENTO DE ENTREGABLES <BR> EN LA ETAPA DE MUESTRAS A INGENIERIA DE COSTOS Y SISTEMAS,NA , , ,,0,,48,28.8,60 %
2026,6,304,9,JEFATURA DE DESARROLLO BOTAS,3409,4,"CUMPLIMIENTO EN LOS AVANCES DE WIP EN SISTEMA, <BR> 12 DÍAS EN BOTAS PROTOTIPOS, MUESTRAS Y LOTES PILOTO",25.6 % ,100 % ,25.6 % ,1,3,Resultado Logrado,48,28.8,60 %
2026,6,304,12,JEFATURA DE DESARROLLO BOTAS,101 dd,,AUDITORIAS INTERNAS DE DESARROLLO BOTAS,NA , , ,,0,,48,28.8,60 %
2026,6,304,15,JEFATURA DE DESARROLLO BOTAS,1005,,GPTW,NA , , ,,0,,48,28.8,60 %
2026,6,304,6,JEFATURA DE DESARROLLO BOTAS,3406,,ENTREGA DE MUESTRAS VS CALENDARIO ESTABLECIDO BOTAS,NA , , ,,0,,48,28.8,60 %
2026,6,304,13,JEFATURA DE DESARROLLO BOTAS,102 o,5,"AUDITORIA DE 5'S EN EL ÁREA DE DESARROLLO BOTAS",45.4 % ,100 % ,45.4 % ,2.3,3,Resultado Logrado,48,28.8,60 %
2026,6,304,7,JEFATURA DE DESARROLLO BOTAS,3407,4,EFECTIVIDAD EN EL PAQUETE TÉCNICO <BR> Y ENTREGABLES EN LA LIBERACIÓN DEL MODELO A PRODUCCIÓN,90 % ,100 % ,90 % ,3.6,3,Resultado Logrado,48,28.8,60 %
2026,6,308,11,JEFATURA DE MANTENIMIENTO,1005,,GPTW,NA , , ,,0,,85,64.3,75.6 %
2026,6,308,9,JEFATURA DE MANTENIMIENTO,102 s,5,"AUDITORIA DE 5'S EN EL ÁREA DE MANTENIMIENTO",85.3 % ,100 % ,85.3 % ,4.3,3,Resultado Logrado,85,64.3,75.6 %
2026,6,308,3,JEFATURA DE MANTENIMIENTO,3803,15,MANTENIMIENTO PREDICTIVO,90 % ,100 % ,90 % ,13.5,3,Resultado Logrado,85,64.3,75.6 %
2026,6,308,1,JEFATURA DE MANTENIMIENTO,3801,20,CUMPLIMIENTO  DEL PLAN DE <BR> MANTENIMIENTO PREVENTIVO VS CALENDARIO,98.7 % ,100 % ,98.7 % ,19.7,3,Resultado Logrado,85,64.3,75.6 %
2026,6,308,5,JEFATURA DE MANTENIMIENTO,3805,5,CONTROLAR Y ADMINISTRAR INVENTARIOS DE MAQUINARIA,0 maquinas ,0 maquinas ,100 % ,5,2,,85,64.3,75.6 %
2026,6,308,4,JEFATURA DE MANTENIMIENTO,3804,10,MANTENIMIENTO AUTÓNOMO,22 % ,100 % ,22 % ,2.2,3,Resultado Logrado,85,64.3,75.6 %
2026,6,308,6,JEFATURA DE MANTENIMIENTO,3806,5,CONTROLAR Y ADMINISTRAR INVENTARIOS DE REFACCIONES,0 items ,5 item ,100 % ,5,2,,85,64.3,75.6 %
2026,6,308,2,JEFATURA DE MANTENIMIENTO,3802,15,ADMINISTRAR EL MANTENIMIENTO CORRECTIVO,97.3 % ,100 % ,97.3 % ,14.6,3,Resultado Logrado,85,64.3,75.6 %
2026,6,308,10,JEFATURA DE MANTENIMIENTO,103 d,5,ROTACIÓN DE PERSONAL DE ÁREAS OPERATIVAS,5 % ,3 % ,0 % ,0,4,3 %  -  100 %<BR>3.5 %  -  90 %<BR>4 %  -  80 %,85,64.3,75.6 %
2026,6,308,7,JEFATURA DE MANTENIMIENTO,3807,5,COMPARATIVO DEL GASTO REAL CONTRA LO PLANEADO,9.7 % ,5 % ,0 % ,0,4,,85,64.3,75.6 %
2026,6,308,8,JEFATURA DE MANTENIMIENTO,101 dh,,AUDITORIAS INTERNAS DE MANTENIMIENTO,NA , , ,,0,,85,64.3,75.6 %
2026,6,303,5,JEFATURA DE PRODUCCIÓN ACCESORIOS,3304,1.75,CUMPLIMIENTO DEL COSTO PRESUPUESTADO <BR> EN MATERIALES DIRECTOS E INDIRECTOS DE CINTOS,100 % ,95 % ,100 % ,1.8,1,95 %  -  100 %<BR>94 %  -  80 %<BR>93 %  -  60 %,85,79,92.9 %
2026,6,303,19,JEFATURA DE PRODUCCIÓN ACCESORIOS,3005,5.5,PRODUCTIVIDAD DE BOLSAS,"3,992 pzs ","4,430 pzs ",90.1 % ,5,3,Mayor al 70 %,85,79,92.9 %
2026,6,303,22,JEFATURA DE PRODUCCIÓN ACCESORIOS,3318,1.75,PRESUPUESTO DE COSTO DE MANO DE OBRA DIRECTA EN BOLSAS,$ 330.67 ,$ 338.81 ,100 % ,1.8,2,,85,79,92.9 %
2026,6,303,23,JEFATURA DE PRODUCCIÓN ACCESORIOS,3319,1.75,CUMPLIMIENTO DEL COSTO PRESUPUESTADO <BR> EN MATERIALES DIRECTOS E INDIRECTOS DE BOLSAS,100 % ,95 % ,100 % ,1.8,1,95 %  -  100 %<BR>94 %  -  80 %<BR>93 %  -  60 %,85,79,92.9 %
2026,6,303,7,JEFATURA DE PRODUCCIÓN ACCESORIOS,3003,5.5,PRODUCTIVIDAD DE BILLETERAS,"7,646 pzs ","7,920 pzs ",96.5 % ,5.3,3,Mayor al 70 %,85,79,92.9 %
2026,6,303,2,JEFATURA DE PRODUCCIÓN ACCESORIOS,3301,3.75,DÍAS DE WIP CINTOS,6.3 dias ,7 dias ,100 % ,3.8,2,7 dias  -  100 %<BR>8 dias  -  80 %<BR>9 dias  -  60 %,85,79,92.9 %
2026,6,303,6,JEFATURA DE PRODUCCIÓN ACCESORIOS,3305,1.25,EFECTIVIDAD EN ENTREGAS A PT CINTOS ( ANTIGÜEDAD DE LOTES EN WIP ),99.5 % ,100 % ,99.5 % ,1.2,3,Resultado Logrado,85,79,92.9 %
2026,6,303,3,JEFATURA DE PRODUCCIÓN ACCESORIOS,3302,1.75,PRODUCTIVIDAD PIEZAS / HOMBRE  ( CINTOS ),10.15 pzs/hom ,92 pzs/hom ,100 % ,1.8,1,,85,79,92.9 %
2026,6,303,24,JEFATURA DE PRODUCCIÓN ACCESORIOS,3320,1.25,EFECTIVIDAD EN ENTREGAS A PT BOLSAS ( ANTIGÜEDAD DE LOTES EN WIP ),96.1 % ,100 % ,96.1 % ,1.2,3,Resultado Logrado,85,79,92.9 %
2026,6,303,1,JEFATURA DE PRODUCCIÓN ACCESORIOS,3002,5.5,PRODUCTIVIDAD DE CINTOS,"18,396 pzs ","19,360 pzs ",95 % ,5.2,3,Mayor al 70 %,85,79,92.9 %
2026,6,303,4,JEFATURA DE PRODUCCIÓN ACCESORIOS,3303,1.75,PRESUPUESTO DE COSTO DE MANO DE OBRA DIRECTA EN CINTOS,$ 50.45 ,$ 51.11 ,100 % ,1.8,2,,85,79,92.9 %
2026,6,303,18,JEFATURA DE PRODUCCIÓN ACCESORIOS,3315,1.25,EFECTIVIDAD EN ENTREGAS A PT CHAMARRAS ( ANTIGÜEDAD DE LOTES EN WIP ),99.4 % ,100 % ,99.4 % ,1.2,3,Resultado Logrado,85,79,92.9 %
2026,6,303,15,JEFATURA DE PRODUCCIÓN ACCESORIOS,3312,1.75,PRODUCTIVIDAD PIEZAS / HOMBRE  ( CHAMARRAS ),1.38 pzs/hom ,1.12 pzs/hom ,100 % ,1.8,1,,85,79,92.9 %
2026,6,303,13,JEFATURA DE PRODUCCIÓN ACCESORIOS,3004,5.5,PRODUCTIVIDAD DE CHAMARRAS,"2,953 pzs ","3,190 pzs ",92.6 % ,5.1,3,Mayor al 70 %,85,79,92.9 %
2026,6,303,16,JEFATURA DE PRODUCCIÓN ACCESORIOS,3313,1.75,PRESUPUESTO DE COSTO DE MANO DE OBRA DIRECTA EN CHAMARRAS,$ 467.36 ,$ 529.21 ,100 % ,1.8,2,,85,79,92.9 %
2026,6,303,17,JEFATURA DE PRODUCCIÓN ACCESORIOS,3314,1.75,CUMPLIMIENTO DEL COSTO PRESUPUESTADO <BR> EN MATERIALES DIRECTOS E INDIRECTOS DE CHAMARRAS,100 % ,95 % ,100 % ,1.8,1,95 %  -  100 %<BR>94 %  -  80 %<BR>93 %  -  60 %,85,79,92.9 %
2026,6,303,14,JEFATURA DE PRODUCCIÓN ACCESORIOS,3311,3.75,DÍAS DE WIP CHAMARRAS,6.0 dias ,7 dias ,100 % ,3.8,2,7 dias  -  100 %<BR>8 dias  -  80 %<BR>9 dias  -  60 %,85,79,92.9 %
2026,6,303,10,JEFATURA DE PRODUCCIÓN ACCESORIOS,3308,1.75,PRESUPUESTO DE COSTO DE MANO DE OBRA DIRECTA EN BILLETERAS,$ 115.19 ,$ 124.01 ,100 % ,1.8,2,,85,79,92.9 %
2026,6,303,9,JEFATURA DE PRODUCCIÓN ACCESORIOS,3307,1.75,PRODUCTIVIDAD PIEZAS / HOMBRE  ( BILLETERAS ),4.33 pzs/hom ,4.19 pzs/hom ,100 % ,1.8,1,,85,79,92.9 %
2026,6,303,11,JEFATURA DE PRODUCCIÓN ACCESORIOS,3309,1.75,CUMPLIMIENTO DEL COSTO PRESUPUESTADO <BR> EN MATERIALES DIRECTOS E INDIRECTOS DE BILLETERAS,100 % ,95 % ,100 % ,1.8,1,95 %  -  100 %<BR>94 %  -  80 %<BR>93 %  -  60 %,85,79,92.9 %
2026,6,303,12,JEFATURA DE PRODUCCIÓN ACCESORIOS,3310,1.25,EFECTIVIDAD EN ENTREGAS A PT BILLETERAS ( ANTIGÜEDAD DE LOTES EN WIP ),95.8 % ,100 % ,95.8 % ,1.2,3,Resultado Logrado,85,79,92.9 %
2026,6,303,8,JEFATURA DE PRODUCCIÓN ACCESORIOS,3306,3.75,DÍAS DE WIP BILLETERAS,5.9 dias ,7 dias ,100 % ,3.8,2,7 dias  -  100 %<BR>8 dias  -  80 %<BR>9 dias  -  60 %,85,79,92.9 %
2026,6,303,21,JEFATURA DE PRODUCCIÓN ACCESORIOS,3317,1.75,PRODUCTIVIDAD PIEZAS / HOMBRE  ( BOLSAS ),1.68 pzs/hom ,1.60 pzs/hom ,100 % ,1.8,1,,85,79,92.9 %
2026,6,303,20,JEFATURA DE PRODUCCIÓN ACCESORIOS,3316,3.75,DÍAS DE WIP BOLSAS,6.4 dias ,7 dias ,100 % ,3.8,2,7 dias  -  100 %<BR>8 dias  -  80 %<BR>9 dias  -  60 %,85,79,92.9 %
2026,6,303,25,JEFATURA DE PRODUCCIÓN ACCESORIOS,3321,5,REPROCESOS EN PLANTA ( LINEAS DE ACCESORIOS ),0.9 % ,5 % ,100 % ,5,2,5 %  -  100 %<BR>6.5 %  -  80 %<BR>8 %  -  60 %,85,79,92.9 %
2026,6,303,30,JEFATURA DE PRODUCCIÓN ACCESORIOS,1005,,GPTW,NA , , ,,0,,85,79,92.9 %
2026,6,303,29,JEFATURA DE PRODUCCIÓN ACCESORIOS,103 c,5,ROTACIÓN DE PERSONAL DE ACCESORIOS,4.2 % ,3 % ,0 % ,0,4,3 %  -  100 %<BR>3.5 %  -  90 %<BR>4 %  -  80 %,85,79,92.9 %
2026,6,303,28,JEFATURA DE PRODUCCIÓN ACCESORIOS,102 n,5,"AUDITORIA DE 5'S EN EL ÁREA DE ACCESORIOS",96.4 % ,100 % ,96.4 % ,4.8,3,Resultado Logrado,85,79,92.9 %
2026,6,303,26,JEFATURA DE PRODUCCIÓN ACCESORIOS,3322,7,BAJAS DE CALIDAD EN PRODUCCIÓN ( LINEAS DE ACCESORIOS ),0 % ,0.5 % ,100 % ,7,2,0.5 %  -  100 %<BR>1 %  -  80 %<BR>1.5 %  -  60 %,85,79,92.9 %
2026,6,303,27,JEFATURA DE PRODUCCIÓN ACCESORIOS,101 dc,,AUDITORIAS INTERNAS DE PRODUCCIÓN ACCESORIOS,NA , , ,,0,,85,79,92.9 %
2026,6,307,8,JEFATURA DE INGENIERÍA DE COSTOS Y SISTEMA,103 d,5,ROTACIÓN DE PERSONAL DE ÁREAS OPERATIVAS,5 % ,3 % ,0 % ,0,4,3 %  -  100 %<BR>3.5 %  -  90 %<BR>4 %  -  80 %,85,62.3,73.3 %
2026,6,307,2,JEFATURA DE INGENIERÍA DE COSTOS Y SISTEMA,3702,20,VARIACIÓN ENTRE EL COSTO REAL DE MATERIALES INDIRECTOS VS PRESUPUESTADO,"$ 1,372,239 ","$ 1,931,059 ",100 % ,20,2,,85,62.3,73.3 %
2026,6,307,1,JEFATURA DE INGENIERÍA DE COSTOS Y SISTEMA,3701,25,VARIACIÓN ENTRE EL COSTO REAL DE MATERIALES DIRECTOS VS PRESUPUESTADO,"$ 59,945,082 ","$ 61,701,316 ",100 % ,25,2,,85,62.3,73.3 %
2026,6,307,9,JEFATURA DE INGENIERÍA DE COSTOS Y SISTEMA,1005,,GPTW,NA , , ,,0,,85,62.3,73.3 %
2026,6,307,3,JEFATURA DE INGENIERÍA DE COSTOS Y SISTEMA,3703,10,AFECTACIÓN DE EXISTENCIAS EN MATERIALES POR MODIFICACIÓN EN CONSTANTES <BR> ( INVENTARIOS SOBRANTES DERIVADOS DE LOS CAMBIOS ),"$ 158,000 ",$ 0.01 ,50 % ,5,3,,85,62.3,73.3 %
2026,6,307,7,JEFATURA DE INGENIERÍA DE COSTOS Y SISTEMA,102 r,5,"AUDITORIA DE 5'S EN EL ÁREA DE INGENIERÍA DE COSTOS Y SISTEMAS",46.7 % ,100 % ,46.7 % ,2.3,3,Resultado Logrado,85,62.3,73.3 %
2026,6,307,4,JEFATURA DE INGENIERÍA DE COSTOS Y SISTEMA,3704,10,ENTREGA DE COSTEOS DE PRODUCTOS CUADRA,100 % ,100 % ,100 % ,10,1,100 %  -  100 %<BR>90 %  -  90 %<BR>80 %  -  80 %,85,62.3,73.3 %
2026,6,307,5,JEFATURA DE INGENIERÍA DE COSTOS Y SISTEMA,3705,,CUMPLIMIENTO DEL CALENDARIO DE <BR> DEPURACIÓN DE CONTANTES Y HERRAMENTALES <BR> ( RESULTADO SEMESTRAL | JUNIO Y DICIEMBRE ),NA , , ,,0,,85,62.3,73.3 %
2026,6,307,6,JEFATURA DE INGENIERÍA DE COSTOS Y SISTEMA,101 dg,10,AUDITORIAS INTERNAS DE INGENIERÍA DE COSTOS Y SISTEMA,75.7 % ,85 % ,75.7 % ,0,5,Mayor al 85 %,85,62.3,73.3 %
2026,6,305,8,JEFATURA DE DESARROLLO ACCESORIOS,3508,4,"CUMPLIMIENTO DE LOS AVANCES PARA CUMPLIR CON LOS DÍAS DE WIP <BR> 7 DÍAS EN PROTOTIPOS, MUESTRAS, LOTES PILOTO DE ACCESORIOS",15.5 % ,100 % ,15.5 % ,0.6,3,Resultado Logrado,48,37.3,77.7 %
2026,6,305,9,JEFATURA DE DESARROLLO ACCESORIOS,3509,4,CUMPLIMIENTO DE ENTREGA DE PRECOSTEO ACCESORIOS,90 % ,100 % ,90 % ,3.6,3,Resultado Logrado,48,37.3,77.7 %
2026,6,305,11,JEFATURA DE DESARROLLO ACCESORIOS,101 de,,AUDITORIAS INTERNAS DE DESARROLLO ACCESORIOS,NA , , ,,0,,48,37.3,77.7 %
2026,6,305,13,JEFATURA DE DESARROLLO ACCESORIOS,103 d,5,ROTACIÓN DE PERSONAL DE ÁREAS OPERATIVAS,5 % ,3 % ,0 % ,0,4,3 %  -  100 %<BR>3.5 %  -  90 %<BR>4 %  -  80 %,48,37.3,77.7 %
2026,6,305,10,JEFATURA DE DESARROLLO ACCESORIOS,3510,8,PORCENTAJE DE REPROCESOS EN MUESTRAS Y LOTES PILOTO DE ACCESORIOS,92.1 % ,100 % ,92.1 % ,7.4,3,Resultado Logrado,48,37.3,77.7 %
2026,6,305,7,JEFATURA DE DESARROLLO ACCESORIOS,3507,4,EFECTIVIDAD EN EL PAQUETE TÉCNICO Y ENTREGABLES <BR> EN LA LIBERACIÓN DEL MODELO A PRODUCCIÓN,98.3 % ,100 % ,98.3 % ,3.9,3,Resultado Logrado,48,37.3,77.7 %
2026,6,305,1,JEFATURA DE DESARROLLO ACCESORIOS,3501,,ENTREGA DE PROTOTIPOS VS CALENDARIO ESTABLECIDO ACCESORIOS,NA , , ,,0,,48,37.3,77.7 %
2026,6,305,12,JEFATURA DE DESARROLLO ACCESORIOS,102 n,5,"AUDITORIA DE 5'S EN EL ÁREA DE ACCESORIOS",96.4 % ,100 % ,96.4 % ,4.8,3,Resultado Logrado,48,37.3,77.7 %
2026,6,305,3,JEFATURA DE DESARROLLO ACCESORIOS,3503,,CUMPLIMIENTO EN EL CALENDARIO DE LIBERACIONES <BR> VS. CALENDARIO ESTABLECIDO ACCESORIOS ( SEMESTRAL ),NA , , ,,0,,48,37.3,77.7 %
2026,6,305,14,JEFATURA DE DESARROLLO ACCESORIOS,1005,,GPTW,NA , , ,,0,,48,37.3,77.7 %
2026,6,305,6,JEFATURA DE DESARROLLO ACCESORIOS,3506,,ENTREGA DE MUESTRAS VS CALENDARIO ESTABLECIDO ACCESORIOS,NA , , ,,0,,48,37.3,77.7 %
2026,6,305,2,JEFATURA DE DESARROLLO ACCESORIOS,3502,9,CUMPLIMIENTO EN LA PRESENTACIÓN DE LOS AMEF VS CALENDARIO ESTABLECIDO,89.3 % ,100 % ,89.3 % ,8,3,Resultado Logrado,48,37.3,77.7 %
2026,6,305,4,JEFATURA DE DESARROLLO ACCESORIOS,3504,9,CUMPLIMIENTO DE ANÁLISIS DE  VIABILIDAD Y FACTIBILIDAD,100 % ,100 % ,100 % ,9,1,Resultado Logrado,48,37.3,77.7 %
2026,6,305,5,JEFATURA DE DESARROLLO ACCESORIOS,3505,,CUMPLIMIENTO DE ENTREGABLES EN LA ETAPA DE <BR> MUESTRAS A INGENIERÍA DE COSTOS Y CONSUMOS ( SEMESTRAL ),NA , , ,,0,,48,37.3,77.7 %
2026,6,401,6,JEFATURA DE CAPITAL HUMANO,102 u,5,"AUDITORIA DE 5'S EN EL ÁREA DE CAPITAL HUMANO",97.8 % ,100 % ,97.8 % ,4.9,3,Resultado Logrado,95,38.1,40.1 %
2026,6,401,8,JEFATURA DE CAPITAL HUMANO,1005,,GPTW,NA , , ,,0,,95,38.1,40.1 %
2026,6,401,5,JEFATURA DE CAPITAL HUMANO,101 ea,10,AUDITORIAS INTERNAS DE CAPITAL HUMANO,39.5 % ,85 % ,39.5 % ,0,5,Mayor al 85 %,95,38.1,40.1 %
2026,6,401,1,JEFATURA DE CAPITAL HUMANO,4101,30,CUMPLIMIENTO DEL TIEMPO DE CONTRATACIÓN (= 15 DÍAS HÁBILES),18 días hab. ,15 días hab. ,0 % ,0,4,,95,38.1,40.1 %
2026,6,401,4,JEFATURA DE CAPITAL HUMANO,4104,10,AUDITORIAS DE 5´S EJECUTADAS VS PROGRAMADAS,78.3 % ,95 % ,0 % ,0,5,95 %  -  100 %<BR>90 %  -  80 %<BR>85 %  -  60 %,95,38.1,40.1 %
2026,6,401,7,JEFATURA DE CAPITAL HUMANO,103 f,5,ROTACIÓN DE PERSONAL ADMINISTRATIVO,5 % ,3 % ,0 % ,0,4,3 %  -  100 %<BR>3.5 %  -  90 %<BR>4 %  -  80 %,95,38.1,40.1 %
2026,6,401,3,JEFATURA DE CAPITAL HUMANO,4103,15,CUMPLIMIENTO DE NORMATIVA LEGAL EN SEGURIDAD E HIGIENE,88 % ,80 % ,88 % ,13.2,3,Mayor al 80 %,95,38.1,40.1 %
2026,6,401,2,JEFATURA DE CAPITAL HUMANO,4102,20,TOTAL DE CAPACITACIONES REALIZADAS VS CAPACITACIONES PLANEADAS,100 % ,90 % ,100 % ,20,1,Mayor al 90 %,95,38.1,40.1 %
2026,6,402,6,JEFATURA DE GESTION DE CALIDAD,1005,,GPTW,NA , , ,,0,,75,64.4,85.9 %
2026,6,402,4,JEFATURA DE GESTION DE CALIDAD,102 v,5,"AUDITORIA DE 5'S EN EL ÁREA DE GESTION DE CALIDAD",98.9 % ,100 % ,98.9 % ,4.9,3,Resultado Logrado,75,64.4,85.9 %
2026,6,402,5,JEFATURA DE GESTION DE CALIDAD,103 f,5,ROTACIÓN DE PERSONAL ADMINISTRATIVO,5 % ,3 % ,0 % ,0,4,3 %  -  100 %<BR>3.5 %  -  90 %<BR>4 %  -  80 %,75,64.4,85.9 %
2026,6,402,3,JEFATURA DE GESTION DE CALIDAD,101 eb,,AUDITORIAS INTERNAS DE SISTEMAS DE GESTIÓN,NA , , ,,0,,75,64.4,85.9 %
2026,6,402,2,JEFATURA DE GESTION DE CALIDAD,4202,25,INDICE DE PROCESOS DOCUMENTADOS VS PROCESOS PLANEADOS,94 % ,85 % ,94 % ,23.5,3,Mayor al 85 %,75,64.4,85.9 %
2026,6,402,1,JEFATURA DE GESTION DE CALIDAD,4201,40,CUMPLIMIENTO DE AUDITORIAS INTERNAS,90 % ,85 % ,90 % ,36,3,Mayor al 85 %,75,64.4,85.9 %
2026,6,306,3,JEFATURA DE INGENIERÍA DE PROCESOS,3303,5,PRESUPUESTO DE COSTO DE MANO DE OBRA DIRECTA EN CINTOS,$ 50.45 ,$ 51.11 ,100 % ,5,2,,85,62.6,73.6 %
2026,6,306,5,JEFATURA DE INGENIERÍA DE PROCESOS,3313,10,PRESUPUESTO DE COSTO DE MANO DE OBRA DIRECTA EN CHAMARRAS,$ 467.36 ,$ 529.21 ,100 % ,10,2,,85,62.6,73.6 %
2026,6,306,10,JEFATURA DE INGENIERÍA DE PROCESOS,3312,5,PRODUCTIVIDAD PIEZAS / HOMBRE  ( CHAMARRAS ),1.38 pzs/hom ,1.12 pzs/hom ,100 % ,5,1,,85,62.6,73.6 %
2026,6,306,11,JEFATURA DE INGENIERÍA DE PROCESOS,3317,5,PRODUCTIVIDAD PIEZAS / HOMBRE  ( BOLSAS ),1.68 pzs/hom ,1.60 pzs/hom ,100 % ,5,1,,85,62.6,73.6 %
2026,6,306,6,JEFATURA DE INGENIERÍA DE PROCESOS,3318,10,PRESUPUESTO DE COSTO DE MANO DE OBRA DIRECTA EN BOLSAS,$ 330.67 ,$ 338.81 ,100 % ,10,2,,85,62.6,73.6 %
2026,6,306,4,JEFATURA DE INGENIERÍA DE PROCESOS,3308,5,PRESUPUESTO DE COSTO DE MANO DE OBRA DIRECTA EN BILLETERAS,$ 115.19 ,$ 124.01 ,100 % ,5,2,,85,62.6,73.6 %
2026,6,306,7,JEFATURA DE INGENIERÍA DE PROCESOS,3101,5,PRODUCTIVIDAD PARES / HOMBRE ( BOTAS ),3.22 prs/hom ,3.50 prs/hom ,60 % ,3,3,,85,62.6,73.6 %
2026,6,306,14,JEFATURA DE INGENIERÍA DE PROCESOS,103 d,5,ROTACIÓN DE PERSONAL DE ÁREAS OPERATIVAS,5 % ,3 % ,0 % ,0,4,3 %  -  100 %<BR>3.5 %  -  90 %<BR>4 %  -  80 %,85,62.6,73.6 %
2026,6,306,15,JEFATURA DE INGENIERÍA DE PROCESOS,1005,,GPTW,NA , , ,,0,,85,62.6,73.6 %
2026,6,306,2,JEFATURA DE INGENIERÍA DE PROCESOS,3102,10,PRESUPUESTO DE COSTO DE MANO DE OBRA DIRECTA DE BOTAS,$ 253.93 ,$ 239.01 ,60 % ,6,3,,85,62.6,73.6 %
2026,6,306,8,JEFATURA DE INGENIERÍA DE PROCESOS,3302,5,PRODUCTIVIDAD PIEZAS / HOMBRE  ( CINTOS ),10.15 pzs/hom ,92 pzs/hom ,100 % ,5,1,,85,62.6,73.6 %
2026,6,306,9,JEFATURA DE INGENIERÍA DE PROCESOS,3307,5,PRODUCTIVIDAD PIEZAS / HOMBRE  ( BILLETERAS ),4.33 pzs/hom ,4.19 pzs/hom ,100 % ,5,1,,85,62.6,73.6 %
2026,6,306,1,JEFATURA DE INGENIERÍA DE PROCESOS,3601,,CUMPLIMIENTO DEL PROGRAMA DE <BR> PROYECTOS DE MEJORA CONTINUA ( RESULTADO TRIMESTRAL ),NA , , ,,0,,85,62.6,73.6 %
2026,6,306,12,JEFATURA DE INGENIERÍA DE PROCESOS,101 df,10,AUDITORIAS INTERNAS DE INGENIERÍA DE PROCESOS,37.5 % ,85 % ,37.5 % ,0,5,Mayor al 85 %,85,62.6,73.6 %
2026,6,306,13,JEFATURA DE INGENIERÍA DE PROCESOS,102 q,5,"AUDITORIA DE 5'S EN EL ÁREA DE INGENIERÍA DE PROCESOS",71.7 % ,100 % ,71.7 % ,3.6,3,Resultado Logrado,85,62.6,73.6 %
2026,6,103,7,JEFATURA DE PPCP,1307,10,CUMPLIMIENTO DEL PRESUPUESTO EN AVÍOS <BR> ( MATERIALES GESTIONADOS POR PPCP ),"$ 1,306,723 ","$ 1,726,617 ",75.7 % ,10,2,Menor al 110 %,95,45.5,47.9 %
2026,6,103,3,JEFATURA DE PPCP,1303,10,ADMINISTRACIÓN DE LA DEMANDA DE BILLETERAS,3 semanas ,4 semanas ,75 % ,7.5,3,Resultado Logrado,95,45.5,47.9 %
2026,6,103,9,JEFATURA DE PPCP,103 f,5,ROTACIÓN DE PERSONAL ADMINISTRATIVO,5 % ,3 % ,0 % ,0,4,3 %  -  100 %<BR>3.5 %  -  90 %<BR>4 %  -  80 %,95,45.5,47.9 %
2026,6,103,8,JEFATURA DE PPCP,102 h,5,"AUDITORIA DE 5'S EN EL ÁREA DE PPCP",73.9 % ,100 % ,73.9 % ,3.7,3,Resultado Logrado,95,45.5,47.9 %
2026,6,103,1,JEFATURA DE PPCP,1301,25,ADMINISTRACIÓN DE LA DEMANDA DE BOTAS,1 semanas ,4 semanas ,25 % ,6.3,3,Resultado Logrado,95,45.5,47.9 %
2026,6,103,2,JEFATURA DE PPCP,1302,10,ADMINISTRACIÓN DE LA DEMANDA DE CINTOS,0 semanas ,4 semanas ,0 % ,0,7,Resultado Logrado,95,45.5,47.9 %
2026,6,103,6,JEFATURA DE PPCP,1306,10,EFECTIVIDAD DE ÍTEMS NEGROS / AMARILLOS VS NECESIDAD EN PREMONTADO <BR> ( ÍTEMS SIN EXISTENCIA O PARCIALIDADES DE AVÍO QUE CONTROLA PPCP ),1.7 items ,1 item ,80 % ,8,3,,95,45.5,47.9 %
2026,6,103,5,JEFATURA DE PPCP,1305,10,ADMINISTRACIÓN DE LA DEMANDA DE BOLSAS,3 semanas ,4 semanas ,75 % ,7.5,3,Resultado Logrado,95,45.5,47.9 %
2026,6,103,10,JEFATURA DE PPCP,1005,,GPTW,NA , , ,,0,,95,45.5,47.9 %
2026,6,103,4,JEFATURA DE PPCP,1304,10,ADMINISTRACIÓN DE LA DEMANDA DE CHAMARRAS,1 semanas ,4 semanas ,25 % ,2.5,3,Resultado Logrado,95,45.5,47.9 %
2026,6,309,9,JEFATURA DE MAQUILAS,103 d,5,ROTACIÓN DE PERSONAL DE ÁREAS OPERATIVAS,5 % ,3 % ,0 % ,0,4,3 %  -  100 %<BR>3.5 %  -  90 %<BR>4 %  -  80 %,85,62.2,73.2 %
2026,6,309,8,JEFATURA DE MAQUILAS,102 t,5,"AUDITORIA DE 5'S EN EL ÁREA DE MAQUILAS",73.7 % ,100 % ,73.7 % ,3.7,3,Resultado Logrado,85,62.2,73.2 %
2026,6,309,5,JEFATURA DE MAQUILAS,3905,10,CUMPLIMIENTO EN EL REGRESOS DE MATERIALES  SOBRANTES AL ALMACÉN DE PIELES <BR> PARA PROGRAMAS DE MAQUILA EXTERNA DE CINTOS  <BR> ( REGRESOS EN UN MÁXIMO DE 21 DÍAS NATURALES DESPUÉS DE SU PROGRAMACIÓN ),50 % ,100 % ,0 % ,0,5,,85,62.2,73.2 %
2026,6,309,6,JEFATURA DE MAQUILAS,3906,5,EFICIENCIA EN LA ACTUALIZACIÓN DE COSTOS PARA MAQUILAS <BR> ( LOS COSTOS EN SISTEMA Y LOS DOCUMENTOS DE LA CARPETA DE ANEXOS  DEBEN<BR> SER ACTUALIZADOS EN MÁXIMO EN UNA SEMANA HÁBIL SIGUIENTE A SU RECEPCIÓN ),100 % ,100 % ,100 % ,5,1,,85,62.2,73.2 %
2026,6,309,7,JEFATURA DE MAQUILAS,101 di,,AUDITORIAS INTERNAS DE MAQUILAS,NA , , ,,0,,85,62.2,73.2 %
2026,6,309,4,JEFATURA DE MAQUILAS,3904,10,CUMPLIMIENTO EN EL REGRESOS DE MATERIALES SOBRANTES  AL ALMACÉN DE PIELES  <BR>  PARA PROGRAMAS DE BETA 7 <BR> ( REGRESOS EN UN MÁXIMO DE 28 DÍAS NATURALES DESPUÉS DE SU PROGRAMACIÓN ),100 % ,100 % ,100 % ,10,1,,85,62.2,73.2 %
2026,6,309,1,JEFATURA DE MAQUILAS,3901,20,CUMPLIMIENTO DE FECHAS DE ENTREGA DE BETA 7 <BR> VS FECHAS ESTABLECIDAS DE ENTREGA <BR> ( MÁXIMO 17 DÍAS HÁBILES A PARTIR DE LA FECHA DE PROGRAMACIÓN ),91.8 % ,95 % ,90 % ,18,3,95 %  -  100 %<BR>90 %  -  90 %<BR>85 %  -  80 %,85,62.2,73.2 %
2026,6,309,10,JEFATURA DE MAQUILAS,1005,,GPTW,NA , , ,,0,,85,62.2,73.2 %
2026,6,309,2,JEFATURA DE MAQUILAS,3902,15,CUMPLIMIENTO DE FECHAS DE ENTREGA DE MAQUILA EXTERNA DE CINTOS <BR> VS FECHAS ESTABLECIDAS DE ENTREGA <BR> ( MÁXIMO 13 DÍAS HÁBILES A PARTIR DE LA FECHA DE PROGRAMACIÓN ),89 % ,95 % ,80 % ,12,3,95 %  -  100 %<BR>90 %  -  90 %<BR>85 %  -  80 %,85,62.2,73.2 %
2026,6,309,3,JEFATURA DE MAQUILAS,3903,15,EFICIENCIA EN TIEMPO DE ENTREGA DE LOS PROVEEDORES DE AVÍOS <BR> ( CFI MÁXIMO 7 DÍAS HÁBILES Y MORAN MÁXIMO 8 DÍAS HÁBILES ),93 % ,95 % ,90 % ,13.5,3,95 %  -  100 %<BR>90 %  -  90 %<BR>85 %  -  80 %,85,62.2,73.2 %
2026,6,301,7,JEFATURA DE PRODUCCIÓN BOTAS I,3105,5,REPROCESOS EN PLANTA ( LINEA DE BOTAS ),4.8 % ,5 % ,100 % ,5,2,5 %  -  100 %<BR>6.5 %  -  80 %<BR>8 %  -  60 %,80,54.4,68 %
2026,6,301,8,JEFATURA DE PRODUCCIÓN BOTAS I,3106,7,BAJAS DE CALIDAD EN PRODUCCIÓN ( LINEA DE BOTAS ),0.3 % ,0.5 % ,100 % ,7,2,0.5 %  -  100 %<BR>1 %  -  80 %<BR>1.5 %  -  60 %,80,54.4,68 %
2026,6,301,6,JEFATURA DE PRODUCCIÓN BOTAS I,3104,5,EFECTIVIDAD EN ENTREGAS A PT ( ANTIGÜEDAD DE LOTES EN WIP ),75.7 % ,100 % ,75.7 % ,3.8,3,Resultado Logrado,80,54.4,68 %
2026,6,301,3,JEFATURA DE PRODUCCIÓN BOTAS I,3101,7,PRODUCTIVIDAD PARES / HOMBRE ( BOTAS ),3.22 prs/hom ,3.50 prs/hom ,60 % ,4.2,3,,80,54.4,68 %
2026,6,301,4,JEFATURA DE PRODUCCIÓN BOTAS I,3102,7,PRESUPUESTO DE COSTO DE MANO DE OBRA DIRECTA DE BOTAS,$ 253.93 ,$ 239.01 ,60 % ,4.2,3,,80,54.4,68 %
2026,6,301,10,JEFATURA DE PRODUCCIÓN BOTAS I,102 l,5,"AUDITORIA DE 5'S EN EL ÁREA DE BOTAS I",70 % ,100 % ,70 % ,3.5,3,Resultado Logrado,80,54.4,68 %
2026,6,301,1,JEFATURA DE PRODUCCIÓN BOTAS I,3001,22,PRODUCTIVIDAD DE BOTAS,"23,337 prs ","26,040 prs ",89.6 % ,19.7,3,Mayor al 70 %,80,54.4,68 %
2026,6,301,12,JEFATURA DE PRODUCCIÓN BOTAS I,1005,,GPTW,NA , , ,,0,,80,54.4,68 %
2026,6,301,11,JEFATURA DE PRODUCCIÓN BOTAS I,103 b,5,ROTACIÓN DE PERSONAL DE BOTAS,7.2 % ,3 % ,0 % ,0,4,3 %  -  100 %<BR>3.5 %  -  90 %<BR>4 %  -  80 %,80,54.4,68 %
2026,6,301,9,JEFATURA DE PRODUCCIÓN BOTAS I,101 da,10,AUDITORIAS INTERNAS DE PRODUCCIÓN BOTAS I,76.9 % ,85 % ,76.9 % ,0,5,Mayor al 85 %,80,54.4,68 %
2026,6,301,5,JEFATURA DE PRODUCCIÓN BOTAS I,3103,7,CUMPLIMIENTO DEL COSTO PRESUPUESTADO <BR> DE MATERIALES DIRECTOS E INDIRECTOS,100 % ,95 % ,100 % ,7,1,95 %  -  100 %<BR>94 %  -  80 %<BR>93 %  -  60 %,80,54.4,68 %
2026,6,302,4,JEFATURA DE PRODUCCIÓN BOTAS II,3102,7,PRESUPUESTO DE COSTO DE MANO DE OBRA DIRECTA DE BOTAS,$ 253.93 ,$ 239.01 ,60 % ,4.2,3,,80,55.7,69.6 %
2026,6,302,6,JEFATURA DE PRODUCCIÓN BOTAS II,3104,5,EFECTIVIDAD EN ENTREGAS A PT ( ANTIGÜEDAD DE LOTES EN WIP ),75.7 % ,100 % ,75.7 % ,3.8,3,Resultado Logrado,80,55.7,69.6 %
2026,6,302,7,JEFATURA DE PRODUCCIÓN BOTAS II,3105,5,REPROCESOS EN PLANTA ( LINEA DE BOTAS ),4.8 % ,5 % ,100 % ,5,2,5 %  -  100 %<BR>6.5 %  -  80 %<BR>8 %  -  60 %,80,55.7,69.6 %
2026,6,302,8,JEFATURA DE PRODUCCIÓN BOTAS II,3106,7,BAJAS DE CALIDAD EN PRODUCCIÓN ( LINEA DE BOTAS ),0.3 % ,0.5 % ,100 % ,7,2,0.5 %  -  100 %<BR>1 %  -  80 %<BR>1.5 %  -  60 %,80,55.7,69.6 %
2026,6,302,5,JEFATURA DE PRODUCCIÓN BOTAS II,3103,7,CUMPLIMIENTO DEL COSTO PRESUPUESTADO <BR> DE MATERIALES DIRECTOS E INDIRECTOS,100 % ,95 % ,100 % ,7,1,95 %  -  100 %<BR>94 %  -  80 %<BR>93 %  -  60 %,80,55.7,69.6 %
2026,6,302,3,JEFATURA DE PRODUCCIÓN BOTAS II,3101,7,PRODUCTIVIDAD PARES / HOMBRE ( BOTAS ),3.22 prs/hom ,3.50 prs/hom ,60 % ,4.2,3,,80,55.7,69.6 %
2026,6,302,1,JEFATURA DE PRODUCCIÓN BOTAS II,3001,22,PRODUCTIVIDAD DE BOTAS,"23,337 prs ","26,040 prs ",89.6 % ,19.7,3,Mayor al 70 %,80,55.7,69.6 %
2026,6,302,9,JEFATURA DE PRODUCCIÓN BOTAS II,101 db,10,AUDITORIAS INTERNAS DE PRODUCCIÓN BOTAS II,12.3 % ,85 % ,12.3 % ,0,5,Mayor al 85 %,80,55.7,69.6 %
2026,6,302,11,JEFATURA DE PRODUCCIÓN BOTAS II,103 b,5,ROTACIÓN DE PERSONAL DE BOTAS,7.2 % ,3 % ,0 % ,0,4,3 %  -  100 %<BR>3.5 %  -  90 %<BR>4 %  -  80 %,80,55.7,69.6 %
2026,6,302,10,JEFATURA DE PRODUCCIÓN BOTAS II,102 m,5,"AUDITORIA DE 5'S EN EL ÁREA DE BOTAS II",95.8 % ,100 % ,95.8 % ,4.8,3,Resultado Logrado,80,55.7,69.6 %
2026,6,302,12,JEFATURA DE PRODUCCIÓN BOTAS II,1005,,GPTW,NA , , ,,0,,80,55.7,69.6 %
2026,13,100,8,DIRECCIÓN MBC,1008,,TALEN REVIEW JEFATURAS ( INICIO DE PLAN ),NA , , ,,0,,70,65.5,93.6 %
2026,13,100,4,DIRECCIÓN MBC,1004,10,FLUJO DE EFECTIVO,84.8 % ,80 % ,84.8 % ,8.5,3,Mayor al 80 %,70,65.5,93.6 %
2026,13,100,10,DIRECCIÓN MBC,1010,3,INVERSIONES ( EFICIENCIA OPERATIVA TESEO ),40.5 % ,75 % ,40.5 % ,0,5,Mayor al 75 %,70,65.5,93.6 %
2026,13,100,9,DIRECCIÓN MBC,1009,6,VENTAS DEPARTAMENTALES,"$ 7,583,362 ","$ 7,252,495 ",104.6 % ,6,1,Mayor al  %,70,65.5,93.6 %
2026,13,100,5,DIRECCIÓN MBC,1005,,GPTW,NA , , ,,0,,70,65.5,93.6 %
2026,13,100,3,DIRECCIÓN MBC,1003,,UTILIDADES DE OPERACIÓN CORPORATIVA,NA , , ,,0,,70,65.5,93.6 %
2026,13,100,2,DIRECCIÓN MBC,1002,36,UTILIDADES DE OPERACIÓN,"$ 110,071,908 ","$ 96,613,510 ",113.9 % ,36,1,Mayor al 70 %,70,65.5,93.6 %
2026,13,100,1,DIRECCIÓN MBC,1001,10,VENTAS NETAS,"$ 417,254,821 ","$ 388,181,855 ",107.5 % ,10,1,Mayor al 70 %,70,65.5,93.6 %
2026,13,100,11,DIRECCIÓN MBC,1011,5,PROCESOS ( MAPEO DE PROCESOS ),100 % ,80 % ,100 % ,5,1,Mayor al 80 %,70,65.5,93.6 %
2026,13,100,12,DIRECCIÓN MBC,1012,,DYNAMICS ( ERP MBC ),NA , , ,,0,,70,65.5,93.6 %
2026,13,100,7,DIRECCIÓN MBC,1007,,TALEN REVIEW GERENCIAS ( PLAN DE DESARROLLO  ),NA , , ,,0,,70,65.5,93.6 %
2026,13,100,6,DIRECCIÓN MBC,1006,,SUSSESION PLAN ( PLAN DE SUCESIÓN PARA GERENTES ),NA , , ,,0,,70,65.5,93.6 %
2026,13,200,14,GERENCIA ADMINISTRATIVA,101 c,,AUDITORIAS INTERNAS ADMINISTRATIVAS,NA , , ,,0,,67,64.9,96.9 %
2026,13,200,8,GERENCIA ADMINISTRATIVA,2005,4,CUENTAS POR PAGAR,32.7 dias ,40 dias ,81.8 % ,4,2,Menor al 130 %,67,64.9,96.9 %
2026,13,200,15,GERENCIA ADMINISTRATIVA,102 b,8,"AUDITORIAS DE 5'S EN LAS ÁREAS DE ADMINISTRACION",95.7 % ,95 % ,100 % ,8,1,95 %  -  100 %<BR>90 %  -  90 %<BR>85 %  -  80 %,67,64.9,96.9 %
2026,13,200,7,GERENCIA ADMINISTRATIVA,2004,4,CUENTAS POR COBRAR,56.6 dias ,60 dias ,94.3 % ,4,2,Menor al 130 %,67,64.9,96.9 %
2026,13,200,4,GERENCIA ADMINISTRATIVA,2001,8,GASTOS DE ADMINISTRACIÓN,"$ 9,370,065 ","$ 10,043,242 ",93.3 % ,8,2,Menor al 130 %,67,64.9,96.9 %
2026,13,200,1,GERENCIA ADMINISTRATIVA,1001,5,VENTAS NETAS,"$ 417,254,821 ","$ 388,181,855 ",107.5 % ,5,1,Mayor al 70 %,67,64.9,96.9 %
2026,13,200,5,GERENCIA ADMINISTRATIVA,2002,8,GASTOS DE CENTRO DE SERVICIOS,"$ 3,881,801 ","$ 3,881,819 ",100 % ,8,2,Menor al 130 %,67,64.9,96.9 %
2026,13,200,6,GERENCIA ADMINISTRATIVA,2003,5,GASTOS DE VENTA  ( GASTOS FIJOS QUE NO DEPENDEN DE LA VENTA ),"$ 7,670,410 ","$ 6,482,637 ",118.3 % ,4.1,3,Menor al 130 %,67,64.9,96.9 %
2026,13,200,13,GERENCIA ADMINISTRATIVA,1012,,DYNAMICS ( ERP MBC ),NA , , ,,0,,67,64.9,96.9 %
2026,13,200,10,GERENCIA ADMINISTRATIVA,1007,,TALEN REVIEW GERENCIAS ( PLAN DE DESARROLLO  ),NA , , ,,0,,67,64.9,96.9 %
2026,13,200,16,GERENCIA ADMINISTRATIVA,103 f,3,ROTACIÓN DE PERSONAL ADMINISTRATIVO,1.6 % ,3 % ,100 % ,3,2,3 %  -  100 %<BR>3.5 %  -  90 %<BR>4 %  -  80 %,67,64.9,96.9 %
2026,13,200,9,GERENCIA ADMINISTRATIVA,1006,,SUSSESION PLAN ( PLAN DE SUCESIÓN PARA GERENTES ),NA , , ,,0,,67,64.9,96.9 %
2026,13,200,2,GERENCIA ADMINISTRATIVA,1002,10,UTILIDADES DE OPERACIÓN,"$ 110,071,908 ","$ 96,613,510 ",113.9 % ,10,1,Mayor al 70 %,67,64.9,96.9 %
2026,13,200,12,GERENCIA ADMINISTRATIVA,1011,4,PROCESOS ( MAPEO DE PROCESOS ),100 % ,80 % ,100 % ,4,1,Mayor al 80 %,67,64.9,96.9 %
2026,13,200,11,GERENCIA ADMINISTRATIVA,1008,,TALEN REVIEW JEFATURAS ( INICIO DE PLAN ),NA , , ,,0,,67,64.9,96.9 %
2026,13,200,17,GERENCIA ADMINISTRATIVA,1005,,GPTW,NA , , ,,0,,67,64.9,96.9 %
2026,13,200,3,GERENCIA ADMINISTRATIVA,1004,8,FLUJO DE EFECTIVO,84.8 % ,80 % ,84.8 % ,6.8,3,Mayor al 80 %,67,64.9,96.9 %
2026,13,1,4,MBC,104,3,DÍAS DE WIP  |  BOTAS & ACCESORIOS,11.8 | 6.1 ,12 | 7 ,100 | 100 ,3,2,12 | 7  -  100 %<BR>13 | 8  -  80 %<BR>14 | 9  -  60 %,75,65.3,87.1 %
2026,13,1,7,MBC,105,4,ENTREGAS A TIEMPO  |  TIENDAS CUADRA & CORRAL,86.4 | 96 ,95 % ,60 | 100 ,3.2,3,95 %  -  100 %<BR>90 %  -  80 %<BR>85 %  -  60 %,75,65.3,87.1 %
2026,13,1,10,MBC,3009,3,BAJAS DE CALIDAD ( DEVOLUCIONES MAS BAJAS ),1.8 % ,0.5 % ,0 % ,0,4,0.5 %  -  100 %<BR>1 %  -  85 %<BR>1.5 %  -  70 %,75,65.3,87.1 %
2026,13,1,15,MBC,102 a,3,"AUDITORIAS DE 5'S ( MBC )",91 % ,95 % ,90 % ,2.7,3,95 %  -  100 %<BR>90 %  -  90 %<BR>85 %  -  80 %,75,65.3,87.1 %
2026,13,1,14,MBC,101,5,AUDITORIAS INTERNAS ( MBC ),67.1 % ,85 % ,67.1 % ,0,5,Mayor al 85 %,75,65.3,87.1 %
2026,13,1,16,MBC,103 a,3,ROTACIÓN DE PERSONAL MBC,3.9 % ,3 % ,80 % ,2.4,3,3 %  -  100 %<BR>3.5 %  -  90 %<BR>4 %  -  80 %,75,65.3,87.1 %
2026,13,1,17,MBC,1005,,GPTW,NA , , ,,0,,75,65.3,87.1 %
2026,13,1,13,MBC,1011,4,PROCESOS ( MAPEO DE PROCESOS ),100 % ,80 % ,100 % ,4,1,Mayor al 80 %,75,65.3,87.1 %
2026,13,1,2,MBC,1002,40,UTILIDADES DE OPERACIÓN,"$ 110,071,908 ","$ 96,613,510 ",113.9 % ,40,1,Mayor al 70 %,75,65.3,87.1 %
2026,13,1,3,MBC,1003,,UTILIDADES DE OPERACIÓN CORPORATIVA,NA , , ,,0,,75,65.3,87.1 %
2026,13,1,1,MBC,1001,10,VENTAS NETAS,"$ 417,254,821 ","$ 388,181,855 ",107.5 % ,10,1,Mayor al 70 %,75,65.3,87.1 %
2026,13,1,11,MBC,1006,,SUSSESION PLAN ( PLAN DE SUCESIÓN PARA GERENTES ),NA , , ,,0,,75,65.3,87.1 %
2026,13,1,12,MBC,1007,,TALEN REVIEW GERENCIAS ( PLAN DE DESARROLLO  ),NA , , ,,0,,75,65.3,87.1 %
2026,13,300,11,GERENCIA OPERATIVA,3009,4,BAJAS DE CALIDAD ( DEVOLUCIONES MAS BAJAS ),1.8 % ,0.5 % ,0 % ,0,4,0.5 %  -  100 %<BR>1 %  -  85 %<BR>1.5 %  -  70 %,77,55.5,72.1 %
2026,13,300,18,GERENCIA OPERATIVA,101 d,7,AUDITORIAS INTERNAS OPERATIVAS,79.6 % ,85 % ,79.6 % ,0,5,Mayor al 85 %,77,55.5,72.1 %
2026,13,300,10,GERENCIA OPERATIVA,3008,4,ENTREGAS A TIEMPO  |  TIENDAS CUADRA Y CORRAL,86.4 | 96 ,95 % ,60 | 100 ,3.2,3,95 %  -  100 %<BR>90 %  -  80 %<BR>85 %  -  60 %,77,55.5,72.1 %
2026,13,300,1,GERENCIA OPERATIVA,1001,5,VENTAS NETAS,"$ 417,254,821 ","$ 388,181,855 ",107.5 % ,5,1,Mayor al 70 %,77,55.5,72.1 %
2026,13,300,12,GERENCIA OPERATIVA,1006,,SUSSESION PLAN ( PLAN DE SUCESIÓN PARA GERENTES ),NA , , ,,0,,77,55.5,72.1 %
2026,13,300,2,GERENCIA OPERATIVA,1002,5,UTILIDADES DE OPERACIÓN,"$ 110,071,908 ","$ 96,613,510 ",113.9 % ,5,1,Mayor al 70 %,77,55.5,72.1 %
2026,13,300,6,GERENCIA OPERATIVA,3004,4,PRODUCTIVIDAD DE CHAMARRAS,"7,856 pzs ","7,451 pzs ",105.4 % ,4,1,Mayor al 70 %,77,55.5,72.1 %
2026,13,300,7,GERENCIA OPERATIVA,3005,3,PRODUCTIVIDAD DE BOLSAS,"10,496 pzs ","10,308 pzs ",101.8 % ,3,1,Mayor al 70 %,77,55.5,72.1 %
2026,13,300,5,GERENCIA OPERATIVA,3003,3,PRODUCTIVIDAD DE BILLETERAS,"18,422 pzs ","18,490 pzs ",99.6 % ,3,3,Mayor al 70 %,77,55.5,72.1 %
2026,13,300,9,GERENCIA OPERATIVA,3007,7,COSTO DE VENTA,63.7 % ,65 % ,98 % ,7,2,Menor al 130 %,77,55.5,72.1 %
2026,13,300,19,GERENCIA OPERATIVA,102 c,5,"AUDITORIAS DE 5'S EN LAS ÁREAS DE OPERACIONES",90.7 % ,95 % ,90 % ,4.5,3,95 %  -  100 %<BR>90 %  -  90 %<BR>85 %  -  80 %,77,55.5,72.1 %
2026,13,300,4,GERENCIA OPERATIVA,3002,4,PRODUCTIVIDAD DE CINTOS,"43,777 pzs ","45,750 pzs ",95.7 % ,3.8,3,Mayor al 70 %,77,55.5,72.1 %
2026,13,300,20,GERENCIA OPERATIVA,103 e,4,ROTACIÓN DE PERSONAL OPERACIONES,4.1 % ,3 % ,0 % ,0,4,3 %  -  100 %<BR>3.5 %  -  90 %<BR>4 %  -  80 %,77,55.5,72.1 %
2026,13,300,3,GERENCIA OPERATIVA,3001,7,PRODUCTIVIDAD DE BOTAS,"67,755 prs ","67,200 prs ",100.8 % ,7,1,Mayor al 70 %,77,55.5,72.1 %
2026,13,300,16,GERENCIA OPERATIVA,1011,4,PROCESOS ( MAPEO DE PROCESOS ),100 % ,80 % ,100 % ,4,1,Mayor al 80 %,77,55.5,72.1 %
2026,13,300,21,GERENCIA OPERATIVA,1005,,GPTW,NA , , ,,0,,77,55.5,72.1 %
2026,13,300,8,GERENCIA OPERATIVA,3006,6,DÍAS DE WIP  |  BOTAS Y ACCESORIOS,11.8 | 6.1 ,12 | 7 ,100 | 100 ,6,2,12 | 7  -  100 %<BR>13 | 8  -  80 %<BR>14 | 9  -  60 %,77,55.5,72.1 %
2026,13,300,14,GERENCIA OPERATIVA,1008,,TALEN REVIEW JEFATURAS ( INICIO DE PLAN ),NA , , ,,0,,77,55.5,72.1 %
2026,13,300,17,GERENCIA OPERATIVA,1012,,DYNAMICS ( ERP MBC ),NA , , ,,0,,77,55.5,72.1 %
2026,13,300,13,GERENCIA OPERATIVA,1007,,TALEN REVIEW GERENCIAS ( PLAN DE DESARROLLO  ),NA , , ,,0,,77,55.5,72.1 %
2026,13,300,15,GERENCIA OPERATIVA,1010,5,INVERSIONES ( EFICIENCIA OPERATIVA TESEO ),40.5 % ,75 % ,40.5 % ,0,5,Mayor al 75 %,77,55.5,72.1 %
2026,13,104,4,JEFATURA DE LOGÍSTICA,1403,8,DÍAS DE PISO NACIONAL,41.7 dias ,35 dias ,0 % ,0,4,35 dias  -  100 %<BR>37.5 dias  -  80 %<BR>40 dias  -  60 %,81,45.4,56 %
2026,13,104,11,JEFATURA DE LOGÍSTICA,103 d,5,ROTACIÓN DE PERSONAL DE ÁREAS OPERATIVAS,3.4 % ,3 % ,90 % ,4.5,3,3 %  -  100 %<BR>3.5 %  -  90 %<BR>4 %  -  80 %,81,45.4,56 %
2026,13,104,2,JEFATURA DE LOGÍSTICA,1401,8,VENTAS POR LÍNEA,97.3 % ,80 % ,97.3 % ,7.8,3,Mayor al 80 %,81,45.4,56 %
2026,13,104,12,JEFATURA DE LOGÍSTICA,1005,,GPTW,NA , , ,,0,,81,45.4,56 %
2026,13,104,1,JEFATURA DE LOGÍSTICA,1001,25,VENTAS NETAS,"$ 417,254,821 ","$ 388,181,855 ",107.5 % ,25,1,Mayor al 70 %,81,45.4,56 %
2026,13,104,3,JEFATURA DE LOGÍSTICA,1402,10,ROTACIÓN INVENTARIO MTS,1 vueltas ,2.5 vueltas ,40.8 % ,4.1,3,Resultado Logrado,81,45.4,56 %
2026,13,104,9,JEFATURA DE LOGÍSTICA,101 b,10,AUDITORIAS INTERNAS DE LOGÍSTICA,45.4 % ,85 % ,45.4 % ,0,5,Mayor al 85 %,81,45.4,56 %
2026,13,104,10,JEFATURA DE LOGÍSTICA,102 i,5,"AUDITORIA DE 5'S EN EL ÁREA DE LOGÍSTICA",79.6 % ,100 % ,79.6 % ,4,3,Resultado Logrado,81,45.4,56 %
2026,13,104,8,JEFATURA DE LOGÍSTICA,1405,5,SERVICIO MARKETPLACE,5.7 % ,80 % ,5.7 % ,0,5,Mayor al 80 %,81,45.4,56 %
2026,13,104,7,JEFATURA DE LOGÍSTICA,1404,5,SERVICIO DISTRIBUIDORES MX,26.3 % ,80 % ,26.3 % ,0,5,Mayor al 80 %,81,45.4,56 %
2026,13,201,2,JEFATURA DE CONTABILIDAD,1004,5,FLUJO DE EFECTIVO,84.8 % ,80 % ,84.8 % ,4.2,3,Mayor al 80 %,85,80.8,95.1 %
2026,13,201,11,JEFATURA DE CONTABILIDAD,1005,,GPTW,NA , , ,,0,,85,80.8,95.1 %
2026,13,201,3,JEFATURA DE CONTABILIDAD,2004,5,CUENTAS POR COBRAR,56.6 dias ,60 dias ,94.3 % ,5,2,Menor al 130 %,85,80.8,95.1 %
2026,13,201,10,JEFATURA DE CONTABILIDAD,103 f,5,ROTACIÓN DE PERSONAL ADMINISTRATIVO,1.6 % ,3 % ,100 % ,5,2,3 %  -  100 %<BR>3.5 %  -  90 %<BR>4 %  -  80 %,85,80.8,95.1 %
2026,13,201,1,JEFATURA DE CONTABILIDAD,1002,5,UTILIDADES DE OPERACIÓN,"$ 110,071,908 ","$ 96,613,510 ",113.9 % ,5,1,Mayor al 70 %,85,80.8,95.1 %
2026,13,201,4,JEFATURA DE CONTABILIDAD,2005,5,CUENTAS POR PAGAR,32.7 dias ,40 dias ,81.8 % ,5,2,Menor al 130 %,85,80.8,95.1 %
2026,13,201,6,JEFATURA DE CONTABILIDAD,2102,20,ENTREGA DE CIERRE MENSUAL,100 % ,80 % ,100 % ,20,1,Mayor al 80 %,85,80.8,95.1 %
2026,13,201,7,JEFATURA DE CONTABILIDAD,2103,20,PRESENTACIÓN DE IMPUESTOS,100 % ,100 % ,100 % ,20,1,Mayor al 100 %,85,80.8,95.1 %
2026,13,201,9,JEFATURA DE CONTABILIDAD,102 j,5,"AUDITORIA DE 5'S EN EL ÁREA DE ADMINISTRACIÓN",97.8 % ,100 % ,97.8 % ,4.9,3,Resultado Logrado,85,80.8,95.1 %
2026,13,201,5,JEFATURA DE CONTABILIDAD,2101,15,EFECTIVIDAD EN EL CUMPLIMIENTO DE NOTAS DE CRÉDITO POR PRONTO PAGO,78 % ,70 % ,78 % ,11.7,3,Mayor al 70 %,85,80.8,95.1 %
2026,13,201,8,JEFATURA DE CONTABILIDAD,101 c,,AUDITORIAS INTERNAS ADMINISTRATIVAS,NA , , ,,0,,85,80.8,95.1 %
2026,13,102,3,JEFATURA DE CALIDAD,1202,20,CALIFICACIÓN REPETIBILIDAD & REPRODUCIBILIDAD <BR> ( UNIFICACIÓN DE CRITERIOS DE INSPECCIÓN ),93.3 % ,95 % ,85 % ,17,3,95 %  -  100 %<BR>85 %  -  85 %<BR>75 %  -  75 %,95,56.9,59.9 %
2026,13,102,7,JEFATURA DE CALIDAD,1005,,GPTW,NA , , ,,0,,95,56.9,59.9 %
2026,13,102,1,JEFATURA DE CALIDAD,3009,25,BAJAS DE CALIDAD ( DEVOLUCIONES MAS BAJAS ),1.8 % ,0.5 % ,0 % ,0,4,0.5 %  -  100 %<BR>1 %  -  85 %<BR>1.5 %  -  70 %,95,56.9,59.9 %
2026,13,102,6,JEFATURA DE CALIDAD,103 d,5,ROTACIÓN DE PERSONAL DE ÁREAS OPERATIVAS,3.4 % ,3 % ,90 % ,4.5,3,3 %  -  100 %<BR>3.5 %  -  90 %<BR>4 %  -  80 %,95,56.9,59.9 %
2026,13,102,4,JEFATURA DE CALIDAD,1203,10,PORCENTAJE DE EFECTIVIDAD EN <BR> LOS PUNTOS DE INSPECCIÓN DEL PRODUCTO,97.8 % ,95 % ,100 % ,10,1,95 %  -  100 %<BR>90 %  -  80 %<BR>80 %  -  70 %,95,56.9,59.9 %
2026,13,102,5,JEFATURA DE CALIDAD,102 g,5,"AUDITORIA DE 5'S EN EL ÁREA DE CALIDAD",87.2 % ,100 % ,87.2 % ,4.4,3,Resultado Logrado,95,56.9,59.9 %
2026,13,102,2,JEFATURA DE CALIDAD,1201,30,"PORCENTAJE DE EFECTIVIDAD 'BIEN A LA PRIMERA'",86.6 % ,95 % ,70 % ,21,3,95 %  -  100 %<BR>90 %  -  80 %<BR>80 %  -  70 %,95,56.9,59.9 %
2026,13,400,2,GERENCIA DE CAPITAL HUMANO,1006,,SUSSESION PLAN ( PLAN DE SUCESIÓN PARA GERENTES ),NA , , ,,0,,30,26,86.7 %
2026,13,400,5,GERENCIA DE CAPITAL HUMANO,1011,5,PROCESOS ( MAPEO DE PROCESOS ),100 % ,80 % ,100 % ,5,1,Mayor al 80 %,30,26,86.7 %
2026,13,400,7,GERENCIA DE CAPITAL HUMANO,102 d,10,"AUDITORIAS DE 5'S EN LAS ÁREAS DE CAPITAL HUMANO",90.6 % ,95 % ,90 % ,9,3,95 %  -  100 %<BR>90 %  -  90 %<BR>85 %  -  80 %,30,26,86.7 %
2026,13,400,3,GERENCIA DE CAPITAL HUMANO,1007,,TALEN REVIEW GERENCIAS ( PLAN DE DESARROLLO  ),NA , , ,,0,,30,26,86.7 %
2026,13,400,1,GERENCIA DE CAPITAL HUMANO,103 a,15,ROTACIÓN DE PERSONAL MBC,3.9 % ,3 % ,80 % ,12,3,3 %  -  100 %<BR>3.5 %  -  90 %<BR>4 %  -  80 %,30,26,86.7 %
2026,13,400,6,GERENCIA DE CAPITAL HUMANO,101 e,,AUDITORIAS INTERNAS CAPITAL HUMANO,NA , , ,,0,,30,26,86.7 %
2026,13,400,8,GERENCIA DE CAPITAL HUMANO,1005,,GPTW,NA , , ,,0,,30,26,86.7 %
2026,13,400,4,GERENCIA DE CAPITAL HUMANO,1008,,TALEN REVIEW JEFATURAS ( INICIO DE PLAN ),NA , , ,,0,,30,26,86.7 %
2026,13,101,12,JEFATURA DE COMPRAS,102 f,5,"AUDITORIA DE 5'S EN EL ÁREA DE COMPRAS",95 % ,100 % ,95 % ,4.7,3,Resultado Logrado,87,64.1,73.7 %
2026,13,101,13,JEFATURA DE COMPRAS,103 d,5,ROTACIÓN DE PERSONAL DE ÁREAS OPERATIVAS,3.4 % ,3 % ,90 % ,4.5,3,3 %  -  100 %<BR>3.5 %  -  90 %<BR>4 %  -  80 %,87,64.1,73.7 %
2026,13,101,7,JEFATURA DE COMPRAS,1107,5,CIERRE DE INVENTARIO DEL ALMACÉN DE MATERIA PRIMA,3.3 días hab. ,3 días hab. ,0 % ,0,4,,87,64.1,73.7 %
2026,13,101,3,JEFATURA DE COMPRAS,1103,7,PARES PROGRAMADOS VS PARES NO SURTIDOS DE BOTAS,99.5 % ,99 % ,100 % ,7,1,99 %  -  100 %<BR>97 %  -  90 %<BR>95 %  -  80 %,87,64.1,73.7 %
2026,13,101,2,JEFATURA DE COMPRAS,1102,5,PRESUPUESTO DEL INVENTARIO DEL ALMACÉN DE MATERIA PRIMA,"$ 26,702,537 ","$ 22,365,980 ",119.4 % ,0,4,Menor al 110 %,87,64.1,73.7 %
2026,13,101,5,JEFATURA DE COMPRAS,1105,20,PIEZAS PLANEADAS VS PIEZAS PROGRAMADAS,89.8 % ,80 % ,89.8 % ,17.9,3,Mayor al 80 %,87,64.1,73.7 %
2026,13,101,6,JEFATURA DE COMPRAS,1106,5,CIERRE DE INVENTARIO DEL ALMACÉN DE PIELES,2.7 días hab. ,3 días hab. ,100 % ,5,2,,87,64.1,73.7 %
2026,13,101,1,JEFATURA DE COMPRAS,1101,20,PRESUPUESTO DEL INVENTARIO DEL ALMACÉN DE PIELES,"$ 81,465,974 ","$ 94,118,046 ",86.6 % ,20,2,Menor al 110 %,87,64.1,73.7 %
2026,13,101,9,JEFATURA DE COMPRAS,101 a,10,AUDITORIAS INTERNAS DE COMPRAS,33.5 % ,85 % ,33.5 % ,0,5,Mayor al 85 %,87,64.1,73.7 %
2026,13,101,8,JEFATURA DE COMPRAS,2005,5,CUENTAS POR PAGAR,32.7 dias ,40 dias ,81.8 % ,5,2,Menor al 130 %,87,64.1,73.7 %
2026,13,101,14,JEFATURA DE COMPRAS,1005,,GPTW,NA , , ,,0,,87,64.1,73.7 %
2026,13,304,10,JEFATURA DE DESARROLLO BOTAS,3410,4,CUMPLIMIENTO DE ENTREGA DE PRECOSTEO BOTAS,88.3 % ,100 % ,88.3 % ,3.5,3,Resultado Logrado,49,30.8,62.9 %
2026,13,304,13,JEFATURA DE DESARROLLO BOTAS,102 o,5,"AUDITORIA DE 5'S EN EL ÁREA DE DESARROLLO BOTAS",83.6 % ,100 % ,83.6 % ,4.2,3,Resultado Logrado,49,30.8,62.9 %
2026,13,304,11,JEFATURA DE DESARROLLO BOTAS,3411,8,PORCENTAJE DE REPROCESOS EN MUESTRAS Y LOTES PILOTO DE BOTAS,47.7 % ,100 % ,47.7 % ,3.8,3,Resultado Logrado,49,30.8,62.9 %
2026,13,304,12,JEFATURA DE DESARROLLO BOTAS,101 dd,10,AUDITORIAS INTERNAS DE DESARROLLO BOTAS,74.6 % ,85 % ,74.6 % ,0,5,Mayor al 85 %,49,30.8,62.9 %
2026,13,304,9,JEFATURA DE DESARROLLO BOTAS,3409,4,"CUMPLIMIENTO EN LOS AVANCES DE WIP EN SISTEMA, <BR> 12 DÍAS EN BOTAS PROTOTIPOS, MUESTRAS Y LOTES PILOTO",55.9 % ,100 % ,55.9 % ,2.2,3,Resultado Logrado,49,30.8,62.9 %
2026,13,304,1,JEFATURA DE DESARROLLO BOTAS,3401,,ENTREGA DE PROTOTIPOS VS CALENDARIO BOTAS,NA , , ,,0,,49,30.8,62.9 %
2026,13,304,2,JEFATURA DE DESARROLLO BOTAS,3402,,CUMPLIMIENTO EN EL CALENDARIO DE AMEF <BR> VS CALENDARIO ESTABLECIDO,NA , , ,,0,,49,30.8,62.9 %
2026,13,304,8,JEFATURA DE DESARROLLO BOTAS,3408,,CUMPLIMIENTO DE ENTREGAS DE PAQUETES TÉCNICOS CONFORME A CALENDARIO DE ENTREGA DE BETA 7,NA , , ,,0,,49,30.8,62.9 %
2026,13,304,14,JEFATURA DE DESARROLLO BOTAS,103 d,5,ROTACIÓN DE PERSONAL DE ÁREAS OPERATIVAS,3.4 % ,3 % ,90 % ,4.5,3,3 %  -  100 %<BR>3.5 %  -  90 %<BR>4 %  -  80 %,49,30.8,62.9 %
2026,13,304,15,JEFATURA DE DESARROLLO BOTAS,1005,,GPTW,NA , , ,,0,,49,30.8,62.9 %
2026,13,304,3,JEFATURA DE DESARROLLO BOTAS,3403,,CUMPLIMIENTO EN EL CALENDARIO DE LIBERACIONES <BR> VS CALENDARIO ESTABLECIDO BOTAS ( RESULTADO SEMESTRAL ),NA , , ,,0,,49,30.8,62.9 %
2026,13,304,4,JEFATURA DE DESARROLLO BOTAS,3404,9,CUMPLIMIENTO DE ANÁLISIS DE  VIABILIDAD Y FACTIBILIDAD,100 % ,100 % ,100 % ,9,1,Resultado Logrado,49,30.8,62.9 %
2026,13,304,7,JEFATURA DE DESARROLLO BOTAS,3407,4,EFECTIVIDAD EN EL PAQUETE TÉCNICO <BR> Y ENTREGABLES EN LA LIBERACIÓN DEL MODELO A PRODUCCIÓN,90 % ,100 % ,90 % ,3.6,3,Resultado Logrado,49,30.8,62.9 %
2026,13,304,6,JEFATURA DE DESARROLLO BOTAS,3406,,ENTREGA DE MUESTRAS VS CALENDARIO ESTABLECIDO BOTAS,NA , , ,,0,,49,30.8,62.9 %
2026,13,304,5,JEFATURA DE DESARROLLO BOTAS,3405,,CUMPLIMIENTO DE ENTREGABLES <BR> EN LA ETAPA DE MUESTRAS A INGENIERIA DE COSTOS Y SISTEMAS,NA , , ,,0,,49,30.8,62.9 %
2026,13,308,8,JEFATURA DE MANTENIMIENTO,101 dh,,AUDITORIAS INTERNAS DE MANTENIMIENTO,NA , , ,,0,,85,75.6,88.9 %
2026,13,308,9,JEFATURA DE MANTENIMIENTO,102 s,5,"AUDITORIA DE 5'S EN EL ÁREA DE MANTENIMIENTO",71.3 % ,100 % ,71.3 % ,3.6,3,Resultado Logrado,85,75.6,88.9 %
2026,13,308,4,JEFATURA DE MANTENIMIENTO,3804,10,MANTENIMIENTO AUTÓNOMO,94.9 % ,100 % ,94.9 % ,9.5,3,Resultado Logrado,85,75.6,88.9 %
2026,13,308,11,JEFATURA DE MANTENIMIENTO,1005,,GPTW,NA , , ,,0,,85,75.6,88.9 %
2026,13,308,1,JEFATURA DE MANTENIMIENTO,3801,20,CUMPLIMIENTO  DEL PLAN DE <BR> MANTENIMIENTO PREVENTIVO VS CALENDARIO,97.2 % ,100 % ,97.2 % ,19.4,3,Resultado Logrado,85,75.6,88.9 %
2026,13,308,7,JEFATURA DE MANTENIMIENTO,3807,5,COMPARATIVO DEL GASTO REAL CONTRA LO PLANEADO,-17.1 % ,5 % ,100 % ,5,2,,85,75.6,88.9 %
2026,13,308,10,JEFATURA DE MANTENIMIENTO,103 d,5,ROTACIÓN DE PERSONAL DE ÁREAS OPERATIVAS,3.4 % ,3 % ,90 % ,4.5,3,3 %  -  100 %<BR>3.5 %  -  90 %<BR>4 %  -  80 %,85,75.6,88.9 %
2026,13,308,2,JEFATURA DE MANTENIMIENTO,3802,15,ADMINISTRAR EL MANTENIMIENTO CORRECTIVO,98.3 % ,100 % ,98.3 % ,14.8,3,Resultado Logrado,85,75.6,88.9 %
2026,13,308,6,JEFATURA DE MANTENIMIENTO,3806,5,CONTROLAR Y ADMINISTRAR INVENTARIOS DE REFACCIONES,0 items ,5 item ,100 % ,5,2,,85,75.6,88.9 %
2026,13,308,5,JEFATURA DE MANTENIMIENTO,3805,5,CONTROLAR Y ADMINISTRAR INVENTARIOS DE MAQUINARIA,0.3 maquinas ,0 maquinas ,0 % ,0,4,,85,75.6,88.9 %
2026,13,308,3,JEFATURA DE MANTENIMIENTO,3803,15,MANTENIMIENTO PREDICTIVO,91.7 % ,100 % ,91.7 % ,13.8,3,Resultado Logrado,85,75.6,88.9 %
2026,13,303,17,JEFATURA DE PRODUCCIÓN ACCESORIOS,3314,1.75,CUMPLIMIENTO DEL COSTO PRESUPUESTADO <BR> EN MATERIALES DIRECTOS E INDIRECTOS DE CHAMARRAS,100 % ,95 % ,100 % ,1.8,1,95 %  -  100 %<BR>94 %  -  80 %<BR>93 %  -  60 %,85,79.7,93.8 %
2026,13,303,22,JEFATURA DE PRODUCCIÓN ACCESORIOS,3318,1.75,PRESUPUESTO DE COSTO DE MANO DE OBRA DIRECTA EN BOLSAS,$ 320.82 ,$ 338.81 ,100 % ,1.8,2,,85,79.7,93.8 %
2026,13,303,18,JEFATURA DE PRODUCCIÓN ACCESORIOS,3315,1.25,EFECTIVIDAD EN ENTREGAS A PT CHAMARRAS ( ANTIGÜEDAD DE LOTES EN WIP ),95.2 % ,100 % ,95.2 % ,1.2,3,Resultado Logrado,85,79.7,93.8 %
2026,13,303,20,JEFATURA DE PRODUCCIÓN ACCESORIOS,3316,3.75,DÍAS DE WIP BOLSAS,6.4 dias ,7 dias ,100 % ,3.8,2,7 dias  -  100 %<BR>8 dias  -  80 %<BR>9 dias  -  60 %,85,79.7,93.8 %
2026,13,303,23,JEFATURA DE PRODUCCIÓN ACCESORIOS,3319,1.75,CUMPLIMIENTO DEL COSTO PRESUPUESTADO <BR> EN MATERIALES DIRECTOS E INDIRECTOS DE BOLSAS,100 % ,95 % ,100 % ,1.8,1,95 %  -  100 %<BR>94 %  -  80 %<BR>93 %  -  60 %,85,79.7,93.8 %
2026,13,303,28,JEFATURA DE PRODUCCIÓN ACCESORIOS,102 n,5,"AUDITORIA DE 5'S EN EL ÁREA DE ACCESORIOS",96.6 % ,100 % ,96.6 % ,4.8,3,Resultado Logrado,85,79.7,93.8 %
2026,13,303,27,JEFATURA DE PRODUCCIÓN ACCESORIOS,101 dc,,AUDITORIAS INTERNAS DE PRODUCCIÓN ACCESORIOS,NA , , ,,0,,85,79.7,93.8 %
2026,13,303,29,JEFATURA DE PRODUCCIÓN ACCESORIOS,103 c,5,ROTACIÓN DE PERSONAL DE ACCESORIOS,4.1 % ,3 % ,0 % ,0,4,3 %  -  100 %<BR>3.5 %  -  90 %<BR>4 %  -  80 %,85,79.7,93.8 %
2026,13,303,24,JEFATURA DE PRODUCCIÓN ACCESORIOS,3320,1.25,EFECTIVIDAD EN ENTREGAS A PT BOLSAS ( ANTIGÜEDAD DE LOTES EN WIP ),93.6 % ,100 % ,93.6 % ,1.2,3,Resultado Logrado,85,79.7,93.8 %
2026,13,303,26,JEFATURA DE PRODUCCIÓN ACCESORIOS,3322,7,BAJAS DE CALIDAD EN PRODUCCIÓN ( LINEAS DE ACCESORIOS ),0 % ,0.5 % ,100 % ,7,2,0.5 %  -  100 %<BR>1 %  -  80 %<BR>1.5 %  -  60 %,85,79.7,93.8 %
2026,13,303,25,JEFATURA DE PRODUCCIÓN ACCESORIOS,3321,5,REPROCESOS EN PLANTA ( LINEAS DE ACCESORIOS ),2.2 % ,5 % ,100 % ,5,2,5 %  -  100 %<BR>6.5 %  -  80 %<BR>8 %  -  60 %,85,79.7,93.8 %
2026,13,303,21,JEFATURA DE PRODUCCIÓN ACCESORIOS,3317,1.75,PRODUCTIVIDAD PIEZAS / HOMBRE  ( BOLSAS ),1.69 pzs/hom ,1.60 pzs/hom ,100 % ,1.8,1,,85,79.7,93.8 %
2026,13,303,19,JEFATURA DE PRODUCCIÓN ACCESORIOS,3005,5.5,PRODUCTIVIDAD DE BOLSAS,"10,496 pzs ","10,308 pzs ",101.8 % ,5.5,1,Mayor al 70 %,85,79.7,93.8 %
2026,13,303,16,JEFATURA DE PRODUCCIÓN ACCESORIOS,3313,1.75,PRESUPUESTO DE COSTO DE MANO DE OBRA DIRECTA EN CHAMARRAS,$ 460.59 ,$ 529.21 ,100 % ,1.8,2,,85,79.7,93.8 %
2026,13,303,2,JEFATURA DE PRODUCCIÓN ACCESORIOS,3301,3.75,DÍAS DE WIP CINTOS,5.6 dias ,7 dias ,100 % ,3.8,2,7 dias  -  100 %<BR>8 dias  -  80 %<BR>9 dias  -  60 %,85,79.7,93.8 %
2026,13,303,3,JEFATURA DE PRODUCCIÓN ACCESORIOS,3302,1.75,PRODUCTIVIDAD PIEZAS / HOMBRE  ( CINTOS ),9.92 pzs/hom ,92 pzs/hom ,100 % ,1.8,1,,85,79.7,93.8 %
2026,13,303,13,JEFATURA DE PRODUCCIÓN ACCESORIOS,3004,5.5,PRODUCTIVIDAD DE CHAMARRAS,"7,856 pzs ","7,451 pzs ",105.4 % ,5.5,1,Mayor al 70 %,85,79.7,93.8 %
2026,13,303,30,JEFATURA DE PRODUCCIÓN ACCESORIOS,1005,,GPTW,NA , , ,,0,,85,79.7,93.8 %
2026,13,303,4,JEFATURA DE PRODUCCIÓN ACCESORIOS,3303,1.75,PRESUPUESTO DE COSTO DE MANO DE OBRA DIRECTA EN CINTOS,$ 51.24 ,$ 51.11 ,80 % ,1.4,3,,85,79.7,93.8 %
2026,13,303,1,JEFATURA DE PRODUCCIÓN ACCESORIOS,3002,5.5,PRODUCTIVIDAD DE CINTOS,"43,777 pzs ","45,750 pzs ",95.7 % ,5.3,3,Mayor al 70 %,85,79.7,93.8 %
2026,13,303,7,JEFATURA DE PRODUCCIÓN ACCESORIOS,3003,5.5,PRODUCTIVIDAD DE BILLETERAS,"18,422 pzs ","18,490 pzs ",99.6 % ,5.5,3,Mayor al 70 %,85,79.7,93.8 %
2026,13,303,5,JEFATURA DE PRODUCCIÓN ACCESORIOS,3304,1.75,CUMPLIMIENTO DEL COSTO PRESUPUESTADO <BR> EN MATERIALES DIRECTOS E INDIRECTOS DE CINTOS,100 % ,95 % ,100 % ,1.8,1,95 %  -  100 %<BR>94 %  -  80 %<BR>93 %  -  60 %,85,79.7,93.8 %
2026,13,303,12,JEFATURA DE PRODUCCIÓN ACCESORIOS,3310,1.25,EFECTIVIDAD EN ENTREGAS A PT BILLETERAS ( ANTIGÜEDAD DE LOTES EN WIP ),89.7 % ,100 % ,89.7 % ,1.1,3,Resultado Logrado,85,79.7,93.8 %
2026,13,303,11,JEFATURA DE PRODUCCIÓN ACCESORIOS,3309,1.75,CUMPLIMIENTO DEL COSTO PRESUPUESTADO <BR> EN MATERIALES DIRECTOS E INDIRECTOS DE BILLETERAS,100 % ,95 % ,100 % ,1.8,1,95 %  -  100 %<BR>94 %  -  80 %<BR>93 %  -  60 %,85,79.7,93.8 %
2026,13,303,14,JEFATURA DE PRODUCCIÓN ACCESORIOS,3311,3.75,DÍAS DE WIP CHAMARRAS,6.3 dias ,7 dias ,100 % ,3.8,2,7 dias  -  100 %<BR>8 dias  -  80 %<BR>9 dias  -  60 %,85,79.7,93.8 %
2026,13,303,15,JEFATURA DE PRODUCCIÓN ACCESORIOS,3312,1.75,PRODUCTIVIDAD PIEZAS / HOMBRE  ( CHAMARRAS ),1.38 pzs/hom ,1.12 pzs/hom ,100 % ,1.8,1,,85,79.7,93.8 %
2026,13,303,10,JEFATURA DE PRODUCCIÓN ACCESORIOS,3308,1.75,PRESUPUESTO DE COSTO DE MANO DE OBRA DIRECTA EN BILLETERAS,$ 117.63 ,$ 124.01 ,100 % ,1.8,2,,85,79.7,93.8 %
2026,13,303,8,JEFATURA DE PRODUCCIÓN ACCESORIOS,3306,3.75,DÍAS DE WIP BILLETERAS,6.2 dias ,7 dias ,100 % ,3.8,2,7 dias  -  100 %<BR>8 dias  -  80 %<BR>9 dias  -  60 %,85,79.7,93.8 %
2026,13,303,6,JEFATURA DE PRODUCCIÓN ACCESORIOS,3305,1.25,EFECTIVIDAD EN ENTREGAS A PT CINTOS ( ANTIGÜEDAD DE LOTES EN WIP ),98 % ,100 % ,98 % ,1.2,3,Resultado Logrado,85,79.7,93.8 %
2026,13,303,9,JEFATURA DE PRODUCCIÓN ACCESORIOS,3307,1.75,PRODUCTIVIDAD PIEZAS / HOMBRE  ( BILLETERAS ),4.37 pzs/hom ,4.19 pzs/hom ,100 % ,1.8,1,,85,79.7,93.8 %
2026,13,307,7,JEFATURA DE INGENIERÍA DE COSTOS Y SISTEMA,102 r,5,"AUDITORIA DE 5'S EN EL ÁREA DE INGENIERÍA DE COSTOS Y SISTEMAS",90.2 % ,100 % ,90.2 % ,4.5,3,Resultado Logrado,75,68,90.7 %
2026,13,307,8,JEFATURA DE INGENIERÍA DE COSTOS Y SISTEMA,103 d,5,ROTACIÓN DE PERSONAL DE ÁREAS OPERATIVAS,3.4 % ,3 % ,90 % ,4.5,3,3 %  -  100 %<BR>3.5 %  -  90 %<BR>4 %  -  80 %,75,68,90.7 %
2026,13,307,6,JEFATURA DE INGENIERÍA DE COSTOS Y SISTEMA,101 dg,,AUDITORIAS INTERNAS DE INGENIERÍA DE COSTOS Y SISTEMA,NA , , ,,0,,75,68,90.7 %
2026,13,307,2,JEFATURA DE INGENIERÍA DE COSTOS Y SISTEMA,3702,20,VARIACIÓN ENTRE EL COSTO REAL DE MATERIALES INDIRECTOS VS PRESUPUESTADO,"$ 2,473,060 ","$ 2,937,151 ",100 % ,20,2,,75,68,90.7 %
2026,13,307,9,JEFATURA DE INGENIERÍA DE COSTOS Y SISTEMA,1005,,GPTW,NA , , ,,0,,75,68,90.7 %
2026,13,307,1,JEFATURA DE INGENIERÍA DE COSTOS Y SISTEMA,3701,25,VARIACIÓN ENTRE EL COSTO REAL DE MATERIALES DIRECTOS VS PRESUPUESTADO,"$ 36,619,902 ","$ 55,005,515 ",100 % ,25,2,,75,68,90.7 %
2026,13,307,3,JEFATURA DE INGENIERÍA DE COSTOS Y SISTEMA,3703,10,AFECTACIÓN DE EXISTENCIAS EN MATERIALES POR MODIFICACIÓN EN CONSTANTES <BR> ( INVENTARIOS SOBRANTES DERIVADOS DE LOS CAMBIOS ),"$ 59,249 ",$ 0.01 ,50 % ,5,3,,75,68,90.7 %
2026,13,307,5,JEFATURA DE INGENIERÍA DE COSTOS Y SISTEMA,3705,,CUMPLIMIENTO DEL CALENDARIO DE <BR> DEPURACIÓN DE CONTANTES Y HERRAMENTALES <BR> ( RESULTADO SEMESTRAL | JUNIO Y DICIEMBRE ),NA , , ,,0,,75,68,90.7 %
2026,13,307,4,JEFATURA DE INGENIERÍA DE COSTOS Y SISTEMA,3704,10,ENTREGA DE COSTEOS DE PRODUCTOS CUADRA,93.3 % ,100 % ,90 % ,9,3,100 %  -  100 %<BR>90 %  -  90 %<BR>80 %  -  80 %,75,68,90.7 %
2026,13,305,10,JEFATURA DE DESARROLLO ACCESORIOS,3510,8,PORCENTAJE DE REPROCESOS EN MUESTRAS Y LOTES PILOTO DE ACCESORIOS,74.2 % ,100 % ,74.2 % ,5.9,3,Resultado Logrado,58,51.4,88.6 %
2026,13,305,9,JEFATURA DE DESARROLLO ACCESORIOS,3509,4,CUMPLIMIENTO DE ENTREGA DE PRECOSTEO ACCESORIOS,88.3 % ,100 % ,88.3 % ,3.5,3,Resultado Logrado,58,51.4,88.6 %
2026,13,305,11,JEFATURA DE DESARROLLO ACCESORIOS,101 de,10,AUDITORIAS INTERNAS DE DESARROLLO ACCESORIOS,90.1 % ,85 % ,90.1 % ,9,3,Mayor al 85 %,58,51.4,88.6 %
2026,13,305,2,JEFATURA DE DESARROLLO ACCESORIOS,3502,9,CUMPLIMIENTO EN LA PRESENTACIÓN DE LOS AMEF VS CALENDARIO ESTABLECIDO,95.3 % ,100 % ,95.3 % ,8.6,3,Resultado Logrado,58,51.4,88.6 %
2026,13,305,1,JEFATURA DE DESARROLLO ACCESORIOS,3501,,ENTREGA DE PROTOTIPOS VS CALENDARIO ESTABLECIDO ACCESORIOS,NA , , ,,0,,58,51.4,88.6 %
2026,13,305,8,JEFATURA DE DESARROLLO ACCESORIOS,3508,4,"CUMPLIMIENTO DE LOS AVANCES PARA CUMPLIR CON LOS DÍAS DE WIP <BR> 7 DÍAS EN PROTOTIPOS, MUESTRAS, LOTES PILOTO DE ACCESORIOS",59.3 % ,100 % ,59.3 % ,2.4,3,Resultado Logrado,58,51.4,88.6 %
2026,13,305,12,JEFATURA DE DESARROLLO ACCESORIOS,102 n,5,"AUDITORIA DE 5'S EN EL ÁREA DE ACCESORIOS",96.6 % ,100 % ,96.6 % ,4.8,3,Resultado Logrado,58,51.4,88.6 %
2026,13,305,14,JEFATURA DE DESARROLLO ACCESORIOS,1005,,GPTW,NA , , ,,0,,58,51.4,88.6 %
2026,13,305,4,JEFATURA DE DESARROLLO ACCESORIOS,3504,9,CUMPLIMIENTO DE ANÁLISIS DE  VIABILIDAD Y FACTIBILIDAD,100 % ,100 % ,100 % ,9,1,Resultado Logrado,58,51.4,88.6 %
2026,13,305,13,JEFATURA DE DESARROLLO ACCESORIOS,103 d,5,ROTACIÓN DE PERSONAL DE ÁREAS OPERATIVAS,3.4 % ,3 % ,90 % ,4.5,3,3 %  -  100 %<BR>3.5 %  -  90 %<BR>4 %  -  80 %,58,51.4,88.6 %
2026,13,305,3,JEFATURA DE DESARROLLO ACCESORIOS,3503,,CUMPLIMIENTO EN EL CALENDARIO DE LIBERACIONES <BR> VS. CALENDARIO ESTABLECIDO ACCESORIOS ( SEMESTRAL ),NA , , ,,0,,58,51.4,88.6 %
2026,13,305,6,JEFATURA DE DESARROLLO ACCESORIOS,3506,,ENTREGA DE MUESTRAS VS CALENDARIO ESTABLECIDO ACCESORIOS,NA , , ,,0,,58,51.4,88.6 %
2026,13,305,5,JEFATURA DE DESARROLLO ACCESORIOS,3505,,CUMPLIMIENTO DE ENTREGABLES EN LA ETAPA DE <BR> MUESTRAS A INGENIERÍA DE COSTOS Y CONSUMOS ( SEMESTRAL ),NA , , ,,0,,58,51.4,88.6 %
2026,13,305,7,JEFATURA DE DESARROLLO ACCESORIOS,3507,4,EFECTIVIDAD EN EL PAQUETE TÉCNICO Y ENTREGABLES <BR> EN LA LIBERACIÓN DEL MODELO A PRODUCCIÓN,93.1 % ,100 % ,93.1 % ,3.7,3,Resultado Logrado,58,51.4,88.6 %
2026,13,401,7,JEFATURA DE CAPITAL HUMANO,103 f,5,ROTACIÓN DE PERSONAL ADMINISTRATIVO,1.6 % ,3 % ,100 % ,5,2,3 %  -  100 %<BR>3.5 %  -  90 %<BR>4 %  -  80 %,85,79.7,93.8 %
2026,13,401,8,JEFATURA DE CAPITAL HUMANO,1005,,GPTW,NA , , ,,0,,85,79.7,93.8 %
2026,13,401,2,JEFATURA DE CAPITAL HUMANO,4102,20,TOTAL DE CAPACITACIONES REALIZADAS VS CAPACITACIONES PLANEADAS,100 % ,90 % ,100 % ,20,1,Mayor al 90 %,85,79.7,93.8 %
2026,13,401,3,JEFATURA DE CAPITAL HUMANO,4103,15,CUMPLIMIENTO DE NORMATIVA LEGAL EN SEGURIDAD E HIGIENE,81.3 % ,80 % ,81.3 % ,12.2,3,Mayor al 80 %,85,79.7,93.8 %
2026,13,401,6,JEFATURA DE CAPITAL HUMANO,102 u,5,"AUDITORIA DE 5'S EN EL ÁREA DE CAPITAL HUMANO",90.6 % ,100 % ,90.6 % ,4.5,3,Resultado Logrado,85,79.7,93.8 %
2026,13,401,5,JEFATURA DE CAPITAL HUMANO,101 ea,,AUDITORIAS INTERNAS DE CAPITAL HUMANO,NA , , ,,0,,85,79.7,93.8 %
2026,13,401,1,JEFATURA DE CAPITAL HUMANO,4101,30,CUMPLIMIENTO DEL TIEMPO DE CONTRATACIÓN (= 15 DÍAS HÁBILES),11.6 días hab. ,15 días hab. ,100 % ,30,2,,85,79.7,93.8 %
2026,13,401,4,JEFATURA DE CAPITAL HUMANO,4104,10,AUDITORIAS DE 5´S EJECUTADAS VS PROGRAMADAS,90.6 % ,95 % ,80 % ,8,3,95 %  -  100 %<BR>90 %  -  80 %<BR>85 %  -  60 %,85,79.7,93.8 %
2026,13,402,4,JEFATURA DE GESTION DE CALIDAD,102 v,5,"AUDITORIA DE 5'S EN EL ÁREA DE GESTION DE CALIDAD",95.3 % ,100 % ,95.3 % ,4.8,3,Resultado Logrado,75,71.6,95.5 %
2026,13,402,1,JEFATURA DE GESTION DE CALIDAD,4201,40,CUMPLIMIENTO DE AUDITORIAS INTERNAS,95 % ,85 % ,95 % ,38,3,Mayor al 85 %,75,71.6,95.5 %
2026,13,402,6,JEFATURA DE GESTION DE CALIDAD,1005,,GPTW,NA , , ,,0,,75,71.6,95.5 %
2026,13,402,5,JEFATURA DE GESTION DE CALIDAD,103 f,5,ROTACIÓN DE PERSONAL ADMINISTRATIVO,1.6 % ,3 % ,100 % ,5,2,3 %  -  100 %<BR>3.5 %  -  90 %<BR>4 %  -  80 %,75,71.6,95.5 %
2026,13,402,3,JEFATURA DE GESTION DE CALIDAD,101 eb,,AUDITORIAS INTERNAS DE SISTEMAS DE GESTIÓN,NA , , ,,0,,75,71.6,95.5 %
2026,13,402,2,JEFATURA DE GESTION DE CALIDAD,4202,25,INDICE DE PROCESOS DOCUMENTADOS VS PROCESOS PLANEADOS,95 % ,85 % ,95 % ,23.8,3,Mayor al 85 %,75,71.6,95.5 %
2026,13,306,1,JEFATURA DE INGENIERÍA DE PROCESOS,3601,,CUMPLIMIENTO DEL PROGRAMA DE <BR> PROYECTOS DE MEJORA CONTINUA ( RESULTADO TRIMESTRAL ),NA , , ,,0,,75,71.4,95.2 %
2026,13,306,13,JEFATURA DE INGENIERÍA DE PROCESOS,102 q,5,"AUDITORIA DE 5'S EN EL ÁREA DE INGENIERÍA DE PROCESOS",98.6 % ,100 % ,98.6 % ,4.9,3,Resultado Logrado,75,71.4,95.2 %
2026,13,306,12,JEFATURA DE INGENIERÍA DE PROCESOS,101 df,,AUDITORIAS INTERNAS DE INGENIERÍA DE PROCESOS,NA , , ,,0,,75,71.4,95.2 %
2026,13,306,6,JEFATURA DE INGENIERÍA DE PROCESOS,3318,10,PRESUPUESTO DE COSTO DE MANO DE OBRA DIRECTA EN BOLSAS,$ 320.82 ,$ 338.81 ,100 % ,10,2,,75,71.4,95.2 %
2026,13,306,7,JEFATURA DE INGENIERÍA DE PROCESOS,3101,5,PRODUCTIVIDAD PARES / HOMBRE ( BOTAS ),3.70 prs/hom ,3.50 prs/hom ,100 % ,5,1,,75,71.4,95.2 %
2026,13,306,3,JEFATURA DE INGENIERÍA DE PROCESOS,3303,5,PRESUPUESTO DE COSTO DE MANO DE OBRA DIRECTA EN CINTOS,$ 51.24 ,$ 51.11 ,80 % ,4,3,,75,71.4,95.2 %
2026,13,306,8,JEFATURA DE INGENIERÍA DE PROCESOS,3302,5,PRODUCTIVIDAD PIEZAS / HOMBRE  ( CINTOS ),9.92 pzs/hom ,92 pzs/hom ,100 % ,5,1,,75,71.4,95.2 %
2026,13,306,2,JEFATURA DE INGENIERÍA DE PROCESOS,3102,10,PRESUPUESTO DE COSTO DE MANO DE OBRA DIRECTA DE BOTAS,$ 247.52 ,$ 239.01 ,80 % ,8,3,,75,71.4,95.2 %
2026,13,306,9,JEFATURA DE INGENIERÍA DE PROCESOS,3307,5,PRODUCTIVIDAD PIEZAS / HOMBRE  ( BILLETERAS ),4.37 pzs/hom ,4.19 pzs/hom ,100 % ,5,1,,75,71.4,95.2 %
2026,13,306,11,JEFATURA DE INGENIERÍA DE PROCESOS,3317,5,PRODUCTIVIDAD PIEZAS / HOMBRE  ( BOLSAS ),1.69 pzs/hom ,1.60 pzs/hom ,100 % ,5,1,,75,71.4,95.2 %
2026,13,306,14,JEFATURA DE INGENIERÍA DE PROCESOS,103 d,5,ROTACIÓN DE PERSONAL DE ÁREAS OPERATIVAS,3.4 % ,3 % ,90 % ,4.5,3,3 %  -  100 %<BR>3.5 %  -  90 %<BR>4 %  -  80 %,75,71.4,95.2 %
2026,13,306,10,JEFATURA DE INGENIERÍA DE PROCESOS,3312,5,PRODUCTIVIDAD PIEZAS / HOMBRE  ( CHAMARRAS ),1.38 pzs/hom ,1.12 pzs/hom ,100 % ,5,1,,75,71.4,95.2 %
2026,13,306,5,JEFATURA DE INGENIERÍA DE PROCESOS,3313,10,PRESUPUESTO DE COSTO DE MANO DE OBRA DIRECTA EN CHAMARRAS,$ 460.59 ,$ 529.21 ,100 % ,10,2,,75,71.4,95.2 %
2026,13,306,4,JEFATURA DE INGENIERÍA DE PROCESOS,3308,5,PRESUPUESTO DE COSTO DE MANO DE OBRA DIRECTA EN BILLETERAS,$ 117.63 ,$ 124.01 ,100 % ,5,2,,75,71.4,95.2 %
2026,13,306,15,JEFATURA DE INGENIERÍA DE PROCESOS,1005,,GPTW,NA , , ,,0,,75,71.4,95.2 %
2026,13,103,8,JEFATURA DE PPCP,102 h,5,"AUDITORIA DE 5'S EN EL ÁREA DE PPCP",99.6 % ,100 % ,99.6 % ,5,3,Resultado Logrado,95,82.8,87.2 %
2026,13,103,5,JEFATURA DE PPCP,1305,10,ADMINISTRACIÓN DE LA DEMANDA DE BOLSAS,7 semanas ,12 semanas ,58.3 % ,5.8,3,Resultado Logrado,95,82.8,87.2 %
2026,13,103,9,JEFATURA DE PPCP,103 f,5,ROTACIÓN DE PERSONAL ADMINISTRATIVO,1.6 % ,3 % ,100 % ,5,2,3 %  -  100 %<BR>3.5 %  -  90 %<BR>4 %  -  80 %,95,82.8,87.2 %
2026,13,103,1,JEFATURA DE PPCP,1301,25,ADMINISTRACIÓN DE LA DEMANDA DE BOTAS,11 semanas ,12 semanas ,91.7 % ,22.9,3,Resultado Logrado,95,82.8,87.2 %
2026,13,103,10,JEFATURA DE PPCP,1005,,GPTW,NA , , ,,0,,95,82.8,87.2 %
2026,13,103,2,JEFATURA DE PPCP,1302,10,ADMINISTRACIÓN DE LA DEMANDA DE CINTOS,9 semanas ,12 semanas ,75 % ,7.5,3,Resultado Logrado,95,82.8,87.2 %
2026,13,103,6,JEFATURA DE PPCP,1306,10,EFECTIVIDAD DE ÍTEMS NEGROS / AMARILLOS VS NECESIDAD EN PREMONTADO <BR> ( ÍTEMS SIN EXISTENCIA O PARCIALIDADES DE AVÍO QUE CONTROLA PPCP ),0.3 items ,1 item ,100 % ,10,2,,95,82.8,87.2 %
2026,13,103,7,JEFATURA DE PPCP,1307,10,CUMPLIMIENTO DEL PRESUPUESTO EN AVÍOS <BR> ( MATERIALES GESTIONADOS POR PPCP ),"$ 2,217,317 ","$ 2,773,348 ",80 % ,10,2,Menor al 110 %,95,82.8,87.2 %
2026,13,103,4,JEFATURA DE PPCP,1304,10,ADMINISTRACIÓN DE LA DEMANDA DE CHAMARRAS,10 semanas ,12 semanas ,83.3 % ,8.3,3,Resultado Logrado,95,82.8,87.2 %
2026,13,103,3,JEFATURA DE PPCP,1303,10,ADMINISTRACIÓN DE LA DEMANDA DE BILLETERAS,10 semanas ,12 semanas ,83.3 % ,8.3,3,Resultado Logrado,95,82.8,87.2 %
2026,13,309,8,JEFATURA DE MAQUILAS,102 t,5,"AUDITORIA DE 5'S EN EL ÁREA DE MAQUILAS",97.6 % ,100 % ,97.6 % ,4.9,3,Resultado Logrado,95,69.4,73.1 %
2026,13,309,7,JEFATURA DE MAQUILAS,101 di,10,AUDITORIAS INTERNAS DE MAQUILAS,76.8 % ,85 % ,76.8 % ,0,5,Mayor al 85 %,95,69.4,73.1 %
2026,13,309,10,JEFATURA DE MAQUILAS,1005,,GPTW,NA , , ,,0,,95,69.4,73.1 %
2026,13,309,1,JEFATURA DE MAQUILAS,3901,20,CUMPLIMIENTO DE FECHAS DE ENTREGA DE BETA 7 <BR> VS FECHAS ESTABLECIDAS DE ENTREGA <BR> ( MÁXIMO 17 DÍAS HÁBILES A PARTIR DE LA FECHA DE PROGRAMACIÓN ),92.5 % ,95 % ,90 % ,18,3,95 %  -  100 %<BR>90 %  -  90 %<BR>85 %  -  80 %,95,69.4,73.1 %
2026,13,309,6,JEFATURA DE MAQUILAS,3906,5,EFICIENCIA EN LA ACTUALIZACIÓN DE COSTOS PARA MAQUILAS <BR> ( LOS COSTOS EN SISTEMA Y LOS DOCUMENTOS DE LA CARPETA DE ANEXOS  DEBEN<BR> SER ACTUALIZADOS EN MÁXIMO EN UNA SEMANA HÁBIL SIGUIENTE A SU RECEPCIÓN ),100 % ,100 % ,100 % ,5,1,,95,69.4,73.1 %
2026,13,309,9,JEFATURA DE MAQUILAS,103 d,5,ROTACIÓN DE PERSONAL DE ÁREAS OPERATIVAS,3.4 % ,3 % ,90 % ,4.5,3,3 %  -  100 %<BR>3.5 %  -  90 %<BR>4 %  -  80 %,95,69.4,73.1 %
2026,13,309,2,JEFATURA DE MAQUILAS,3902,15,CUMPLIMIENTO DE FECHAS DE ENTREGA DE MAQUILA EXTERNA DE CINTOS <BR> VS FECHAS ESTABLECIDAS DE ENTREGA <BR> ( MÁXIMO 13 DÍAS HÁBILES A PARTIR DE LA FECHA DE PROGRAMACIÓN ),93.3 % ,95 % ,90 % ,13.5,3,95 %  -  100 %<BR>90 %  -  90 %<BR>85 %  -  80 %,95,69.4,73.1 %
2026,13,309,5,JEFATURA DE MAQUILAS,3905,10,CUMPLIMIENTO EN EL REGRESOS DE MATERIALES  SOBRANTES AL ALMACÉN DE PIELES <BR> PARA PROGRAMAS DE MAQUILA EXTERNA DE CINTOS  <BR> ( REGRESOS EN UN MÁXIMO DE 21 DÍAS NATURALES DESPUÉS DE SU PROGRAMACIÓN ),83.3 % ,100 % ,0 % ,0,5,,95,69.4,73.1 %
2026,13,309,4,JEFATURA DE MAQUILAS,3904,10,CUMPLIMIENTO EN EL REGRESOS DE MATERIALES SOBRANTES  AL ALMACÉN DE PIELES  <BR>  PARA PROGRAMAS DE BETA 7 <BR> ( REGRESOS EN UN MÁXIMO DE 28 DÍAS NATURALES DESPUÉS DE SU PROGRAMACIÓN ),100 % ,100 % ,100 % ,10,1,,95,69.4,73.1 %
2026,13,309,3,JEFATURA DE MAQUILAS,3903,15,EFICIENCIA EN TIEMPO DE ENTREGA DE LOS PROVEEDORES DE AVÍOS <BR> ( CFI MÁXIMO 7 DÍAS HÁBILES Y MORAN MÁXIMO 8 DÍAS HÁBILES ),93.3 % ,95 % ,90 % ,13.5,3,95 %  -  100 %<BR>90 %  -  90 %<BR>85 %  -  80 %,95,69.4,73.1 %
2026,13,301,3,JEFATURA DE PRODUCCIÓN BOTAS I,3101,7,PRODUCTIVIDAD PARES / HOMBRE ( BOTAS ),3.70 prs/hom ,3.50 prs/hom ,100 % ,7,1,,70,62,88.6 %
2026,13,301,4,JEFATURA DE PRODUCCIÓN BOTAS I,3102,7,PRESUPUESTO DE COSTO DE MANO DE OBRA DIRECTA DE BOTAS,$ 247.52 ,$ 239.01 ,80 % ,5.6,3,,70,62,88.6 %
2026,13,301,12,JEFATURA DE PRODUCCIÓN BOTAS I,1005,,GPTW,NA , , ,,0,,70,62,88.6 %
2026,13,301,1,JEFATURA DE PRODUCCIÓN BOTAS I,3001,22,PRODUCTIVIDAD DE BOTAS,"67,755 prs ","67,200 prs ",100.8 % ,22,1,Mayor al 70 %,70,62,88.6 %
2026,13,301,5,JEFATURA DE PRODUCCIÓN BOTAS I,3103,7,CUMPLIMIENTO DEL COSTO PRESUPUESTADO <BR> DE MATERIALES DIRECTOS E INDIRECTOS,100 % ,95 % ,100 % ,7,1,95 %  -  100 %<BR>94 %  -  80 %<BR>93 %  -  60 %,70,62,88.6 %
2026,13,301,10,JEFATURA DE PRODUCCIÓN BOTAS I,102 l,5,"AUDITORIA DE 5'S EN EL ÁREA DE BOTAS I",85.1 % ,100 % ,85.1 % ,4.3,3,Resultado Logrado,70,62,88.6 %
2026,13,301,9,JEFATURA DE PRODUCCIÓN BOTAS I,101 da,,AUDITORIAS INTERNAS DE PRODUCCIÓN BOTAS I,NA , , ,,0,,70,62,88.6 %
2026,13,301,11,JEFATURA DE PRODUCCIÓN BOTAS I,103 b,5,ROTACIÓN DE PERSONAL DE BOTAS,4.5 % ,3 % ,0 % ,0,4,3 %  -  100 %<BR>3.5 %  -  90 %<BR>4 %  -  80 %,70,62,88.6 %
2026,13,301,6,JEFATURA DE PRODUCCIÓN BOTAS I,3104,5,EFECTIVIDAD EN ENTREGAS A PT ( ANTIGÜEDAD DE LOTES EN WIP ),81.7 % ,100 % ,81.7 % ,4.1,3,Resultado Logrado,70,62,88.6 %
2026,13,301,8,JEFATURA DE PRODUCCIÓN BOTAS I,3106,7,BAJAS DE CALIDAD EN PRODUCCIÓN ( LINEA DE BOTAS ),0 % ,0.5 % ,100 % ,7,2,0.5 %  -  100 %<BR>1 %  -  80 %<BR>1.5 %  -  60 %,70,62,88.6 %
2026,13,301,7,JEFATURA DE PRODUCCIÓN BOTAS I,3105,5,REPROCESOS EN PLANTA ( LINEA DE BOTAS ),3.9 % ,5 % ,100 % ,5,2,5 %  -  100 %<BR>6.5 %  -  80 %<BR>8 %  -  60 %,70,62,88.6 %
2026,13,302,7,JEFATURA DE PRODUCCIÓN BOTAS II,3105,5,REPROCESOS EN PLANTA ( LINEA DE BOTAS ),3.9 % ,5 % ,100 % ,5,2,5 %  -  100 %<BR>6.5 %  -  80 %<BR>8 %  -  60 %,70,62.1,88.7 %
2026,13,302,11,JEFATURA DE PRODUCCIÓN BOTAS II,103 b,5,ROTACIÓN DE PERSONAL DE BOTAS,4.5 % ,3 % ,0 % ,0,4,3 %  -  100 %<BR>3.5 %  -  90 %<BR>4 %  -  80 %,70,62.1,88.7 %
2026,13,302,8,JEFATURA DE PRODUCCIÓN BOTAS II,3106,7,BAJAS DE CALIDAD EN PRODUCCIÓN ( LINEA DE BOTAS ),0 % ,0.5 % ,100 % ,7,2,0.5 %  -  100 %<BR>1 %  -  80 %<BR>1.5 %  -  60 %,70,62.1,88.7 %
2026,13,302,6,JEFATURA DE PRODUCCIÓN BOTAS II,3104,5,EFECTIVIDAD EN ENTREGAS A PT ( ANTIGÜEDAD DE LOTES EN WIP ),81.7 % ,100 % ,81.7 % ,4.1,3,Resultado Logrado,70,62.1,88.7 %
2026,13,302,9,JEFATURA DE PRODUCCIÓN BOTAS II,101 db,,AUDITORIAS INTERNAS DE PRODUCCIÓN BOTAS II,NA , , ,,0,,70,62.1,88.7 %
2026,13,302,10,JEFATURA DE PRODUCCIÓN BOTAS II,102 m,5,"AUDITORIA DE 5'S EN EL ÁREA DE BOTAS II",87.3 % ,100 % ,87.3 % ,4.4,3,Resultado Logrado,70,62.1,88.7 %
2026,13,302,5,JEFATURA DE PRODUCCIÓN BOTAS II,3103,7,CUMPLIMIENTO DEL COSTO PRESUPUESTADO <BR> DE MATERIALES DIRECTOS E INDIRECTOS,100 % ,95 % ,100 % ,7,1,95 %  -  100 %<BR>94 %  -  80 %<BR>93 %  -  60 %,70,62.1,88.7 %
2026,13,302,1,JEFATURA DE PRODUCCIÓN BOTAS II,3001,22,PRODUCTIVIDAD DE BOTAS,"67,755 prs ","67,200 prs ",100.8 % ,22,1,Mayor al 70 %,70,62.1,88.7 %
2026,13,302,12,JEFATURA DE PRODUCCIÓN BOTAS II,1005,,GPTW,NA , , ,,0,,70,62.1,88.7 %
2026,13,302,3,JEFATURA DE PRODUCCIÓN BOTAS II,3101,7,PRODUCTIVIDAD PARES / HOMBRE ( BOTAS ),3.70 prs/hom ,3.50 prs/hom ,100 % ,7,1,,70,62.1,88.7 %
2026,13,302,4,JEFATURA DE PRODUCCIÓN BOTAS II,3102,7,PRESUPUESTO DE COSTO DE MANO DE OBRA DIRECTA DE BOTAS,$ 247.52 ,$ 239.01 ,80 % ,5.6,3,,70,62.1,88.7 %
2026,14,100,1,DIRECCIÓN MBC,1001,10,VENTAS NETAS,"$ 473,561,167 ","$ 435,490,151 ",108.7 % ,10,1,Mayor al 70 %,70,56.3,80.4 %
2026,14,100,2,DIRECCIÓN MBC,1002,36,UTILIDADES DE OPERACIÓN,"$ 138,153,676 ","$ 116,691,153 ",118.4 % ,36,1,Mayor al 70 %,70,56.3,80.4 %
2026,14,100,8,DIRECCIÓN MBC,1008,,TALEN REVIEW JEFATURAS ( INICIO DE PLAN ),NA , , ,,0,,70,56.3,80.4 %
2026,14,100,4,DIRECCIÓN MBC,1004,10,FLUJO DE EFECTIVO,62.2 % ,80 % ,62.2 % ,0,5,Mayor al 80 %,70,56.3,80.4 %
2026,14,100,9,DIRECCIÓN MBC,1009,6,VENTAS DEPARTAMENTALES,"$ 8,162,554 ","$ 8,437,620 ",96.7 % ,5.8,3,Mayor al  %,70,56.3,80.4 %
2026,14,100,12,DIRECCIÓN MBC,1012,,DYNAMICS ( ERP MBC ),NA , , ,,0,,70,56.3,80.4 %
2026,14,100,10,DIRECCIÓN MBC,1010,3,INVERSIONES ( EFICIENCIA OPERATIVA TESEO ),50.9 % ,75 % ,50.9 % ,0,5,Mayor al 75 %,70,56.3,80.4 %
2026,14,100,5,DIRECCIÓN MBC,1005,,GPTW,NA , , ,,0,,70,56.3,80.4 %
2026,14,100,3,DIRECCIÓN MBC,1003,,UTILIDADES DE OPERACIÓN CORPORATIVA,NA , , ,,0,,70,56.3,80.4 %
2026,14,100,6,DIRECCIÓN MBC,1006,,SUSSESION PLAN ( PLAN DE SUCESIÓN PARA GERENTES ),NA , , ,,0,,70,56.3,80.4 %
2026,14,100,11,DIRECCIÓN MBC,1011,5,PROCESOS ( MAPEO DE PROCESOS ),90.7 % ,80 % ,90.7 % ,4.5,3,Mayor al 80 %,70,56.3,80.4 %
2026,14,100,7,DIRECCIÓN MBC,1007,,TALEN REVIEW GERENCIAS ( PLAN DE DESARROLLO  ),NA , , ,,0,,70,56.3,80.4 %
2026,14,200,15,GERENCIA ADMINISTRATIVA,102 b,8,"AUDITORIAS DE 5'S EN LAS ÁREAS DE ADMINISTRACION",94.9 % ,95 % ,90 % ,7.2,3,95 %  -  100 %<BR>90 %  -  90 %<BR>85 %  -  80 %,67,56.9,84.9 %
2026,14,200,3,GERENCIA ADMINISTRATIVA,1004,8,FLUJO DE EFECTIVO,62.2 % ,80 % ,62.2 % ,0,5,Mayor al 80 %,67,56.9,84.9 %
2026,14,200,16,GERENCIA ADMINISTRATIVA,103 f,3,ROTACIÓN DE PERSONAL ADMINISTRATIVO,2.9 % ,3 % ,100 % ,3,2,3 %  -  100 %<BR>3.5 %  -  90 %<BR>4 %  -  80 %,67,56.9,84.9 %
2026,14,200,11,GERENCIA ADMINISTRATIVA,1008,,TALEN REVIEW JEFATURAS ( INICIO DE PLAN ),NA , , ,,0,,67,56.9,84.9 %
2026,14,200,8,GERENCIA ADMINISTRATIVA,2005,4,CUENTAS POR PAGAR,35.7 dias ,40 dias ,89.3 % ,4,2,Menor al 130 %,67,56.9,84.9 %
2026,14,200,7,GERENCIA ADMINISTRATIVA,2004,4,CUENTAS POR COBRAR,61.3 dias ,60 dias ,102.2 % ,3.9,3,Menor al 130 %,67,56.9,84.9 %
2026,14,200,14,GERENCIA ADMINISTRATIVA,101 c,,AUDITORIAS INTERNAS ADMINISTRATIVAS,NA , , ,,0,,67,56.9,84.9 %
2026,14,200,5,GERENCIA ADMINISTRATIVA,2002,8,GASTOS DE CENTRO DE SERVICIOS,"$ 4,247,624 ","$ 4,354,902 ",97.5 % ,8,2,Menor al 130 %,67,56.9,84.9 %
2026,14,200,13,GERENCIA ADMINISTRATIVA,1012,,DYNAMICS ( ERP MBC ),NA , , ,,0,,67,56.9,84.9 %
2026,14,200,9,GERENCIA ADMINISTRATIVA,1006,,SUSSESION PLAN ( PLAN DE SUCESIÓN PARA GERENTES ),NA , , ,,0,,67,56.9,84.9 %
2026,14,200,1,GERENCIA ADMINISTRATIVA,1001,5,VENTAS NETAS,"$ 473,561,167 ","$ 435,490,151 ",108.7 % ,5,1,Mayor al 70 %,67,56.9,84.9 %
2026,14,200,10,GERENCIA ADMINISTRATIVA,1007,,TALEN REVIEW GERENCIAS ( PLAN DE DESARROLLO  ),NA , , ,,0,,67,56.9,84.9 %
2026,14,200,6,GERENCIA ADMINISTRATIVA,2003,5,GASTOS DE VENTA  ( GASTOS FIJOS QUE NO DEPENDEN DE LA VENTA ),"$ 8,413,077 ","$ 7,272,686 ",115.7 % ,4.2,3,Menor al 130 %,67,56.9,84.9 %
2026,14,200,4,GERENCIA ADMINISTRATIVA,2001,8,GASTOS DE ADMINISTRACIÓN,"$ 9,744,226 ","$ 10,428,692 ",93.4 % ,8,2,Menor al 130 %,67,56.9,84.9 %
2026,14,200,2,GERENCIA ADMINISTRATIVA,1002,10,UTILIDADES DE OPERACIÓN,"$ 138,153,676 ","$ 116,691,153 ",118.4 % ,10,1,Mayor al 70 %,67,56.9,84.9 %
2026,14,200,12,GERENCIA ADMINISTRATIVA,1011,4,PROCESOS ( MAPEO DE PROCESOS ),90.7 % ,80 % ,90.7 % ,3.6,3,Mayor al 80 %,67,56.9,84.9 %
2026,14,200,17,GERENCIA ADMINISTRATIVA,1005,,GPTW,NA , , ,,0,,67,56.9,84.9 %
2026,14,1,16,MBC,103 a,3,ROTACIÓN DE PERSONAL MBC,4.5 % ,3 % ,0 % ,0,4,3 %  -  100 %<BR>3.5 %  -  90 %<BR>4 %  -  80 %,75,62.2,82.9 %
2026,14,1,15,MBC,102 a,3,"AUDITORIAS DE 5'S ( MBC )",92.4 % ,95 % ,90 % ,2.7,3,95 %  -  100 %<BR>90 %  -  90 %<BR>85 %  -  80 %,75,62.2,82.9 %
2026,14,1,17,MBC,1005,,GPTW,NA , , ,,0,,75,62.2,82.9 %
2026,14,1,14,MBC,101,5,AUDITORIAS INTERNAS ( MBC ),63.2 % ,85 % ,63.2 % ,0,5,Mayor al 85 %,75,62.2,82.9 %
2026,14,1,7,MBC,105,4,ENTREGAS A TIEMPO  |  TIENDAS CUADRA & CORRAL,92 | 93.4 ,95 % ,80 | 80 ,3.2,3,95 %  -  100 %<BR>90 %  -  80 %<BR>85 %  -  60 %,75,62.2,82.9 %
2026,14,1,4,MBC,104,3,DÍAS DE WIP  |  BOTAS & ACCESORIOS,12.2 | 6 ,12 | 7 ,80 | 100 ,2.7,3,12 | 7  -  100 %<BR>13 | 8  -  80 %<BR>14 | 9  -  60 %,75,62.2,82.9 %
2026,14,1,10,MBC,3009,3,BAJAS DE CALIDAD ( DEVOLUCIONES MAS BAJAS ),2.5 % ,0.5 % ,0 % ,0,4,0.5 %  -  100 %<BR>1 %  -  85 %<BR>1.5 %  -  70 %,75,62.2,82.9 %
2026,14,1,13,MBC,1011,4,PROCESOS ( MAPEO DE PROCESOS ),90.7 % ,80 % ,90.7 % ,3.6,3,Mayor al 80 %,75,62.2,82.9 %
2026,14,1,1,MBC,1001,10,VENTAS NETAS,"$ 473,561,167 ","$ 435,490,151 ",108.7 % ,10,1,Mayor al 70 %,75,62.2,82.9 %
2026,14,1,2,MBC,1002,40,UTILIDADES DE OPERACIÓN,"$ 138,153,676 ","$ 116,691,153 ",118.4 % ,40,1,Mayor al 70 %,75,62.2,82.9 %
2026,14,1,12,MBC,1007,,TALEN REVIEW GERENCIAS ( PLAN DE DESARROLLO  ),NA , , ,,0,,75,62.2,82.9 %
2026,14,1,3,MBC,1003,,UTILIDADES DE OPERACIÓN CORPORATIVA,NA , , ,,0,,75,62.2,82.9 %
2026,14,1,11,MBC,1006,,SUSSESION PLAN ( PLAN DE SUCESIÓN PARA GERENTES ),NA , , ,,0,,75,62.2,82.9 %
2026,14,300,8,GERENCIA OPERATIVA,3006,6,DÍAS DE WIP  |  BOTAS Y ACCESORIOS,12.2 | 6 ,12 | 7 ,80 | 100 ,5.4,3,12 | 7  -  100 %<BR>13 | 8  -  80 %<BR>14 | 9  -  60 %,77,54,70.1 %
2026,14,300,10,GERENCIA OPERATIVA,3008,4,ENTREGAS A TIEMPO  |  TIENDAS CUADRA Y CORRAL,92 | 93.4 ,95 % ,80 | 80 ,3.2,3,95 %  -  100 %<BR>90 %  -  80 %<BR>85 %  -  60 %,77,54,70.1 %
2026,14,300,4,GERENCIA OPERATIVA,3002,4,PRODUCTIVIDAD DE CINTOS,"51,178 pzs ","52,520 pzs ",97.4 % ,3.9,3,Mayor al 70 %,77,54,70.1 %
2026,14,300,21,GERENCIA OPERATIVA,1005,,GPTW,NA , , ,,0,,77,54,70.1 %
2026,14,300,16,GERENCIA OPERATIVA,1011,4,PROCESOS ( MAPEO DE PROCESOS ),90.7 % ,80 % ,90.7 % ,3.6,3,Mayor al 80 %,77,54,70.1 %
2026,14,300,14,GERENCIA OPERATIVA,1008,,TALEN REVIEW JEFATURAS ( INICIO DE PLAN ),NA , , ,,0,,77,54,70.1 %
2026,14,300,15,GERENCIA OPERATIVA,1010,5,INVERSIONES ( EFICIENCIA OPERATIVA TESEO ),50.9 % ,75 % ,50.9 % ,0,5,Mayor al 75 %,77,54,70.1 %
2026,14,300,13,GERENCIA OPERATIVA,1007,,TALEN REVIEW GERENCIAS ( PLAN DE DESARROLLO  ),NA , , ,,0,,77,54,70.1 %
2026,14,300,2,GERENCIA OPERATIVA,1002,5,UTILIDADES DE OPERACIÓN,"$ 138,153,676 ","$ 116,691,153 ",118.4 % ,5,1,Mayor al 70 %,77,54,70.1 %
2026,14,300,17,GERENCIA OPERATIVA,1012,,DYNAMICS ( ERP MBC ),NA , , ,,0,,77,54,70.1 %
2026,14,300,11,GERENCIA OPERATIVA,3009,4,BAJAS DE CALIDAD ( DEVOLUCIONES MAS BAJAS ),2.5 % ,0.5 % ,0 % ,0,4,0.5 %  -  100 %<BR>1 %  -  85 %<BR>1.5 %  -  70 %,77,54,70.1 %
2026,14,300,12,GERENCIA OPERATIVA,1006,,SUSSESION PLAN ( PLAN DE SUCESIÓN PARA GERENTES ),NA , , ,,0,,77,54,70.1 %
2026,14,300,1,GERENCIA OPERATIVA,1001,5,VENTAS NETAS,"$ 473,561,167 ","$ 435,490,151 ",108.7 % ,5,1,Mayor al 70 %,77,54,70.1 %
2026,14,300,19,GERENCIA OPERATIVA,102 c,5,"AUDITORIAS DE 5'S EN LAS ÁREAS DE OPERACIONES",91.8 % ,95 % ,90 % ,4.5,3,95 %  -  100 %<BR>90 %  -  90 %<BR>85 %  -  80 %,77,54,70.1 %
2026,14,300,9,GERENCIA OPERATIVA,3007,7,COSTO DE VENTA,63.1 % ,65 % ,97.1 % ,7,2,Menor al 130 %,77,54,70.1 %
2026,14,300,20,GERENCIA OPERATIVA,103 e,4,ROTACIÓN DE PERSONAL OPERACIONES,4.6 % ,3 % ,0 % ,0,4,3 %  -  100 %<BR>3.5 %  -  90 %<BR>4 %  -  80 %,77,54,70.1 %
2026,14,300,3,GERENCIA OPERATIVA,3001,7,PRODUCTIVIDAD DE BOTAS,"68,359 prs ","72,480 prs ",94.3 % ,6.6,3,Mayor al 70 %,77,54,70.1 %
2026,14,300,18,GERENCIA OPERATIVA,101 d,7,AUDITORIAS INTERNAS OPERATIVAS,50.6 % ,85 % ,50.6 % ,0,5,Mayor al 85 %,77,54,70.1 %
2026,14,300,7,GERENCIA OPERATIVA,3005,3,PRODUCTIVIDAD DE BOLSAS,"11,589 pzs ","12,168 pzs ",95.2 % ,2.9,3,Mayor al 70 %,77,54,70.1 %
2026,14,300,5,GERENCIA OPERATIVA,3003,3,PRODUCTIVIDAD DE BILLETERAS,"21,610 pzs ","21,770 pzs ",99.3 % ,3,3,Mayor al 70 %,77,54,70.1 %
2026,14,300,6,GERENCIA OPERATIVA,3004,4,PRODUCTIVIDAD DE CHAMARRAS,"8,528 pzs ","8,671 pzs ",98.4 % ,3.9,3,Mayor al 70 %,77,54,70.1 %
2026,14,104,3,JEFATURA DE LOGÍSTICA,1402,10,ROTACIÓN INVENTARIO MTS,1.4 vueltas ,2.5 vueltas ,54 % ,5.4,3,Resultado Logrado,71,42.2,59.4 %
2026,14,104,4,JEFATURA DE LOGÍSTICA,1403,8,DÍAS DE PISO NACIONAL,59.0 dias ,35 dias ,0 % ,0,4,35 dias  -  100 %<BR>37.5 dias  -  80 %<BR>40 dias  -  60 %,71,42.2,59.4 %
2026,14,104,2,JEFATURA DE LOGÍSTICA,1401,8,VENTAS POR LÍNEA,95.9 % ,80 % ,95.9 % ,7.7,3,Mayor al 80 %,71,42.2,59.4 %
2026,14,104,11,JEFATURA DE LOGÍSTICA,103 d,5,ROTACIÓN DE PERSONAL DE ÁREAS OPERATIVAS,4.3 % ,3 % ,0 % ,0,4,3 %  -  100 %<BR>3.5 %  -  90 %<BR>4 %  -  80 %,71,42.2,59.4 %
2026,14,104,1,JEFATURA DE LOGÍSTICA,1001,25,VENTAS NETAS,"$ 473,561,167 ","$ 435,490,151 ",108.7 % ,25,1,Mayor al 70 %,71,42.2,59.4 %
2026,14,104,10,JEFATURA DE LOGÍSTICA,102 i,5,"AUDITORIA DE 5'S EN EL ÁREA DE LOGÍSTICA",81.4 % ,100 % ,81.4 % ,4.1,3,Resultado Logrado,71,42.2,59.4 %
2026,14,104,12,JEFATURA DE LOGÍSTICA,1005,,GPTW,NA , , ,,0,,71,42.2,59.4 %
2026,14,104,7,JEFATURA DE LOGÍSTICA,1404,5,SERVICIO DISTRIBUIDORES MX,0 % ,80 % ,0 % ,0,5,Mayor al 80 %,71,42.2,59.4 %
2026,14,104,9,JEFATURA DE LOGÍSTICA,101 b,,AUDITORIAS INTERNAS DE LOGÍSTICA,NA , , ,,0,,71,42.2,59.4 %
2026,14,104,8,JEFATURA DE LOGÍSTICA,1405,5,SERVICIO MARKETPLACE,0 % ,80 % ,0 % ,0,5,Mayor al 80 %,71,42.2,59.4 %
2026,14,201,9,JEFATURA DE CONTABILIDAD,102 j,5,"AUDITORIA DE 5'S EN EL ÁREA DE ADMINISTRACIÓN",89.1 % ,100 % ,89.1 % ,4.5,3,Resultado Logrado,85,58.1,68.4 %
2026,14,201,2,JEFATURA DE CONTABILIDAD,1004,5,FLUJO DE EFECTIVO,62.2 % ,80 % ,62.2 % ,0,5,Mayor al 80 %,85,58.1,68.4 %
2026,14,201,3,JEFATURA DE CONTABILIDAD,2004,5,CUENTAS POR COBRAR,61.3 dias ,60 dias ,102.2 % ,4.9,3,Menor al 130 %,85,58.1,68.4 %
2026,14,201,11,JEFATURA DE CONTABILIDAD,1005,,GPTW,NA , , ,,0,,85,58.1,68.4 %
2026,14,201,1,JEFATURA DE CONTABILIDAD,1002,5,UTILIDADES DE OPERACIÓN,"$ 138,153,676 ","$ 116,691,153 ",118.4 % ,5,1,Mayor al 70 %,85,58.1,68.4 %
2026,14,201,4,JEFATURA DE CONTABILIDAD,2005,5,CUENTAS POR PAGAR,35.7 dias ,40 dias ,89.3 % ,5,2,Menor al 130 %,85,58.1,68.4 %
2026,14,201,5,JEFATURA DE CONTABILIDAD,2101,15,EFECTIVIDAD EN EL CUMPLIMIENTO DE NOTAS DE CRÉDITO POR PRONTO PAGO,91 % ,70 % ,91 % ,13.7,3,Mayor al 70 %,85,58.1,68.4 %
2026,14,201,6,JEFATURA DE CONTABILIDAD,2102,20,ENTREGA DE CIERRE MENSUAL,100 % ,80 % ,100 % ,20,1,Mayor al 80 %,85,58.1,68.4 %
2026,14,201,7,JEFATURA DE CONTABILIDAD,2103,20,PRESENTACIÓN DE IMPUESTOS,98.3 % ,100 % ,98.3 % ,0,5,Mayor al 100 %,85,58.1,68.4 %
2026,14,201,10,JEFATURA DE CONTABILIDAD,103 f,5,ROTACIÓN DE PERSONAL ADMINISTRATIVO,2.9 % ,3 % ,100 % ,5,2,3 %  -  100 %<BR>3.5 %  -  90 %<BR>4 %  -  80 %,85,58.1,68.4 %
2026,14,201,8,JEFATURA DE CONTABILIDAD,101 c,,AUDITORIAS INTERNAS ADMINISTRATIVAS,NA , , ,,0,,85,58.1,68.4 %
2026,14,102,7,JEFATURA DE CALIDAD,1005,,GPTW,NA , , ,,0,,95,31.5,33.2 %
2026,14,102,3,JEFATURA DE CALIDAD,1202,20,CALIFICACIÓN REPETIBILIDAD & REPRODUCIBILIDAD <BR> ( UNIFICACIÓN DE CRITERIOS DE INSPECCIÓN ),94.3 % ,95 % ,85 % ,17,3,95 %  -  100 %<BR>85 %  -  85 %<BR>75 %  -  75 %,95,31.5,33.2 %
2026,14,102,4,JEFATURA DE CALIDAD,1203,10,PORCENTAJE DE EFECTIVIDAD EN <BR> LOS PUNTOS DE INSPECCIÓN DEL PRODUCTO,96.2 % ,95 % ,100 % ,10,1,95 %  -  100 %<BR>90 %  -  80 %<BR>80 %  -  70 %,95,31.5,33.2 %
2026,14,102,5,JEFATURA DE CALIDAD,102 g,5,"AUDITORIA DE 5'S EN EL ÁREA DE CALIDAD",89.3 % ,100 % ,89.3 % ,4.5,3,Resultado Logrado,95,31.5,33.2 %
2026,14,102,6,JEFATURA DE CALIDAD,103 d,5,ROTACIÓN DE PERSONAL DE ÁREAS OPERATIVAS,4.3 % ,3 % ,0 % ,0,4,3 %  -  100 %<BR>3.5 %  -  90 %<BR>4 %  -  80 %,95,31.5,33.2 %
2026,14,102,1,JEFATURA DE CALIDAD,3009,25,BAJAS DE CALIDAD ( DEVOLUCIONES MAS BAJAS ),2.5 % ,0.5 % ,0 % ,0,4,0.5 %  -  100 %<BR>1 %  -  85 %<BR>1.5 %  -  70 %,95,31.5,33.2 %
2026,14,102,2,JEFATURA DE CALIDAD,1201,30,"PORCENTAJE DE EFECTIVIDAD 'BIEN A LA PRIMERA'",78.6 % ,95 % ,0 % ,0,5,95 %  -  100 %<BR>90 %  -  80 %<BR>80 %  -  70 %,95,31.5,33.2 %
2026,14,400,3,GERENCIA DE CAPITAL HUMANO,1007,,TALEN REVIEW GERENCIAS ( PLAN DE DESARROLLO  ),NA , , ,,0,,40,13.5,33.8 %
2026,14,400,6,GERENCIA DE CAPITAL HUMANO,101 e,10,AUDITORIAS INTERNAS CAPITAL HUMANO,39.5 % ,85 % ,39.5 % ,0,5,Mayor al 85 %,40,13.5,33.8 %
2026,14,400,4,GERENCIA DE CAPITAL HUMANO,1008,,TALEN REVIEW JEFATURAS ( INICIO DE PLAN ),NA , , ,,0,,40,13.5,33.8 %
2026,14,400,8,GERENCIA DE CAPITAL HUMANO,1005,,GPTW,NA , , ,,0,,40,13.5,33.8 %
2026,14,400,7,GERENCIA DE CAPITAL HUMANO,102 d,10,"AUDITORIAS DE 5'S EN LAS ÁREAS DE CAPITAL HUMANO",93.5 % ,95 % ,90 % ,9,3,95 %  -  100 %<BR>90 %  -  90 %<BR>85 %  -  80 %,40,13.5,33.8 %
2026,14,400,5,GERENCIA DE CAPITAL HUMANO,1011,5,PROCESOS ( MAPEO DE PROCESOS ),90.7 % ,80 % ,90.7 % ,4.5,3,Mayor al 80 %,40,13.5,33.8 %
2026,14,400,2,GERENCIA DE CAPITAL HUMANO,1006,,SUSSESION PLAN ( PLAN DE SUCESIÓN PARA GERENTES ),NA , , ,,0,,40,13.5,33.8 %
2026,14,400,1,GERENCIA DE CAPITAL HUMANO,103 a,15,ROTACIÓN DE PERSONAL MBC,4.5 % ,3 % ,0 % ,0,4,3 %  -  100 %<BR>3.5 %  -  90 %<BR>4 %  -  80 %,40,13.5,33.8 %
2026,14,101,3,JEFATURA DE COMPRAS,1103,7,PARES PROGRAMADOS VS PARES NO SURTIDOS DE BOTAS,99.3 % ,99 % ,100 % ,7,1,99 %  -  100 %<BR>97 %  -  90 %<BR>95 %  -  80 %,87,58.6,67.4 %
2026,14,101,2,JEFATURA DE COMPRAS,1102,5,PRESUPUESTO DEL INVENTARIO DEL ALMACÉN DE MATERIA PRIMA,"$ 25,868,270 ","$ 24,005,412 ",107.8 % ,4.6,3,Menor al 110 %,87,58.6,67.4 %
2026,14,101,5,JEFATURA DE COMPRAS,1105,20,PIEZAS PLANEADAS VS PIEZAS PROGRAMADAS,86.6 % ,80 % ,86.6 % ,17.3,3,Mayor al 80 %,87,58.6,67.4 %
2026,14,101,13,JEFATURA DE COMPRAS,103 d,5,ROTACIÓN DE PERSONAL DE ÁREAS OPERATIVAS,4.3 % ,3 % ,0 % ,0,4,3 %  -  100 %<BR>3.5 %  -  90 %<BR>4 %  -  80 %,87,58.6,67.4 %
2026,14,101,1,JEFATURA DE COMPRAS,1101,20,PRESUPUESTO DEL INVENTARIO DEL ALMACÉN DE PIELES,"$ 92,666,484 ","$ 102,412,323 ",90.5 % ,20,2,Menor al 110 %,87,58.6,67.4 %
2026,14,101,6,JEFATURA DE COMPRAS,1106,5,CIERRE DE INVENTARIO DEL ALMACÉN DE PIELES,3.3 días hab. ,3 días hab. ,0 % ,0,4,,87,58.6,67.4 %
2026,14,101,9,JEFATURA DE COMPRAS,101 a,10,AUDITORIAS INTERNAS DE COMPRAS,72.2 % ,85 % ,72.2 % ,0,5,Mayor al 85 %,87,58.6,67.4 %
2026,14,101,7,JEFATURA DE COMPRAS,1107,5,CIERRE DE INVENTARIO DEL ALMACÉN DE MATERIA PRIMA,4.7 días hab. ,3 días hab. ,0 % ,0,4,,87,58.6,67.4 %
2026,14,101,12,JEFATURA DE COMPRAS,102 f,5,"AUDITORIA DE 5'S EN EL ÁREA DE COMPRAS",94.4 % ,100 % ,94.4 % ,4.7,3,Resultado Logrado,87,58.6,67.4 %
2026,14,101,8,JEFATURA DE COMPRAS,2005,5,CUENTAS POR PAGAR,35.7 dias ,40 dias ,89.3 % ,5,2,Menor al 130 %,87,58.6,67.4 %
2026,14,101,14,JEFATURA DE COMPRAS,1005,,GPTW,NA , , ,,0,,87,58.6,67.4 %
2026,14,304,10,JEFATURA DE DESARROLLO BOTAS,3410,4,CUMPLIMIENTO DE ENTREGA DE PRECOSTEO BOTAS,90 % ,100 % ,90 % ,3.6,3,Resultado Logrado,48,30.4,63.3 %
2026,14,304,9,JEFATURA DE DESARROLLO BOTAS,3409,4,"CUMPLIMIENTO EN LOS AVANCES DE WIP EN SISTEMA, <BR> 12 DÍAS EN BOTAS PROTOTIPOS, MUESTRAS Y LOTES PILOTO",49 % ,100 % ,49 % ,2,3,Resultado Logrado,48,30.4,63.3 %
2026,14,304,13,JEFATURA DE DESARROLLO BOTAS,102 o,5,"AUDITORIA DE 5'S EN EL ÁREA DE DESARROLLO BOTAS",77.1 % ,100 % ,77.1 % ,3.9,3,Resultado Logrado,48,30.4,63.3 %
2026,14,304,7,JEFATURA DE DESARROLLO BOTAS,3407,4,EFECTIVIDAD EN EL PAQUETE TÉCNICO <BR> Y ENTREGABLES EN LA LIBERACIÓN DEL MODELO A PRODUCCIÓN,96.7 % ,100 % ,96.7 % ,3.9,3,Resultado Logrado,48,30.4,63.3 %
2026,14,304,11,JEFATURA DE DESARROLLO BOTAS,3411,8,PORCENTAJE DE REPROCESOS EN MUESTRAS Y LOTES PILOTO DE BOTAS,49.2 % ,100 % ,49.2 % ,3.9,3,Resultado Logrado,48,30.4,63.3 %
2026,14,304,12,JEFATURA DE DESARROLLO BOTAS,101 dd,,AUDITORIAS INTERNAS DE DESARROLLO BOTAS,NA , , ,,0,,48,30.4,63.3 %
2026,14,304,8,JEFATURA DE DESARROLLO BOTAS,3408,,CUMPLIMIENTO DE ENTREGAS DE PAQUETES TÉCNICOS CONFORME A CALENDARIO DE ENTREGA DE BETA 7,NA , , ,,0,,48,30.4,63.3 %
2026,14,304,14,JEFATURA DE DESARROLLO BOTAS,103 d,5,ROTACIÓN DE PERSONAL DE ÁREAS OPERATIVAS,4.3 % ,3 % ,0 % ,0,4,3 %  -  100 %<BR>3.5 %  -  90 %<BR>4 %  -  80 %,48,30.4,63.3 %
2026,14,304,2,JEFATURA DE DESARROLLO BOTAS,3402,9,CUMPLIMIENTO EN EL CALENDARIO DE AMEF <BR> VS CALENDARIO ESTABLECIDO,45.2 % ,100 % ,45.2 % ,4.1,3,Resultado Logrado,48,30.4,63.3 %
2026,14,304,15,JEFATURA DE DESARROLLO BOTAS,1005,,GPTW,NA , , ,,0,,48,30.4,63.3 %
2026,14,304,1,JEFATURA DE DESARROLLO BOTAS,3401,,ENTREGA DE PROTOTIPOS VS CALENDARIO BOTAS,NA , , ,,0,,48,30.4,63.3 %
2026,14,304,6,JEFATURA DE DESARROLLO BOTAS,3406,,ENTREGA DE MUESTRAS VS CALENDARIO ESTABLECIDO BOTAS,NA , , ,,0,,48,30.4,63.3 %
2026,14,304,3,JEFATURA DE DESARROLLO BOTAS,3403,,CUMPLIMIENTO EN EL CALENDARIO DE LIBERACIONES <BR> VS CALENDARIO ESTABLECIDO BOTAS ( RESULTADO SEMESTRAL ),NA , , ,,0,,48,30.4,63.3 %
2026,14,304,5,JEFATURA DE DESARROLLO BOTAS,3405,,CUMPLIMIENTO DE ENTREGABLES <BR> EN LA ETAPA DE MUESTRAS A INGENIERIA DE COSTOS Y SISTEMAS,NA , , ,,0,,48,30.4,63.3 %
2026,14,304,4,JEFATURA DE DESARROLLO BOTAS,3404,9,CUMPLIMIENTO DE ANÁLISIS DE  VIABILIDAD Y FACTIBILIDAD,100 % ,100 % ,100 % ,9,1,Resultado Logrado,48,30.4,63.3 %
2026,14,308,7,JEFATURA DE MANTENIMIENTO,3807,5,COMPARATIVO DEL GASTO REAL CONTRA LO PLANEADO,3.7 % ,5 % ,100 % ,5,2,,85,68.4,80.5 %
2026,14,308,6,JEFATURA DE MANTENIMIENTO,3806,5,CONTROLAR Y ADMINISTRAR INVENTARIOS DE REFACCIONES,0 items ,5 item ,100 % ,5,2,,85,68.4,80.5 %
2026,14,308,8,JEFATURA DE MANTENIMIENTO,101 dh,,AUDITORIAS INTERNAS DE MANTENIMIENTO,NA , , ,,0,,85,68.4,80.5 %
2026,14,308,9,JEFATURA DE MANTENIMIENTO,102 s,5,"AUDITORIA DE 5'S EN EL ÁREA DE MANTENIMIENTO",83.8 % ,100 % ,83.8 % ,4.2,3,Resultado Logrado,85,68.4,80.5 %
2026,14,308,3,JEFATURA DE MANTENIMIENTO,3803,15,MANTENIMIENTO PREDICTIVO,90 % ,100 % ,90 % ,13.5,3,Resultado Logrado,85,68.4,80.5 %
2026,14,308,10,JEFATURA DE MANTENIMIENTO,103 d,5,ROTACIÓN DE PERSONAL DE ÁREAS OPERATIVAS,4.3 % ,3 % ,0 % ,0,4,3 %  -  100 %<BR>3.5 %  -  90 %<BR>4 %  -  80 %,85,68.4,80.5 %
2026,14,308,5,JEFATURA DE MANTENIMIENTO,3805,5,CONTROLAR Y ADMINISTRAR INVENTARIOS DE MAQUINARIA,0.3 maquinas ,0 maquinas ,0 % ,0,4,,85,68.4,80.5 %
2026,14,308,1,JEFATURA DE MANTENIMIENTO,3801,20,CUMPLIMIENTO  DEL PLAN DE <BR> MANTENIMIENTO PREVENTIVO VS CALENDARIO,97.1 % ,100 % ,97.1 % ,19.4,3,Resultado Logrado,85,68.4,80.5 %
2026,14,308,2,JEFATURA DE MANTENIMIENTO,3802,15,ADMINISTRAR EL MANTENIMIENTO CORRECTIVO,97.5 % ,100 % ,97.5 % ,14.6,3,Resultado Logrado,85,68.4,80.5 %
2026,14,308,4,JEFATURA DE MANTENIMIENTO,3804,10,MANTENIMIENTO AUTÓNOMO,67.3 % ,100 % ,67.3 % ,6.7,3,Resultado Logrado,85,68.4,80.5 %
2026,14,308,11,JEFATURA DE MANTENIMIENTO,1005,,GPTW,NA , , ,,0,,85,68.4,80.5 %
2026,14,303,24,JEFATURA DE PRODUCCIÓN ACCESORIOS,3320,1.25,EFECTIVIDAD EN ENTREGAS A PT BOLSAS ( ANTIGÜEDAD DE LOTES EN WIP ),96.9 % ,100 % ,96.9 % ,1.2,3,Resultado Logrado,85,84.1,98.9 %
2026,14,303,23,JEFATURA DE PRODUCCIÓN ACCESORIOS,3319,1.75,CUMPLIMIENTO DEL COSTO PRESUPUESTADO <BR> EN MATERIALES DIRECTOS E INDIRECTOS DE BOLSAS,100 % ,95 % ,100 % ,1.8,1,95 %  -  100 %<BR>94 %  -  80 %<BR>93 %  -  60 %,85,84.1,98.9 %
2026,14,303,25,JEFATURA DE PRODUCCIÓN ACCESORIOS,3321,5,REPROCESOS EN PLANTA ( LINEAS DE ACCESORIOS ),1.1 % ,5 % ,100 % ,5,2,5 %  -  100 %<BR>6.5 %  -  80 %<BR>8 %  -  60 %,85,84.1,98.9 %
2026,14,303,28,JEFATURA DE PRODUCCIÓN ACCESORIOS,102 n,5,"AUDITORIA DE 5'S EN EL ÁREA DE ACCESORIOS",97.4 % ,100 % ,97.4 % ,4.9,3,Resultado Logrado,85,84.1,98.9 %
2026,14,303,21,JEFATURA DE PRODUCCIÓN ACCESORIOS,3317,1.75,PRODUCTIVIDAD PIEZAS / HOMBRE  ( BOLSAS ),1.67 pzs/hom ,1.60 pzs/hom ,100 % ,1.8,1,,85,84.1,98.9 %
2026,14,303,26,JEFATURA DE PRODUCCIÓN ACCESORIOS,3322,7,BAJAS DE CALIDAD EN PRODUCCIÓN ( LINEAS DE ACCESORIOS ),0 % ,0.5 % ,100 % ,7,2,0.5 %  -  100 %<BR>1 %  -  80 %<BR>1.5 %  -  60 %,85,84.1,98.9 %
2026,14,303,29,JEFATURA DE PRODUCCIÓN ACCESORIOS,103 c,5,ROTACIÓN DE PERSONAL DE ACCESORIOS,3.3 % ,3 % ,90 % ,4.5,3,3 %  -  100 %<BR>3.5 %  -  90 %<BR>4 %  -  80 %,85,84.1,98.9 %
2026,14,303,27,JEFATURA DE PRODUCCIÓN ACCESORIOS,101 dc,,AUDITORIAS INTERNAS DE PRODUCCIÓN ACCESORIOS,NA , , ,,0,,85,84.1,98.9 %
2026,14,303,22,JEFATURA DE PRODUCCIÓN ACCESORIOS,3318,1.75,PRESUPUESTO DE COSTO DE MANO DE OBRA DIRECTA EN BOLSAS,$ 335.41 ,$ 338.81 ,100 % ,1.8,2,,85,84.1,98.9 %
2026,14,303,7,JEFATURA DE PRODUCCIÓN ACCESORIOS,3003,5.5,PRODUCTIVIDAD DE BILLETERAS,"21,610 pzs ","21,770 pzs ",99.3 % ,5.5,3,Mayor al 70 %,85,84.1,98.9 %
2026,14,303,13,JEFATURA DE PRODUCCIÓN ACCESORIOS,3004,5.5,PRODUCTIVIDAD DE CHAMARRAS,"8,528 pzs ","8,671 pzs ",98.4 % ,5.4,3,Mayor al 70 %,85,84.1,98.9 %
2026,14,303,20,JEFATURA DE PRODUCCIÓN ACCESORIOS,3316,3.75,DÍAS DE WIP BOLSAS,6.1 dias ,7 dias ,100 % ,3.8,2,7 dias  -  100 %<BR>8 dias  -  80 %<BR>9 dias  -  60 %,85,84.1,98.9 %
2026,14,303,1,JEFATURA DE PRODUCCIÓN ACCESORIOS,3002,5.5,PRODUCTIVIDAD DE CINTOS,"51,178 pzs ","52,520 pzs ",97.4 % ,5.4,3,Mayor al 70 %,85,84.1,98.9 %
2026,14,303,19,JEFATURA DE PRODUCCIÓN ACCESORIOS,3005,5.5,PRODUCTIVIDAD DE BOLSAS,"11,589 pzs ","12,168 pzs ",95.2 % ,5.2,3,Mayor al 70 %,85,84.1,98.9 %
2026,14,303,4,JEFATURA DE PRODUCCIÓN ACCESORIOS,3303,1.75,PRESUPUESTO DE COSTO DE MANO DE OBRA DIRECTA EN CINTOS,$ 51.45 ,$ 51.11 ,80 % ,1.4,3,,85,84.1,98.9 %
2026,14,303,6,JEFATURA DE PRODUCCIÓN ACCESORIOS,3305,1.25,EFECTIVIDAD EN ENTREGAS A PT CINTOS ( ANTIGÜEDAD DE LOTES EN WIP ),97.8 % ,100 % ,97.8 % ,1.2,3,Resultado Logrado,85,84.1,98.9 %
2026,14,303,30,JEFATURA DE PRODUCCIÓN ACCESORIOS,1005,,GPTW,NA , , ,,0,,85,84.1,98.9 %
2026,14,303,3,JEFATURA DE PRODUCCIÓN ACCESORIOS,3302,1.75,PRODUCTIVIDAD PIEZAS / HOMBRE  ( CINTOS ),10.17 pzs/hom ,92 pzs/hom ,100 % ,1.8,1,,85,84.1,98.9 %
2026,14,303,2,JEFATURA DE PRODUCCIÓN ACCESORIOS,3301,3.75,DÍAS DE WIP CINTOS,6.1 dias ,7 dias ,100 % ,3.8,2,7 dias  -  100 %<BR>8 dias  -  80 %<BR>9 dias  -  60 %,85,84.1,98.9 %
2026,14,303,8,JEFATURA DE PRODUCCIÓN ACCESORIOS,3306,3.75,DÍAS DE WIP BILLETERAS,6.0 dias ,7 dias ,100 % ,3.8,2,7 dias  -  100 %<BR>8 dias  -  80 %<BR>9 dias  -  60 %,85,84.1,98.9 %
2026,14,303,16,JEFATURA DE PRODUCCIÓN ACCESORIOS,3313,1.75,PRESUPUESTO DE COSTO DE MANO DE OBRA DIRECTA EN CHAMARRAS,$ 466.38 ,$ 529.21 ,100 % ,1.8,2,,85,84.1,98.9 %
2026,14,303,15,JEFATURA DE PRODUCCIÓN ACCESORIOS,3312,1.75,PRODUCTIVIDAD PIEZAS / HOMBRE  ( CHAMARRAS ),1.39 pzs/hom ,1.12 pzs/hom ,100 % ,1.8,1,,85,84.1,98.9 %
2026,14,303,17,JEFATURA DE PRODUCCIÓN ACCESORIOS,3314,1.75,CUMPLIMIENTO DEL COSTO PRESUPUESTADO <BR> EN MATERIALES DIRECTOS E INDIRECTOS DE CHAMARRAS,100 % ,95 % ,100 % ,1.8,1,95 %  -  100 %<BR>94 %  -  80 %<BR>93 %  -  60 %,85,84.1,98.9 %
2026,14,303,18,JEFATURA DE PRODUCCIÓN ACCESORIOS,3315,1.25,EFECTIVIDAD EN ENTREGAS A PT CHAMARRAS ( ANTIGÜEDAD DE LOTES EN WIP ),99.4 % ,100 % ,99.4 % ,1.2,3,Resultado Logrado,85,84.1,98.9 %
2026,14,303,14,JEFATURA DE PRODUCCIÓN ACCESORIOS,3311,3.75,DÍAS DE WIP CHAMARRAS,5.8 dias ,7 dias ,100 % ,3.8,2,7 dias  -  100 %<BR>8 dias  -  80 %<BR>9 dias  -  60 %,85,84.1,98.9 %
2026,14,303,10,JEFATURA DE PRODUCCIÓN ACCESORIOS,3308,1.75,PRESUPUESTO DE COSTO DE MANO DE OBRA DIRECTA EN BILLETERAS,$ 117.94 ,$ 124.01 ,100 % ,1.8,2,,85,84.1,98.9 %
2026,14,303,9,JEFATURA DE PRODUCCIÓN ACCESORIOS,3307,1.75,PRODUCTIVIDAD PIEZAS / HOMBRE  ( BILLETERAS ),4.32 pzs/hom ,4.19 pzs/hom ,100 % ,1.8,1,,85,84.1,98.9 %
2026,14,303,5,JEFATURA DE PRODUCCIÓN ACCESORIOS,3304,1.75,CUMPLIMIENTO DEL COSTO PRESUPUESTADO <BR> EN MATERIALES DIRECTOS E INDIRECTOS DE CINTOS,100 % ,95 % ,100 % ,1.8,1,95 %  -  100 %<BR>94 %  -  80 %<BR>93 %  -  60 %,85,84.1,98.9 %
2026,14,303,11,JEFATURA DE PRODUCCIÓN ACCESORIOS,3309,1.75,CUMPLIMIENTO DEL COSTO PRESUPUESTADO <BR> EN MATERIALES DIRECTOS E INDIRECTOS DE BILLETERAS,100 % ,95 % ,100 % ,1.8,1,95 %  -  100 %<BR>94 %  -  80 %<BR>93 %  -  60 %,85,84.1,98.9 %
2026,14,303,12,JEFATURA DE PRODUCCIÓN ACCESORIOS,3310,1.25,EFECTIVIDAD EN ENTREGAS A PT BILLETERAS ( ANTIGÜEDAD DE LOTES EN WIP ),96.2 % ,100 % ,96.2 % ,1.2,3,Resultado Logrado,85,84.1,98.9 %
2026,14,307,5,JEFATURA DE INGENIERÍA DE COSTOS Y SISTEMA,3705,,CUMPLIMIENTO DEL CALENDARIO DE <BR> DEPURACIÓN DE CONTANTES Y HERRAMENTALES <BR> ( RESULTADO SEMESTRAL | JUNIO Y DICIEMBRE ),NA , , ,,0,,85,63.9,75.2 %
2026,14,307,6,JEFATURA DE INGENIERÍA DE COSTOS Y SISTEMA,101 dg,10,AUDITORIAS INTERNAS DE INGENIERÍA DE COSTOS Y SISTEMA,75.7 % ,85 % ,75.7 % ,0,5,Mayor al 85 %,85,63.9,75.2 %
2026,14,307,4,JEFATURA DE INGENIERÍA DE COSTOS Y SISTEMA,3704,10,ENTREGA DE COSTEOS DE PRODUCTOS CUADRA,100 % ,100 % ,100 % ,10,1,100 %  -  100 %<BR>90 %  -  90 %<BR>80 %  -  80 %,85,63.9,75.2 %
2026,14,307,7,JEFATURA DE INGENIERÍA DE COSTOS Y SISTEMA,102 r,5,"AUDITORIA DE 5'S EN EL ÁREA DE INGENIERÍA DE COSTOS Y SISTEMAS",77.2 % ,100 % ,77.2 % ,3.9,3,Resultado Logrado,85,63.9,75.2 %
2026,14,307,3,JEFATURA DE INGENIERÍA DE COSTOS Y SISTEMA,3703,10,AFECTACIÓN DE EXISTENCIAS EN MATERIALES POR MODIFICACIÓN EN CONSTANTES <BR> ( INVENTARIOS SOBRANTES DERIVADOS DE LOS CAMBIOS ),"$ 186,412 ",$ 0.01 ,50 % ,5,3,,85,63.9,75.2 %
2026,14,307,8,JEFATURA DE INGENIERÍA DE COSTOS Y SISTEMA,103 d,5,ROTACIÓN DE PERSONAL DE ÁREAS OPERATIVAS,4.3 % ,3 % ,0 % ,0,4,3 %  -  100 %<BR>3.5 %  -  90 %<BR>4 %  -  80 %,85,63.9,75.2 %
2026,14,307,9,JEFATURA DE INGENIERÍA DE COSTOS Y SISTEMA,1005,,GPTW,NA , , ,,0,,85,63.9,75.2 %
2026,14,307,1,JEFATURA DE INGENIERÍA DE COSTOS Y SISTEMA,3701,25,VARIACIÓN ENTRE EL COSTO REAL DE MATERIALES DIRECTOS VS PRESUPUESTADO,"$ 59,444,157 ","$ 62,538,987 ",100 % ,25,2,,85,63.9,75.2 %
2026,14,307,2,JEFATURA DE INGENIERÍA DE COSTOS Y SISTEMA,3702,20,VARIACIÓN ENTRE EL COSTO REAL DE MATERIALES INDIRECTOS VS PRESUPUESTADO,"$ 1,470,996 ","$ 1,868,999 ",100 % ,20,2,,85,63.9,75.2 %
2026,14,305,13,JEFATURA DE DESARROLLO ACCESORIOS,103 d,5,ROTACIÓN DE PERSONAL DE ÁREAS OPERATIVAS,4.3 % ,3 % ,0 % ,0,4,3 %  -  100 %<BR>3.5 %  -  90 %<BR>4 %  -  80 %,48,37.5,78.1 %
2026,14,305,4,JEFATURA DE DESARROLLO ACCESORIOS,3504,9,CUMPLIMIENTO DE ANÁLISIS DE  VIABILIDAD Y FACTIBILIDAD,100 % ,100 % ,100 % ,9,1,Resultado Logrado,48,37.5,78.1 %
2026,14,305,3,JEFATURA DE DESARROLLO ACCESORIOS,3503,,CUMPLIMIENTO EN EL CALENDARIO DE LIBERACIONES <BR> VS. CALENDARIO ESTABLECIDO ACCESORIOS ( SEMESTRAL ),NA , , ,,0,,48,37.5,78.1 %
2026,14,305,5,JEFATURA DE DESARROLLO ACCESORIOS,3505,,CUMPLIMIENTO DE ENTREGABLES EN LA ETAPA DE <BR> MUESTRAS A INGENIERÍA DE COSTOS Y CONSUMOS ( SEMESTRAL ),NA , , ,,0,,48,37.5,78.1 %
2026,14,305,6,JEFATURA DE DESARROLLO ACCESORIOS,3506,,ENTREGA DE MUESTRAS VS CALENDARIO ESTABLECIDO ACCESORIOS,NA , , ,,0,,48,37.5,78.1 %
2026,14,305,2,JEFATURA DE DESARROLLO ACCESORIOS,3502,9,CUMPLIMIENTO EN LA PRESENTACIÓN DE LOS AMEF VS CALENDARIO ESTABLECIDO,85.4 % ,100 % ,85.4 % ,7.7,3,Resultado Logrado,48,37.5,78.1 %
2026,14,305,14,JEFATURA DE DESARROLLO ACCESORIOS,1005,,GPTW,NA , , ,,0,,48,37.5,78.1 %
2026,14,305,8,JEFATURA DE DESARROLLO ACCESORIOS,3508,4,"CUMPLIMIENTO DE LOS AVANCES PARA CUMPLIR CON LOS DÍAS DE WIP <BR> 7 DÍAS EN PROTOTIPOS, MUESTRAS, LOTES PILOTO DE ACCESORIOS",42.5 % ,100 % ,42.5 % ,1.7,3,Resultado Logrado,48,37.5,78.1 %
2026,14,305,12,JEFATURA DE DESARROLLO ACCESORIOS,102 n,5,"AUDITORIA DE 5'S EN EL ÁREA DE ACCESORIOS",97.4 % ,100 % ,97.4 % ,4.9,3,Resultado Logrado,48,37.5,78.1 %
2026,14,305,1,JEFATURA DE DESARROLLO ACCESORIOS,3501,,ENTREGA DE PROTOTIPOS VS CALENDARIO ESTABLECIDO ACCESORIOS,NA , , ,,0,,48,37.5,78.1 %
2026,14,305,7,JEFATURA DE DESARROLLO ACCESORIOS,3507,4,EFECTIVIDAD EN EL PAQUETE TÉCNICO Y ENTREGABLES <BR> EN LA LIBERACIÓN DEL MODELO A PRODUCCIÓN,97.3 % ,100 % ,97.3 % ,3.9,3,Resultado Logrado,48,37.5,78.1 %
2026,14,305,9,JEFATURA DE DESARROLLO ACCESORIOS,3509,4,CUMPLIMIENTO DE ENTREGA DE PRECOSTEO ACCESORIOS,90 % ,100 % ,90 % ,3.6,3,Resultado Logrado,48,37.5,78.1 %
2026,14,305,11,JEFATURA DE DESARROLLO ACCESORIOS,101 de,,AUDITORIAS INTERNAS DE DESARROLLO ACCESORIOS,NA , , ,,0,,48,37.5,78.1 %
2026,14,305,10,JEFATURA DE DESARROLLO ACCESORIOS,3510,8,PORCENTAJE DE REPROCESOS EN MUESTRAS Y LOTES PILOTO DE ACCESORIOS,84.3 % ,100 % ,84.3 % ,6.7,3,Resultado Logrado,48,37.5,78.1 %
2026,14,401,7,JEFATURA DE CAPITAL HUMANO,103 f,5,ROTACIÓN DE PERSONAL ADMINISTRATIVO,2.9 % ,3 % ,100 % ,5,2,3 %  -  100 %<BR>3.5 %  -  90 %<BR>4 %  -  80 %,95,78.6,82.7 %
2026,14,401,8,JEFATURA DE CAPITAL HUMANO,1005,,GPTW,NA , , ,,0,,95,78.6,82.7 %
2026,14,401,4,JEFATURA DE CAPITAL HUMANO,4104,10,AUDITORIAS DE 5´S EJECUTADAS VS PROGRAMADAS,88.3 % ,95 % ,60 % ,6,3,95 %  -  100 %<BR>90 %  -  80 %<BR>85 %  -  60 %,95,78.6,82.7 %
2026,14,401,6,JEFATURA DE CAPITAL HUMANO,102 u,5,"AUDITORIA DE 5'S EN EL ÁREA DE CAPITAL HUMANO",93.5 % ,100 % ,93.5 % ,4.7,3,Resultado Logrado,95,78.6,82.7 %
2026,14,401,2,JEFATURA DE CAPITAL HUMANO,4102,20,TOTAL DE CAPACITACIONES REALIZADAS VS CAPACITACIONES PLANEADAS,100 % ,90 % ,100 % ,20,1,Mayor al 90 %,95,78.6,82.7 %
2026,14,401,3,JEFATURA DE CAPITAL HUMANO,4103,15,CUMPLIMIENTO DE NORMATIVA LEGAL EN SEGURIDAD E HIGIENE,86 % ,80 % ,86 % ,12.9,3,Mayor al 80 %,95,78.6,82.7 %
2026,14,401,1,JEFATURA DE CAPITAL HUMANO,4101,30,CUMPLIMIENTO DEL TIEMPO DE CONTRATACIÓN (= 15 DÍAS HÁBILES),14.9 días hab. ,15 días hab. ,100 % ,30,2,,95,78.6,82.7 %
2026,14,401,5,JEFATURA DE CAPITAL HUMANO,101 ea,10,AUDITORIAS INTERNAS DE CAPITAL HUMANO,39.5 % ,85 % ,39.5 % ,0,5,Mayor al 85 %,95,78.6,82.7 %
2026,14,402,1,JEFATURA DE GESTION DE CALIDAD,4201,40,CUMPLIMIENTO DE AUDITORIAS INTERNAS,90 % ,85 % ,90 % ,36,3,Mayor al 85 %,75,68.6,91.5 %
2026,14,402,5,JEFATURA DE GESTION DE CALIDAD,103 f,5,ROTACIÓN DE PERSONAL ADMINISTRATIVO,2.9 % ,3 % ,100 % ,5,2,3 %  -  100 %<BR>3.5 %  -  90 %<BR>4 %  -  80 %,75,68.6,91.5 %
2026,14,402,2,JEFATURA DE GESTION DE CALIDAD,4202,25,INDICE DE PROCESOS DOCUMENTADOS VS PROCESOS PLANEADOS,91.3 % ,85 % ,91.3 % ,22.8,3,Mayor al 85 %,75,68.6,91.5 %
2026,14,402,4,JEFATURA DE GESTION DE CALIDAD,102 v,5,"AUDITORIA DE 5'S EN EL ÁREA DE GESTION DE CALIDAD",96.7 % ,100 % ,96.7 % ,4.8,3,Resultado Logrado,75,68.6,91.5 %
2026,14,402,6,JEFATURA DE GESTION DE CALIDAD,1005,,GPTW,NA , , ,,0,,75,68.6,91.5 %
2026,14,402,3,JEFATURA DE GESTION DE CALIDAD,101 eb,,AUDITORIAS INTERNAS DE SISTEMAS DE GESTIÓN,NA , , ,,0,,75,68.6,91.5 %
2026,14,306,9,JEFATURA DE INGENIERÍA DE PROCESOS,3307,5,PRODUCTIVIDAD PIEZAS / HOMBRE  ( BILLETERAS ),4.32 pzs/hom ,4.19 pzs/hom ,100 % ,5,1,,85,63.3,74.5 %
2026,14,306,15,JEFATURA DE INGENIERÍA DE PROCESOS,1005,,GPTW,NA , , ,,0,,85,63.3,74.5 %
2026,14,306,8,JEFATURA DE INGENIERÍA DE PROCESOS,3302,5,PRODUCTIVIDAD PIEZAS / HOMBRE  ( CINTOS ),10.17 pzs/hom ,92 pzs/hom ,100 % ,5,1,,85,63.3,74.5 %
2026,14,306,4,JEFATURA DE INGENIERÍA DE PROCESOS,3308,5,PRESUPUESTO DE COSTO DE MANO DE OBRA DIRECTA EN BILLETERAS,$ 117.94 ,$ 124.01 ,100 % ,5,2,,85,63.3,74.5 %
2026,14,306,14,JEFATURA DE INGENIERÍA DE PROCESOS,103 d,5,ROTACIÓN DE PERSONAL DE ÁREAS OPERATIVAS,4.3 % ,3 % ,0 % ,0,4,3 %  -  100 %<BR>3.5 %  -  90 %<BR>4 %  -  80 %,85,63.3,74.5 %
2026,14,306,2,JEFATURA DE INGENIERÍA DE PROCESOS,3102,10,PRESUPUESTO DE COSTO DE MANO DE OBRA DIRECTA DE BOTAS,$ 253.86 ,$ 239.01 ,60 % ,6,3,,85,63.3,74.5 %
2026,14,306,7,JEFATURA DE INGENIERÍA DE PROCESOS,3101,5,PRODUCTIVIDAD PARES / HOMBRE ( BOTAS ),3.48 prs/hom ,3.50 prs/hom ,80 % ,4,3,,85,63.3,74.5 %
2026,14,306,10,JEFATURA DE INGENIERÍA DE PROCESOS,3312,5,PRODUCTIVIDAD PIEZAS / HOMBRE  ( CHAMARRAS ),1.39 pzs/hom ,1.12 pzs/hom ,100 % ,5,1,,85,63.3,74.5 %
2026,14,306,12,JEFATURA DE INGENIERÍA DE PROCESOS,101 df,10,AUDITORIAS INTERNAS DE INGENIERÍA DE PROCESOS,37.5 % ,85 % ,37.5 % ,0,5,Mayor al 85 %,85,63.3,74.5 %
2026,14,306,1,JEFATURA DE INGENIERÍA DE PROCESOS,3601,,CUMPLIMIENTO DEL PROGRAMA DE <BR> PROYECTOS DE MEJORA CONTINUA ( RESULTADO TRIMESTRAL ),NA , , ,,0,,85,63.3,74.5 %
2026,14,306,13,JEFATURA DE INGENIERÍA DE PROCESOS,102 q,5,"AUDITORIA DE 5'S EN EL ÁREA DE INGENIERÍA DE PROCESOS",85.5 % ,100 % ,85.5 % ,4.3,3,Resultado Logrado,85,63.3,74.5 %
2026,14,306,6,JEFATURA DE INGENIERÍA DE PROCESOS,3318,10,PRESUPUESTO DE COSTO DE MANO DE OBRA DIRECTA EN BOLSAS,$ 335.41 ,$ 338.81 ,100 % ,10,2,,85,63.3,74.5 %
2026,14,306,5,JEFATURA DE INGENIERÍA DE PROCESOS,3313,10,PRESUPUESTO DE COSTO DE MANO DE OBRA DIRECTA EN CHAMARRAS,$ 466.38 ,$ 529.21 ,100 % ,10,2,,85,63.3,74.5 %
2026,14,306,3,JEFATURA DE INGENIERÍA DE PROCESOS,3303,5,PRESUPUESTO DE COSTO DE MANO DE OBRA DIRECTA EN CINTOS,$ 51.45 ,$ 51.11 ,80 % ,4,3,,85,63.3,74.5 %
2026,14,306,11,JEFATURA DE INGENIERÍA DE PROCESOS,3317,5,PRODUCTIVIDAD PIEZAS / HOMBRE  ( BOLSAS ),1.67 pzs/hom ,1.60 pzs/hom ,100 % ,5,1,,85,63.3,74.5 %
2026,14,103,3,JEFATURA DE PPCP,1303,10,ADMINISTRACIÓN DE LA DEMANDA DE BILLETERAS,7 semanas ,12 semanas ,58.3 % ,5.8,3,Resultado Logrado,95,52.8,55.6 %
2026,14,103,1,JEFATURA DE PPCP,1301,25,ADMINISTRACIÓN DE LA DEMANDA DE BOTAS,2 semanas ,12 semanas ,16.7 % ,4.2,3,Resultado Logrado,95,52.8,55.6 %
2026,14,103,2,JEFATURA DE PPCP,1302,10,ADMINISTRACIÓN DE LA DEMANDA DE CINTOS,7 semanas ,12 semanas ,58.3 % ,5.8,3,Resultado Logrado,95,52.8,55.6 %
2026,14,103,8,JEFATURA DE PPCP,102 h,5,"AUDITORIA DE 5'S EN EL ÁREA DE PPCP",88.8 % ,100 % ,88.8 % ,4.4,3,Resultado Logrado,95,52.8,55.6 %
2026,14,103,10,JEFATURA DE PPCP,1005,,GPTW,NA , , ,,0,,95,52.8,55.6 %
2026,14,103,9,JEFATURA DE PPCP,103 f,5,ROTACIÓN DE PERSONAL ADMINISTRATIVO,2.9 % ,3 % ,100 % ,5,2,3 %  -  100 %<BR>3.5 %  -  90 %<BR>4 %  -  80 %,95,52.8,55.6 %
2026,14,103,7,JEFATURA DE PPCP,1307,10,CUMPLIMIENTO DEL PRESUPUESTO EN AVÍOS <BR> ( MATERIALES GESTIONADOS POR PPCP ),"$ 1,158,432 ","$ 2,075,527 ",55.8 % ,10,2,Menor al 110 %,95,52.8,55.6 %
2026,14,103,4,JEFATURA DE PPCP,1304,10,ADMINISTRACIÓN DE LA DEMANDA DE CHAMARRAS,4 semanas ,12 semanas ,33.3 % ,3.3,3,Resultado Logrado,95,52.8,55.6 %
2026,14,103,6,JEFATURA DE PPCP,1306,10,EFECTIVIDAD DE ÍTEMS NEGROS / AMARILLOS VS NECESIDAD EN PREMONTADO <BR> ( ÍTEMS SIN EXISTENCIA O PARCIALIDADES DE AVÍO QUE CONTROLA PPCP ),2.1 items ,1 item ,60 % ,6,3,,95,52.8,55.6 %
2026,14,103,5,JEFATURA DE PPCP,1305,10,ADMINISTRACIÓN DE LA DEMANDA DE BOLSAS,10 semanas ,12 semanas ,83.3 % ,8.3,3,Resultado Logrado,95,52.8,55.6 %
2026,14,309,4,JEFATURA DE MAQUILAS,3904,10,CUMPLIMIENTO EN EL REGRESOS DE MATERIALES SOBRANTES  AL ALMACÉN DE PIELES  <BR>  PARA PROGRAMAS DE BETA 7 <BR> ( REGRESOS EN UN MÁXIMO DE 28 DÍAS NATURALES DESPUÉS DE SU PROGRAMACIÓN ),100 % ,100 % ,100 % ,10,1,,85,63,74.1 %
2026,14,309,8,JEFATURA DE MAQUILAS,102 t,5,"AUDITORIA DE 5'S EN EL ÁREA DE MAQUILAS",89.2 % ,100 % ,89.2 % ,4.5,3,Resultado Logrado,85,63,74.1 %
2026,14,309,3,JEFATURA DE MAQUILAS,3903,15,EFICIENCIA EN TIEMPO DE ENTREGA DE LOS PROVEEDORES DE AVÍOS <BR> ( CFI MÁXIMO 7 DÍAS HÁBILES Y MORAN MÁXIMO 8 DÍAS HÁBILES ),93 % ,95 % ,90 % ,13.5,3,95 %  -  100 %<BR>90 %  -  90 %<BR>85 %  -  80 %,85,63,74.1 %
2026,14,309,1,JEFATURA DE MAQUILAS,3901,20,CUMPLIMIENTO DE FECHAS DE ENTREGA DE BETA 7 <BR> VS FECHAS ESTABLECIDAS DE ENTREGA <BR> ( MÁXIMO 17 DÍAS HÁBILES A PARTIR DE LA FECHA DE PROGRAMACIÓN ),93.6 % ,95 % ,90 % ,18,3,95 %  -  100 %<BR>90 %  -  90 %<BR>85 %  -  80 %,85,63,74.1 %
2026,14,309,2,JEFATURA DE MAQUILAS,3902,15,CUMPLIMIENTO DE FECHAS DE ENTREGA DE MAQUILA EXTERNA DE CINTOS <BR> VS FECHAS ESTABLECIDAS DE ENTREGA <BR> ( MÁXIMO 13 DÍAS HÁBILES A PARTIR DE LA FECHA DE PROGRAMACIÓN ),89 % ,95 % ,80 % ,12,3,95 %  -  100 %<BR>90 %  -  90 %<BR>85 %  -  80 %,85,63,74.1 %
2026,14,309,6,JEFATURA DE MAQUILAS,3906,5,EFICIENCIA EN LA ACTUALIZACIÓN DE COSTOS PARA MAQUILAS <BR> ( LOS COSTOS EN SISTEMA Y LOS DOCUMENTOS DE LA CARPETA DE ANEXOS  DEBEN<BR> SER ACTUALIZADOS EN MÁXIMO EN UNA SEMANA HÁBIL SIGUIENTE A SU RECEPCIÓN ),100 % ,100 % ,100 % ,5,1,,85,63,74.1 %
2026,14,309,7,JEFATURA DE MAQUILAS,101 di,,AUDITORIAS INTERNAS DE MAQUILAS,NA , , ,,0,,85,63,74.1 %
2026,14,309,9,JEFATURA DE MAQUILAS,103 d,5,ROTACIÓN DE PERSONAL DE ÁREAS OPERATIVAS,4.3 % ,3 % ,0 % ,0,4,3 %  -  100 %<BR>3.5 %  -  90 %<BR>4 %  -  80 %,85,63,74.1 %
2026,14,309,5,JEFATURA DE MAQUILAS,3905,10,CUMPLIMIENTO EN EL REGRESOS DE MATERIALES  SOBRANTES AL ALMACÉN DE PIELES <BR> PARA PROGRAMAS DE MAQUILA EXTERNA DE CINTOS  <BR> ( REGRESOS EN UN MÁXIMO DE 21 DÍAS NATURALES DESPUÉS DE SU PROGRAMACIÓN ),72.3 % ,100 % ,0 % ,0,5,,85,63,74.1 %
2026,14,309,10,JEFATURA DE MAQUILAS,1005,,GPTW,NA , , ,,0,,85,63,74.1 %
2026,14,301,1,JEFATURA DE PRODUCCIÓN BOTAS I,3001,22,PRODUCTIVIDAD DE BOTAS,"68,359 prs ","72,480 prs ",94.3 % ,20.7,3,Mayor al 70 %,80,56.5,70.6 %
2026,14,301,5,JEFATURA DE PRODUCCIÓN BOTAS I,3103,7,CUMPLIMIENTO DEL COSTO PRESUPUESTADO <BR> DE MATERIALES DIRECTOS E INDIRECTOS,100 % ,95 % ,100 % ,7,1,95 %  -  100 %<BR>94 %  -  80 %<BR>93 %  -  60 %,80,56.5,70.6 %
2026,14,301,12,JEFATURA DE PRODUCCIÓN BOTAS I,1005,,GPTW,NA , , ,,0,,80,56.5,70.6 %
2026,14,301,3,JEFATURA DE PRODUCCIÓN BOTAS I,3101,7,PRODUCTIVIDAD PARES / HOMBRE ( BOTAS ),3.48 prs/hom ,3.50 prs/hom ,80 % ,5.6,3,,80,56.5,70.6 %
2026,14,301,8,JEFATURA DE PRODUCCIÓN BOTAS I,3106,7,BAJAS DE CALIDAD EN PRODUCCIÓN ( LINEA DE BOTAS ),0.1 % ,0.5 % ,100 % ,7,2,0.5 %  -  100 %<BR>1 %  -  80 %<BR>1.5 %  -  60 %,80,56.5,70.6 %
2026,14,301,10,JEFATURA DE PRODUCCIÓN BOTAS I,102 l,5,"AUDITORIA DE 5'S EN EL ÁREA DE BOTAS I",78.5 % ,100 % ,78.5 % ,3.9,3,Resultado Logrado,80,56.5,70.6 %
2026,14,301,11,JEFATURA DE PRODUCCIÓN BOTAS I,103 b,5,ROTACIÓN DE PERSONAL DE BOTAS,6.2 % ,3 % ,0 % ,0,4,3 %  -  100 %<BR>3.5 %  -  90 %<BR>4 %  -  80 %,80,56.5,70.6 %
2026,14,301,6,JEFATURA DE PRODUCCIÓN BOTAS I,3104,5,EFECTIVIDAD EN ENTREGAS A PT ( ANTIGÜEDAD DE LOTES EN WIP ),82.3 % ,100 % ,82.3 % ,4.1,3,Resultado Logrado,80,56.5,70.6 %
2026,14,301,9,JEFATURA DE PRODUCCIÓN BOTAS I,101 da,10,AUDITORIAS INTERNAS DE PRODUCCIÓN BOTAS I,76.9 % ,85 % ,76.9 % ,0,5,Mayor al 85 %,80,56.5,70.6 %
2026,14,301,7,JEFATURA DE PRODUCCIÓN BOTAS I,3105,5,REPROCESOS EN PLANTA ( LINEA DE BOTAS ),5.4 % ,5 % ,80 % ,4,3,5 %  -  100 %<BR>6.5 %  -  80 %<BR>8 %  -  60 %,80,56.5,70.6 %
2026,14,301,4,JEFATURA DE PRODUCCIÓN BOTAS I,3102,7,PRESUPUESTO DE COSTO DE MANO DE OBRA DIRECTA DE BOTAS,$ 253.86 ,$ 239.01 ,60 % ,4.2,3,,80,56.5,70.6 %
2026,14,302,12,JEFATURA DE PRODUCCIÓN BOTAS II,1005,,GPTW,NA , , ,,0,,80,57.4,71.8 %
2026,14,302,1,JEFATURA DE PRODUCCIÓN BOTAS II,3001,22,PRODUCTIVIDAD DE BOTAS,"68,359 prs ","72,480 prs ",94.3 % ,20.7,3,Mayor al 70 %,80,57.4,71.8 %
2026,14,302,9,JEFATURA DE PRODUCCIÓN BOTAS II,101 db,10,AUDITORIAS INTERNAS DE PRODUCCIÓN BOTAS II,12.3 % ,85 % ,12.3 % ,0,5,Mayor al 85 %,80,57.4,71.8 %
2026,14,302,11,JEFATURA DE PRODUCCIÓN BOTAS II,103 b,5,ROTACIÓN DE PERSONAL DE BOTAS,6.2 % ,3 % ,0 % ,0,4,3 %  -  100 %<BR>3.5 %  -  90 %<BR>4 %  -  80 %,80,57.4,71.8 %
2026,14,302,10,JEFATURA DE PRODUCCIÓN BOTAS II,102 m,5,"AUDITORIA DE 5'S EN EL ÁREA DE BOTAS II",96.3 % ,100 % ,96.3 % ,4.8,3,Resultado Logrado,80,57.4,71.8 %
2026,14,302,3,JEFATURA DE PRODUCCIÓN BOTAS II,3101,7,PRODUCTIVIDAD PARES / HOMBRE ( BOTAS ),3.48 prs/hom ,3.50 prs/hom ,80 % ,5.6,3,,80,57.4,71.8 %
2026,14,302,4,JEFATURA DE PRODUCCIÓN BOTAS II,3102,7,PRESUPUESTO DE COSTO DE MANO DE OBRA DIRECTA DE BOTAS,$ 253.86 ,$ 239.01 ,60 % ,4.2,3,,80,57.4,71.8 %
2026,14,302,7,JEFATURA DE PRODUCCIÓN BOTAS II,3105,5,REPROCESOS EN PLANTA ( LINEA DE BOTAS ),5.4 % ,5 % ,80 % ,4,3,5 %  -  100 %<BR>6.5 %  -  80 %<BR>8 %  -  60 %,80,57.4,71.8 %
2026,14,302,6,JEFATURA DE PRODUCCIÓN BOTAS II,3104,5,EFECTIVIDAD EN ENTREGAS A PT ( ANTIGÜEDAD DE LOTES EN WIP ),82.3 % ,100 % ,82.3 % ,4.1,3,Resultado Logrado,80,57.4,71.8 %
2026,14,302,8,JEFATURA DE PRODUCCIÓN BOTAS II,3106,7,BAJAS DE CALIDAD EN PRODUCCIÓN ( LINEA DE BOTAS ),0.1 % ,0.5 % ,100 % ,7,2,0.5 %  -  100 %<BR>1 %  -  80 %<BR>1.5 %  -  60 %,80,57.4,71.8 %
2026,14,302,5,JEFATURA DE PRODUCCIÓN BOTAS II,3103,7,CUMPLIMIENTO DEL COSTO PRESUPUESTADO <BR> DE MATERIALES DIRECTOS E INDIRECTOS,100 % ,95 % ,100 % ,7,1,95 %  -  100 %<BR>94 %  -  80 %<BR>93 %  -  60 %,80,57.4,71.8 %
2026,17,100,8,DIRECCIÓN MBC,1008,,TALEN REVIEW JEFATURAS ( INICIO DE PLAN ),NA , , ,,0,,70,56.8,81.1 %
2026,17,100,9,DIRECCIÓN MBC,1009,6,VENTAS DEPARTAMENTALES,"$ 15,745,916 ","$ 15,690,115 ",100.4 % ,6,1,Mayor al  %,70,56.8,81.1 %
2026,17,100,12,DIRECCIÓN MBC,1012,,DYNAMICS ( ERP MBC ),NA , , ,,0,,70,56.8,81.1 %
2026,17,100,4,DIRECCIÓN MBC,1004,10,FLUJO DE EFECTIVO,62.2 % ,80 % ,62.2 % ,0,5,Mayor al 80 %,70,56.8,81.1 %
2026,17,100,10,DIRECCIÓN MBC,1010,3,INVERSIONES ( EFICIENCIA OPERATIVA TESEO ),45.7 % ,75 % ,45.7 % ,0,5,Mayor al 75 %,70,56.8,81.1 %
2026,17,100,7,DIRECCIÓN MBC,1007,,TALEN REVIEW GERENCIAS ( PLAN DE DESARROLLO  ),NA , , ,,0,,70,56.8,81.1 %
2026,17,100,1,DIRECCIÓN MBC,1001,10,VENTAS NETAS,"$ 890,815,988 ","$ 823,672,006 ",108.2 % ,10,1,Mayor al 70 %,70,56.8,81.1 %
2026,17,100,3,DIRECCIÓN MBC,1003,,UTILIDADES DE OPERACIÓN CORPORATIVA,NA , , ,,0,,70,56.8,81.1 %
2026,17,100,2,DIRECCIÓN MBC,1002,36,UTILIDADES DE OPERACIÓN,"$ 248,225,584 ","$ 213,304,663 ",116.4 % ,36,1,Mayor al 70 %,70,56.8,81.1 %
2026,17,100,11,DIRECCIÓN MBC,1011,5,PROCESOS ( MAPEO DE PROCESOS ),95.3 % ,80 % ,95.3 % ,4.8,3,Mayor al 80 %,70,56.8,81.1 %
2026,17,100,5,DIRECCIÓN MBC,1005,,GPTW,NA , , ,,0,,70,56.8,81.1 %
2026,17,100,6,DIRECCIÓN MBC,1006,,SUSSESION PLAN ( PLAN DE SUCESIÓN PARA GERENTES ),NA , , ,,0,,70,56.8,81.1 %
2026,17,200,16,GERENCIA ADMINISTRATIVA,103 f,3,ROTACIÓN DE PERSONAL ADMINISTRATIVO,2.3 % ,3 % ,100 % ,3,2,3 %  -  100 %<BR>3.5 %  -  90 %<BR>4 %  -  80 %,67,58,86.6 %
2026,17,200,14,GERENCIA ADMINISTRATIVA,101 c,,AUDITORIAS INTERNAS ADMINISTRATIVAS,NA , , ,,0,,67,58,86.6 %
2026,17,200,6,GERENCIA ADMINISTRATIVA,2003,5,GASTOS DE VENTA  ( GASTOS FIJOS QUE NO DEPENDEN DE LA VENTA ),"$ 16,083,487 ","$ 13,755,323 ",116.9 % ,4.2,3,Menor al 130 %,67,58,86.6 %
2026,17,200,5,GERENCIA ADMINISTRATIVA,2002,8,GASTOS DE CENTRO DE SERVICIOS,"$ 8,129,425 ","$ 8,236,720 ",98.7 % ,8,2,Menor al 130 %,67,58,86.6 %
2026,17,200,15,GERENCIA ADMINISTRATIVA,102 b,8,"AUDITORIAS DE 5'S EN LAS ÁREAS DE ADMINISTRACION",95.3 % ,95 % ,100 % ,8,1,95 %  -  100 %<BR>90 %  -  90 %<BR>85 %  -  80 %,67,58,86.6 %
2026,17,200,7,GERENCIA ADMINISTRATIVA,2004,4,CUENTAS POR COBRAR,58.9 dias ,60 dias ,98.2 % ,4,2,Menor al 130 %,67,58,86.6 %
2026,17,200,8,GERENCIA ADMINISTRATIVA,2005,4,CUENTAS POR PAGAR,34.2 dias ,40 dias ,85.5 % ,4,2,Menor al 130 %,67,58,86.6 %
2026,17,200,1,GERENCIA ADMINISTRATIVA,1001,5,VENTAS NETAS,"$ 890,815,988 ","$ 823,672,006 ",108.2 % ,5,1,Mayor al 70 %,67,58,86.6 %
2026,17,200,3,GERENCIA ADMINISTRATIVA,1004,8,FLUJO DE EFECTIVO,62.2 % ,80 % ,62.2 % ,0,5,Mayor al 80 %,67,58,86.6 %
2026,17,200,17,GERENCIA ADMINISTRATIVA,1005,,GPTW,NA , , ,,0,,67,58,86.6 %
2026,17,200,11,GERENCIA ADMINISTRATIVA,1008,,TALEN REVIEW JEFATURAS ( INICIO DE PLAN ),NA , , ,,0,,67,58,86.6 %
2026,17,200,13,GERENCIA ADMINISTRATIVA,1012,,DYNAMICS ( ERP MBC ),NA , , ,,0,,67,58,86.6 %
2026,17,200,12,GERENCIA ADMINISTRATIVA,1011,4,PROCESOS ( MAPEO DE PROCESOS ),95.3 % ,80 % ,95.3 % ,3.8,3,Mayor al 80 %,67,58,86.6 %
2026,17,200,2,GERENCIA ADMINISTRATIVA,1002,10,UTILIDADES DE OPERACIÓN,"$ 248,225,584 ","$ 213,304,663 ",116.4 % ,10,1,Mayor al 70 %,67,58,86.6 %
2026,17,200,4,GERENCIA ADMINISTRATIVA,2001,8,GASTOS DE ADMINISTRACIÓN,"$ 19,114,292 ","$ 20,471,934 ",93.4 % ,8,2,Menor al 130 %,67,58,86.6 %
2026,17,200,10,GERENCIA ADMINISTRATIVA,1007,,TALEN REVIEW GERENCIAS ( PLAN DE DESARROLLO  ),NA , , ,,0,,67,58,86.6 %
2026,17,200,9,GERENCIA ADMINISTRATIVA,1006,,SUSSESION PLAN ( PLAN DE SUCESIÓN PARA GERENTES ),NA , , ,,0,,67,58,86.6 %
2026,17,1,4,MBC,104,3,DÍAS DE WIP  |  BOTAS & ACCESORIOS,12 | 6.1 ,12 | 7 ,100 | 100 ,3,2,12 | 7  -  100 %<BR>13 | 8  -  80 %<BR>14 | 9  -  60 %,75,62.3,83.1 %
2026,17,1,15,MBC,102 a,3,"AUDITORIAS DE 5'S ( MBC )",91.7 % ,95 % ,90 % ,2.7,3,95 %  -  100 %<BR>90 %  -  90 %<BR>85 %  -  80 %,75,62.3,83.1 %
2026,17,1,10,MBC,3009,3,BAJAS DE CALIDAD ( DEVOLUCIONES MAS BAJAS ),2.1 % ,0.5 % ,0 % ,0,4,0.5 %  -  100 %<BR>1 %  -  85 %<BR>1.5 %  -  70 %,75,62.3,83.1 %
2026,17,1,11,MBC,1006,,SUSSESION PLAN ( PLAN DE SUCESIÓN PARA GERENTES ),NA , , ,,0,,75,62.3,83.1 %
2026,17,1,3,MBC,1003,,UTILIDADES DE OPERACIÓN CORPORATIVA,NA , , ,,0,,75,62.3,83.1 %
2026,17,1,1,MBC,1001,10,VENTAS NETAS,"$ 890,815,988 ","$ 823,672,006 ",108.2 % ,10,1,Mayor al 70 %,75,62.3,83.1 %
2026,17,1,12,MBC,1007,,TALEN REVIEW GERENCIAS ( PLAN DE DESARROLLO  ),NA , , ,,0,,75,62.3,83.1 %
2026,17,1,2,MBC,1002,40,UTILIDADES DE OPERACIÓN,"$ 248,225,584 ","$ 213,304,663 ",116.4 % ,40,1,Mayor al 70 %,75,62.3,83.1 %
2026,17,1,13,MBC,1011,4,PROCESOS ( MAPEO DE PROCESOS ),95.3 % ,80 % ,95.3 % ,3.8,3,Mayor al 80 %,75,62.3,83.1 %
2026,17,1,7,MBC,105,4,ENTREGAS A TIEMPO  |  TIENDAS CUADRA & CORRAL,89.2 | 94.7 ,95 % ,60 | 80 ,2.8,3,95 %  -  100 %<BR>90 %  -  80 %<BR>85 %  -  60 %,75,62.3,83.1 %
2026,17,1,17,MBC,1005,,GPTW,NA , , ,,0,,75,62.3,83.1 %
2026,17,1,16,MBC,103 a,3,ROTACIÓN DE PERSONAL MBC,4.2 % ,3 % ,0 % ,0,4,3 %  -  100 %<BR>3.5 %  -  90 %<BR>4 %  -  80 %,75,62.3,83.1 %
2026,17,1,14,MBC,101,5,AUDITORIAS INTERNAS ( MBC ),64.8 % ,85 % ,64.8 % ,0,5,Mayor al 85 %,75,62.3,83.1 %
2026,17,300,10,GERENCIA OPERATIVA,3008,4,ENTREGAS A TIEMPO  |  TIENDAS CUADRA Y CORRAL,89.2 | 94.7 ,95 % ,60 | 80 ,2.8,3,95 %  -  100 %<BR>90 %  -  80 %<BR>85 %  -  60 %,77,54.7,71 %
2026,17,300,8,GERENCIA OPERATIVA,3006,6,DÍAS DE WIP  |  BOTAS Y ACCESORIOS,12 | 6.1 ,12 | 7 ,100 | 100 ,6,2,12 | 7  -  100 %<BR>13 | 8  -  80 %<BR>14 | 9  -  60 %,77,54.7,71 %
2026,17,300,12,GERENCIA OPERATIVA,1006,,SUSSESION PLAN ( PLAN DE SUCESIÓN PARA GERENTES ),NA , , ,,0,,77,54.7,71 %
2026,17,300,3,GERENCIA OPERATIVA,3001,7,PRODUCTIVIDAD DE BOTAS,"136,114 prs ","139,680 prs ",97.4 % ,6.8,3,Mayor al 70 %,77,54.7,71 %
2026,17,300,15,GERENCIA OPERATIVA,1010,5,INVERSIONES ( EFICIENCIA OPERATIVA TESEO ),45.7 % ,75 % ,45.7 % ,0,5,Mayor al 75 %,77,54.7,71 %
2026,17,300,4,GERENCIA OPERATIVA,3002,4,PRODUCTIVIDAD DE CINTOS,"94,955 pzs ","98,270 pzs ",96.6 % ,3.9,3,Mayor al 70 %,77,54.7,71 %
2026,17,300,6,GERENCIA OPERATIVA,3004,4,PRODUCTIVIDAD DE CHAMARRAS,"16,384 pzs ","16,122 pzs ",101.6 % ,4,1,Mayor al 70 %,77,54.7,71 %
2026,17,300,14,GERENCIA OPERATIVA,1008,,TALEN REVIEW JEFATURAS ( INICIO DE PLAN ),NA , , ,,0,,77,54.7,71 %
2026,17,300,5,GERENCIA OPERATIVA,3003,3,PRODUCTIVIDAD DE BILLETERAS,"40,032 pzs ","40,260 pzs ",99.4 % ,3,3,Mayor al 70 %,77,54.7,71 %
2026,17,300,21,GERENCIA OPERATIVA,1005,,GPTW,NA , , ,,0,,77,54.7,71 %
2026,17,300,2,GERENCIA OPERATIVA,1002,5,UTILIDADES DE OPERACIÓN,"$ 248,225,584 ","$ 213,304,663 ",116.4 % ,5,1,Mayor al 70 %,77,54.7,71 %
2026,17,300,1,GERENCIA OPERATIVA,1001,5,VENTAS NETAS,"$ 890,815,988 ","$ 823,672,006 ",108.2 % ,5,1,Mayor al 70 %,77,54.7,71 %
2026,17,300,11,GERENCIA OPERATIVA,3009,4,BAJAS DE CALIDAD ( DEVOLUCIONES MAS BAJAS ),2.1 % ,0.5 % ,0 % ,0,4,0.5 %  -  100 %<BR>1 %  -  85 %<BR>1.5 %  -  70 %,77,54.7,71 %
2026,17,300,16,GERENCIA OPERATIVA,1011,4,PROCESOS ( MAPEO DE PROCESOS ),95.3 % ,80 % ,95.3 % ,3.8,3,Mayor al 80 %,77,54.7,71 %
2026,17,300,7,GERENCIA OPERATIVA,3005,3,PRODUCTIVIDAD DE BOLSAS,"22,085 pzs ","22,476 pzs ",98.3 % ,2.9,3,Mayor al 70 %,77,54.7,71 %
2026,17,300,13,GERENCIA OPERATIVA,1007,,TALEN REVIEW GERENCIAS ( PLAN DE DESARROLLO  ),NA , , ,,0,,77,54.7,71 %
2026,17,300,17,GERENCIA OPERATIVA,1012,,DYNAMICS ( ERP MBC ),NA , , ,,0,,77,54.7,71 %
2026,17,300,20,GERENCIA OPERATIVA,103 e,4,ROTACIÓN DE PERSONAL OPERACIONES,4.3 % ,3 % ,0 % ,0,4,3 %  -  100 %<BR>3.5 %  -  90 %<BR>4 %  -  80 %,77,54.7,71 %
2026,17,300,9,GERENCIA OPERATIVA,3007,7,COSTO DE VENTA,63.4 % ,65 % ,97.6 % ,7,2,Menor al 130 %,77,54.7,71 %
2026,17,300,19,GERENCIA OPERATIVA,102 c,5,"AUDITORIAS DE 5'S EN LAS ÁREAS DE OPERACIONES",91.3 % ,95 % ,90 % ,4.5,3,95 %  -  100 %<BR>90 %  -  90 %<BR>85 %  -  80 %,77,54.7,71 %
2026,17,300,18,GERENCIA OPERATIVA,101 d,7,AUDITORIAS INTERNAS OPERATIVAS,69.9 % ,85 % ,69.9 % ,0,5,Mayor al 85 %,77,54.7,71 %
2026,17,104,7,JEFATURA DE LOGÍSTICA,1404,5,SERVICIO DISTRIBUIDORES MX,13.2 % ,80 % ,13.2 % ,0,5,Mayor al 80 %,81,45.4,56 %
2026,17,104,9,JEFATURA DE LOGÍSTICA,101 b,10,AUDITORIAS INTERNAS DE LOGÍSTICA,45.4 % ,85 % ,45.4 % ,0,5,Mayor al 85 %,81,45.4,56 %
2026,17,104,8,JEFATURA DE LOGÍSTICA,1405,5,SERVICIO MARKETPLACE,2.8 % ,80 % ,2.8 % ,0,5,Mayor al 80 %,81,45.4,56 %
2026,17,104,4,JEFATURA DE LOGÍSTICA,1403,8,DÍAS DE PISO NACIONAL,50.4 dias ,35 dias ,0 % ,0,4,35 dias  -  100 %<BR>37.5 dias  -  80 %<BR>40 dias  -  60 %,81,45.4,56 %
2026,17,104,11,JEFATURA DE LOGÍSTICA,103 d,5,ROTACIÓN DE PERSONAL DE ÁREAS OPERATIVAS,3.8 % ,3 % ,80 % ,4,3,3 %  -  100 %<BR>3.5 %  -  90 %<BR>4 %  -  80 %,81,45.4,56 %
2026,17,104,10,JEFATURA DE LOGÍSTICA,102 i,5,"AUDITORIA DE 5'S EN EL ÁREA DE LOGÍSTICA",80.5 % ,100 % ,80.5 % ,4,3,Resultado Logrado,81,45.4,56 %
2026,17,104,1,JEFATURA DE LOGÍSTICA,1001,25,VENTAS NETAS,"$ 890,815,988 ","$ 823,672,006 ",108.2 % ,25,1,Mayor al 70 %,81,45.4,56 %
2026,17,104,3,JEFATURA DE LOGÍSTICA,1402,10,ROTACIÓN INVENTARIO MTS,2.4 vueltas ,5 vueltas ,47.4 % ,4.7,3,Resultado Logrado,81,45.4,56 %
2026,17,104,12,JEFATURA DE LOGÍSTICA,1005,,GPTW,NA , , ,,0,,81,45.4,56 %
2026,17,104,2,JEFATURA DE LOGÍSTICA,1401,8,VENTAS POR LÍNEA,96.6 % ,80 % ,96.6 % ,7.7,3,Mayor al 80 %,81,45.4,56 %
2026,17,201,6,JEFATURA DE CONTABILIDAD,2102,20,ENTREGA DE CIERRE MENSUAL,100 % ,80 % ,100 % ,20,1,Mayor al 80 %,85,57.4,67.5 %
2026,17,201,4,JEFATURA DE CONTABILIDAD,2005,5,CUENTAS POR PAGAR,34.2 dias ,40 dias ,85.5 % ,5,2,Menor al 130 %,85,57.4,67.5 %
2026,17,201,8,JEFATURA DE CONTABILIDAD,101 c,,AUDITORIAS INTERNAS ADMINISTRATIVAS,NA , , ,,0,,85,57.4,67.5 %
2026,17,201,1,JEFATURA DE CONTABILIDAD,1002,5,UTILIDADES DE OPERACIÓN,"$ 248,225,584 ","$ 213,304,663 ",116.4 % ,5,1,Mayor al 70 %,85,57.4,67.5 %
2026,17,201,3,JEFATURA DE CONTABILIDAD,2004,5,CUENTAS POR COBRAR,58.9 dias ,60 dias ,98.2 % ,5,2,Menor al 130 %,85,57.4,67.5 %
2026,17,201,10,JEFATURA DE CONTABILIDAD,103 f,5,ROTACIÓN DE PERSONAL ADMINISTRATIVO,2.3 % ,3 % ,100 % ,5,2,3 %  -  100 %<BR>3.5 %  -  90 %<BR>4 %  -  80 %,85,57.4,67.5 %
2026,17,201,11,JEFATURA DE CONTABILIDAD,1005,,GPTW,NA , , ,,0,,85,57.4,67.5 %
2026,17,201,5,JEFATURA DE CONTABILIDAD,2101,15,EFECTIVIDAD EN EL CUMPLIMIENTO DE NOTAS DE CRÉDITO POR PRONTO PAGO,84.5 % ,70 % ,84.5 % ,12.7,3,Mayor al 70 %,85,57.4,67.5 %
2026,17,201,9,JEFATURA DE CONTABILIDAD,102 j,5,"AUDITORIA DE 5'S EN EL ÁREA DE ADMINISTRACIÓN",93.5 % ,100 % ,93.5 % ,4.7,3,Resultado Logrado,85,57.4,67.5 %
2026,17,201,2,JEFATURA DE CONTABILIDAD,1004,5,FLUJO DE EFECTIVO,62.2 % ,80 % ,62.2 % ,0,5,Mayor al 80 %,85,57.4,67.5 %
2026,17,201,7,JEFATURA DE CONTABILIDAD,2103,20,PRESENTACIÓN DE IMPUESTOS,99.2 % ,100 % ,99.2 % ,0,5,Mayor al 100 %,85,57.4,67.5 %
2026,17,102,2,JEFATURA DE CALIDAD,1201,30,"PORCENTAJE DE EFECTIVIDAD 'BIEN A LA PRIMERA'",82.6 % ,95 % ,70 % ,21,3,95 %  -  100 %<BR>90 %  -  80 %<BR>80 %  -  70 %,95,56.4,59.4 %
2026,17,102,1,JEFATURA DE CALIDAD,3009,25,BAJAS DE CALIDAD ( DEVOLUCIONES MAS BAJAS ),2.1 % ,0.5 % ,0 % ,0,4,0.5 %  -  100 %<BR>1 %  -  85 %<BR>1.5 %  -  70 %,95,56.4,59.4 %
2026,17,102,7,JEFATURA DE CALIDAD,1005,,GPTW,NA , , ,,0,,95,56.4,59.4 %
2026,17,102,3,JEFATURA DE CALIDAD,1202,20,CALIFICACIÓN REPETIBILIDAD & REPRODUCIBILIDAD <BR> ( UNIFICACIÓN DE CRITERIOS DE INSPECCIÓN ),93.8 % ,95 % ,85 % ,17,3,95 %  -  100 %<BR>85 %  -  85 %<BR>75 %  -  75 %,95,56.4,59.4 %
2026,17,102,5,JEFATURA DE CALIDAD,102 g,5,"AUDITORIA DE 5'S EN EL ÁREA DE CALIDAD",88.2 % ,100 % ,88.2 % ,4.4,3,Resultado Logrado,95,56.4,59.4 %
2026,17,102,6,JEFATURA DE CALIDAD,103 d,5,ROTACIÓN DE PERSONAL DE ÁREAS OPERATIVAS,3.8 % ,3 % ,80 % ,4,3,3 %  -  100 %<BR>3.5 %  -  90 %<BR>4 %  -  80 %,95,56.4,59.4 %
2026,17,102,4,JEFATURA DE CALIDAD,1203,10,PORCENTAJE DE EFECTIVIDAD EN <BR> LOS PUNTOS DE INSPECCIÓN DEL PRODUCTO,97 % ,95 % ,100 % ,10,1,95 %  -  100 %<BR>90 %  -  80 %<BR>80 %  -  70 %,95,56.4,59.4 %
2026,17,400,2,GERENCIA DE CAPITAL HUMANO,1006,,SUSSESION PLAN ( PLAN DE SUCESIÓN PARA GERENTES ),NA , , ,,0,,40,13.8,34.5 %
2026,17,400,3,GERENCIA DE CAPITAL HUMANO,1007,,TALEN REVIEW GERENCIAS ( PLAN DE DESARROLLO  ),NA , , ,,0,,40,13.8,34.5 %
2026,17,400,1,GERENCIA DE CAPITAL HUMANO,103 a,15,ROTACIÓN DE PERSONAL MBC,4.2 % ,3 % ,0 % ,0,4,3 %  -  100 %<BR>3.5 %  -  90 %<BR>4 %  -  80 %,40,13.8,34.5 %
2026,17,400,6,GERENCIA DE CAPITAL HUMANO,101 e,10,AUDITORIAS INTERNAS CAPITAL HUMANO,39.5 % ,85 % ,39.5 % ,0,5,Mayor al 85 %,40,13.8,34.5 %
2026,17,400,7,GERENCIA DE CAPITAL HUMANO,102 d,10,"AUDITORIAS DE 5'S EN LAS ÁREAS DE CAPITAL HUMANO",92 % ,95 % ,90 % ,9,3,95 %  -  100 %<BR>90 %  -  90 %<BR>85 %  -  80 %,40,13.8,34.5 %
2026,17,400,5,GERENCIA DE CAPITAL HUMANO,1011,5,PROCESOS ( MAPEO DE PROCESOS ),95.3 % ,80 % ,95.3 % ,4.8,3,Mayor al 80 %,40,13.8,34.5 %
2026,17,400,4,GERENCIA DE CAPITAL HUMANO,1008,,TALEN REVIEW JEFATURAS ( INICIO DE PLAN ),NA , , ,,0,,40,13.8,34.5 %
2026,17,400,8,GERENCIA DE CAPITAL HUMANO,1005,,GPTW,NA , , ,,0,,40,13.8,34.5 %
2026,17,101,3,JEFATURA DE COMPRAS,1103,7,PARES PROGRAMADOS VS PARES NO SURTIDOS DE BOTAS,99.4 % ,99 % ,100 % ,7,1,99 %  -  100 %<BR>97 %  -  90 %<BR>95 %  -  80 %,87,63.3,72.8 %
2026,17,101,6,JEFATURA DE COMPRAS,1106,5,CIERRE DE INVENTARIO DEL ALMACÉN DE PIELES,3 días hab. ,3 días hab. ,100 % ,5,2,,87,63.3,72.8 %
2026,17,101,5,JEFATURA DE COMPRAS,1105,20,PIEZAS PLANEADAS VS PIEZAS PROGRAMADAS,88.2 % ,80 % ,88.2 % ,17.6,3,Mayor al 80 %,87,63.3,72.8 %
2026,17,101,7,JEFATURA DE COMPRAS,1107,5,CIERRE DE INVENTARIO DEL ALMACÉN DE MATERIA PRIMA,4 días hab. ,3 días hab. ,0 % ,0,4,,87,63.3,72.8 %
2026,17,101,2,JEFATURA DE COMPRAS,1102,5,PRESUPUESTO DEL INVENTARIO DEL ALMACÉN DE MATERIA PRIMA,"$ 26,285,403 ","$ 23,185,696 ",113.4 % ,0,4,Menor al 110 %,87,63.3,72.8 %
2026,17,101,14,JEFATURA DE COMPRAS,1005,,GPTW,NA , , ,,0,,87,63.3,72.8 %
2026,17,101,9,JEFATURA DE COMPRAS,101 a,10,AUDITORIAS INTERNAS DE COMPRAS,59.3 % ,85 % ,59.3 % ,0,5,Mayor al 85 %,87,63.3,72.8 %
2026,17,101,8,JEFATURA DE COMPRAS,2005,5,CUENTAS POR PAGAR,34.2 dias ,40 dias ,85.5 % ,5,2,Menor al 130 %,87,63.3,72.8 %
2026,17,101,1,JEFATURA DE COMPRAS,1101,20,PRESUPUESTO DEL INVENTARIO DEL ALMACÉN DE PIELES,"$ 87,066,229 ","$ 98,265,185 ",88.6 % ,20,2,Menor al 110 %,87,63.3,72.8 %
2026,17,101,12,JEFATURA DE COMPRAS,102 f,5,"AUDITORIA DE 5'S EN EL ÁREA DE COMPRAS",94.7 % ,100 % ,94.7 % ,4.7,3,Resultado Logrado,87,63.3,72.8 %
2026,17,101,13,JEFATURA DE COMPRAS,103 d,5,ROTACIÓN DE PERSONAL DE ÁREAS OPERATIVAS,3.8 % ,3 % ,80 % ,4,3,3 %  -  100 %<BR>3.5 %  -  90 %<BR>4 %  -  80 %,87,63.3,72.8 %
2026,17,304,14,JEFATURA DE DESARROLLO BOTAS,103 d,5,ROTACIÓN DE PERSONAL DE ÁREAS OPERATIVAS,3.8 % ,3 % ,80 % ,4,3,3 %  -  100 %<BR>3.5 %  -  90 %<BR>4 %  -  80 %,58,34.5,59.5 %
2026,17,304,3,JEFATURA DE DESARROLLO BOTAS,3403,,CUMPLIMIENTO EN EL CALENDARIO DE LIBERACIONES <BR> VS CALENDARIO ESTABLECIDO BOTAS ( RESULTADO SEMESTRAL ),NA , , ,,0,,58,34.5,59.5 %
2026,17,304,4,JEFATURA DE DESARROLLO BOTAS,3404,9,CUMPLIMIENTO DE ANÁLISIS DE  VIABILIDAD Y FACTIBILIDAD,100 % ,100 % ,100 % ,9,1,Resultado Logrado,58,34.5,59.5 %
2026,17,304,2,JEFATURA DE DESARROLLO BOTAS,3402,9,CUMPLIMIENTO EN EL CALENDARIO DE AMEF <BR> VS CALENDARIO ESTABLECIDO,45.2 % ,100 % ,45.2 % ,4.1,3,Resultado Logrado,58,34.5,59.5 %
2026,17,304,15,JEFATURA DE DESARROLLO BOTAS,1005,,GPTW,NA , , ,,0,,58,34.5,59.5 %
2026,17,304,5,JEFATURA DE DESARROLLO BOTAS,3405,,CUMPLIMIENTO DE ENTREGABLES <BR> EN LA ETAPA DE MUESTRAS A INGENIERIA DE COSTOS Y SISTEMAS,NA , , ,,0,,58,34.5,59.5 %
2026,17,304,1,JEFATURA DE DESARROLLO BOTAS,3401,,ENTREGA DE PROTOTIPOS VS CALENDARIO BOTAS,NA , , ,,0,,58,34.5,59.5 %
2026,17,304,6,JEFATURA DE DESARROLLO BOTAS,3406,,ENTREGA DE MUESTRAS VS CALENDARIO ESTABLECIDO BOTAS,NA , , ,,0,,58,34.5,59.5 %
2026,17,304,11,JEFATURA DE DESARROLLO BOTAS,3411,8,PORCENTAJE DE REPROCESOS EN MUESTRAS Y LOTES PILOTO DE BOTAS,48.4 % ,100 % ,48.4 % ,3.9,3,Resultado Logrado,58,34.5,59.5 %
2026,17,304,10,JEFATURA DE DESARROLLO BOTAS,3410,4,CUMPLIMIENTO DE ENTREGA DE PRECOSTEO BOTAS,89.2 % ,100 % ,89.2 % ,3.6,3,Resultado Logrado,58,34.5,59.5 %
2026,17,304,12,JEFATURA DE DESARROLLO BOTAS,101 dd,10,AUDITORIAS INTERNAS DE DESARROLLO BOTAS,74.6 % ,85 % ,74.6 % ,0,5,Mayor al 85 %,58,34.5,59.5 %
2026,17,304,9,JEFATURA DE DESARROLLO BOTAS,3409,4,"CUMPLIMIENTO EN LOS AVANCES DE WIP EN SISTEMA, <BR> 12 DÍAS EN BOTAS PROTOTIPOS, MUESTRAS Y LOTES PILOTO",52.4 % ,100 % ,52.4 % ,2.1,3,Resultado Logrado,58,34.5,59.5 %
2026,17,304,7,JEFATURA DE DESARROLLO BOTAS,3407,4,EFECTIVIDAD EN EL PAQUETE TÉCNICO <BR> Y ENTREGABLES EN LA LIBERACIÓN DEL MODELO A PRODUCCIÓN,94 % ,100 % ,94 % ,3.8,3,Resultado Logrado,58,34.5,59.5 %
2026,17,304,13,JEFATURA DE DESARROLLO BOTAS,102 o,5,"AUDITORIA DE 5'S EN EL ÁREA DE DESARROLLO BOTAS",80.3 % ,100 % ,80.3 % ,4,3,Resultado Logrado,58,34.5,59.5 %
2026,17,304,8,JEFATURA DE DESARROLLO BOTAS,3408,,CUMPLIMIENTO DE ENTREGAS DE PAQUETES TÉCNICOS CONFORME A CALENDARIO DE ENTREGA DE BETA 7,NA , , ,,0,,58,34.5,59.5 %
2026,17,308,1,JEFATURA DE MANTENIMIENTO,3801,20,CUMPLIMIENTO  DEL PLAN DE <BR> MANTENIMIENTO PREVENTIVO VS CALENDARIO,97.1 % ,100 % ,97.1 % ,19.4,3,Resultado Logrado,85,73.7,86.7 %
2026,17,308,3,JEFATURA DE MANTENIMIENTO,3803,15,MANTENIMIENTO PREDICTIVO,90.8 % ,100 % ,90.8 % ,13.6,3,Resultado Logrado,85,73.7,86.7 %
2026,17,308,5,JEFATURA DE MANTENIMIENTO,3805,5,CONTROLAR Y ADMINISTRAR INVENTARIOS DE MAQUINARIA,0.3 maquinas ,0 maquinas ,0 % ,0,4,,85,73.7,86.7 %
2026,17,308,2,JEFATURA DE MANTENIMIENTO,3802,15,ADMINISTRAR EL MANTENIMIENTO CORRECTIVO,97.9 % ,100 % ,97.9 % ,14.7,3,Resultado Logrado,85,73.7,86.7 %
2026,17,308,11,JEFATURA DE MANTENIMIENTO,1005,,GPTW,NA , , ,,0,,85,73.7,86.7 %
2026,17,308,6,JEFATURA DE MANTENIMIENTO,3806,5,CONTROLAR Y ADMINISTRAR INVENTARIOS DE REFACCIONES,0 items ,5 item ,100 % ,5,2,,85,73.7,86.7 %
2026,17,308,10,JEFATURA DE MANTENIMIENTO,103 d,5,ROTACIÓN DE PERSONAL DE ÁREAS OPERATIVAS,3.8 % ,3 % ,80 % ,4,3,3 %  -  100 %<BR>3.5 %  -  90 %<BR>4 %  -  80 %,85,73.7,86.7 %
2026,17,308,4,JEFATURA DE MANTENIMIENTO,3804,10,MANTENIMIENTO AUTÓNOMO,81.1 % ,100 % ,81.1 % ,8.1,3,Resultado Logrado,85,73.7,86.7 %
2026,17,308,7,JEFATURA DE MANTENIMIENTO,3807,5,COMPARATIVO DEL GASTO REAL CONTRA LO PLANEADO,-6.7 % ,5 % ,100 % ,5,2,,85,73.7,86.7 %
2026,17,308,9,JEFATURA DE MANTENIMIENTO,102 s,5,"AUDITORIA DE 5'S EN EL ÁREA DE MANTENIMIENTO",77.6 % ,100 % ,77.6 % ,3.9,3,Resultado Logrado,85,73.7,86.7 %
2026,17,308,8,JEFATURA DE MANTENIMIENTO,101 dh,,AUDITORIAS INTERNAS DE MANTENIMIENTO,NA , , ,,0,,85,73.7,86.7 %
2026,17,303,28,JEFATURA DE PRODUCCIÓN ACCESORIOS,102 n,5,"AUDITORIA DE 5'S EN EL ÁREA DE ACCESORIOS",97 % ,100 % ,97 % ,4.8,3,Resultado Logrado,85,83.7,98.5 %
2026,17,303,26,JEFATURA DE PRODUCCIÓN ACCESORIOS,3322,7,BAJAS DE CALIDAD EN PRODUCCIÓN ( LINEAS DE ACCESORIOS ),0 % ,0.5 % ,100 % ,7,2,0.5 %  -  100 %<BR>1 %  -  80 %<BR>1.5 %  -  60 %,85,83.7,98.5 %
2026,17,303,27,JEFATURA DE PRODUCCIÓN ACCESORIOS,101 dc,,AUDITORIAS INTERNAS DE PRODUCCIÓN ACCESORIOS,NA , , ,,0,,85,83.7,98.5 %
2026,17,303,29,JEFATURA DE PRODUCCIÓN ACCESORIOS,103 c,5,ROTACIÓN DE PERSONAL DE ACCESORIOS,3.7 % ,3 % ,80 % ,4,3,3 %  -  100 %<BR>3.5 %  -  90 %<BR>4 %  -  80 %,85,83.7,98.5 %
2026,17,303,7,JEFATURA DE PRODUCCIÓN ACCESORIOS,3003,5.5,PRODUCTIVIDAD DE BILLETERAS,"40,032 pzs ","40,260 pzs ",99.4 % ,5.5,3,Mayor al 70 %,85,83.7,98.5 %
2026,17,303,25,JEFATURA DE PRODUCCIÓN ACCESORIOS,3321,5,REPROCESOS EN PLANTA ( LINEAS DE ACCESORIOS ),1.6 % ,5 % ,100 % ,5,2,5 %  -  100 %<BR>6.5 %  -  80 %<BR>8 %  -  60 %,85,83.7,98.5 %
2026,17,303,13,JEFATURA DE PRODUCCIÓN ACCESORIOS,3004,5.5,PRODUCTIVIDAD DE CHAMARRAS,"16,384 pzs ","16,122 pzs ",101.6 % ,5.5,1,Mayor al 70 %,85,83.7,98.5 %
2026,17,303,30,JEFATURA DE PRODUCCIÓN ACCESORIOS,1005,,GPTW,NA , , ,,0,,85,83.7,98.5 %
2026,17,303,1,JEFATURA DE PRODUCCIÓN ACCESORIOS,3002,5.5,PRODUCTIVIDAD DE CINTOS,"94,955 pzs ","98,270 pzs ",96.6 % ,5.3,3,Mayor al 70 %,85,83.7,98.5 %
2026,17,303,19,JEFATURA DE PRODUCCIÓN ACCESORIOS,3005,5.5,PRODUCTIVIDAD DE BOLSAS,"22,085 pzs ","22,476 pzs ",98.3 % ,5.4,3,Mayor al 70 %,85,83.7,98.5 %
2026,17,303,8,JEFATURA DE PRODUCCIÓN ACCESORIOS,3306,3.75,DÍAS DE WIP BILLETERAS,6.1 dias ,7 dias ,100 % ,3.8,2,7 dias  -  100 %<BR>8 dias  -  80 %<BR>9 dias  -  60 %,85,83.7,98.5 %
2026,17,303,6,JEFATURA DE PRODUCCIÓN ACCESORIOS,3305,1.25,EFECTIVIDAD EN ENTREGAS A PT CINTOS ( ANTIGÜEDAD DE LOTES EN WIP ),97.9 % ,100 % ,97.9 % ,1.2,3,Resultado Logrado,85,83.7,98.5 %
2026,17,303,9,JEFATURA DE PRODUCCIÓN ACCESORIOS,3307,1.75,PRODUCTIVIDAD PIEZAS / HOMBRE  ( BILLETERAS ),4.35 pzs/hom ,4.19 pzs/hom ,100 % ,1.8,1,,85,83.7,98.5 %
2026,17,303,10,JEFATURA DE PRODUCCIÓN ACCESORIOS,3308,1.75,PRESUPUESTO DE COSTO DE MANO DE OBRA DIRECTA EN BILLETERAS,$ 117.78 ,$ 124.01 ,100 % ,1.8,2,,85,83.7,98.5 %
2026,17,303,5,JEFATURA DE PRODUCCIÓN ACCESORIOS,3304,1.75,CUMPLIMIENTO DEL COSTO PRESUPUESTADO <BR> EN MATERIALES DIRECTOS E INDIRECTOS DE CINTOS,100 % ,95 % ,100 % ,1.8,1,95 %  -  100 %<BR>94 %  -  80 %<BR>93 %  -  60 %,85,83.7,98.5 %
2026,17,303,2,JEFATURA DE PRODUCCIÓN ACCESORIOS,3301,3.75,DÍAS DE WIP CINTOS,5.9 dias ,7 dias ,100 % ,3.8,2,7 dias  -  100 %<BR>8 dias  -  80 %<BR>9 dias  -  60 %,85,83.7,98.5 %
2026,17,303,11,JEFATURA DE PRODUCCIÓN ACCESORIOS,3309,1.75,CUMPLIMIENTO DEL COSTO PRESUPUESTADO <BR> EN MATERIALES DIRECTOS E INDIRECTOS DE BILLETERAS,100 % ,95 % ,100 % ,1.8,1,95 %  -  100 %<BR>94 %  -  80 %<BR>93 %  -  60 %,85,83.7,98.5 %
2026,17,303,3,JEFATURA DE PRODUCCIÓN ACCESORIOS,3302,1.75,PRODUCTIVIDAD PIEZAS / HOMBRE  ( CINTOS ),105 pzs/hom ,92 pzs/hom ,100 % ,1.8,1,,85,83.7,98.5 %
2026,17,303,4,JEFATURA DE PRODUCCIÓN ACCESORIOS,3303,1.75,PRESUPUESTO DE COSTO DE MANO DE OBRA DIRECTA EN CINTOS,$ 51.35 ,$ 51.11 ,80 % ,1.4,3,,85,83.7,98.5 %
2026,17,303,12,JEFATURA DE PRODUCCIÓN ACCESORIOS,3310,1.25,EFECTIVIDAD EN ENTREGAS A PT BILLETERAS ( ANTIGÜEDAD DE LOTES EN WIP ),93 % ,100 % ,93 % ,1.2,3,Resultado Logrado,85,83.7,98.5 %
2026,17,303,21,JEFATURA DE PRODUCCIÓN ACCESORIOS,3317,1.75,PRODUCTIVIDAD PIEZAS / HOMBRE  ( BOLSAS ),1.68 pzs/hom ,1.60 pzs/hom ,100 % ,1.8,1,,85,83.7,98.5 %
2026,17,303,20,JEFATURA DE PRODUCCIÓN ACCESORIOS,3316,3.75,DÍAS DE WIP BOLSAS,6.3 dias ,7 dias ,100 % ,3.8,2,7 dias  -  100 %<BR>8 dias  -  80 %<BR>9 dias  -  60 %,85,83.7,98.5 %
2026,17,303,22,JEFATURA DE PRODUCCIÓN ACCESORIOS,3318,1.75,PRESUPUESTO DE COSTO DE MANO DE OBRA DIRECTA EN BOLSAS,$ 328.11 ,$ 338.81 ,100 % ,1.8,2,,85,83.7,98.5 %
2026,17,303,23,JEFATURA DE PRODUCCIÓN ACCESORIOS,3319,1.75,CUMPLIMIENTO DEL COSTO PRESUPUESTADO <BR> EN MATERIALES DIRECTOS E INDIRECTOS DE BOLSAS,100 % ,95 % ,100 % ,1.8,1,95 %  -  100 %<BR>94 %  -  80 %<BR>93 %  -  60 %,85,83.7,98.5 %
2026,17,303,18,JEFATURA DE PRODUCCIÓN ACCESORIOS,3315,1.25,EFECTIVIDAD EN ENTREGAS A PT CHAMARRAS ( ANTIGÜEDAD DE LOTES EN WIP ),97.3 % ,100 % ,97.3 % ,1.2,3,Resultado Logrado,85,83.7,98.5 %
2026,17,303,15,JEFATURA DE PRODUCCIÓN ACCESORIOS,3312,1.75,PRODUCTIVIDAD PIEZAS / HOMBRE  ( CHAMARRAS ),1.38 pzs/hom ,1.12 pzs/hom ,100 % ,1.8,1,,85,83.7,98.5 %
2026,17,303,14,JEFATURA DE PRODUCCIÓN ACCESORIOS,3311,3.75,DÍAS DE WIP CHAMARRAS,6.1 dias ,7 dias ,100 % ,3.8,2,7 dias  -  100 %<BR>8 dias  -  80 %<BR>9 dias  -  60 %,85,83.7,98.5 %
2026,17,303,24,JEFATURA DE PRODUCCIÓN ACCESORIOS,3320,1.25,EFECTIVIDAD EN ENTREGAS A PT BOLSAS ( ANTIGÜEDAD DE LOTES EN WIP ),95.2 % ,100 % ,95.2 % ,1.2,3,Resultado Logrado,85,83.7,98.5 %
2026,17,303,16,JEFATURA DE PRODUCCIÓN ACCESORIOS,3313,1.75,PRESUPUESTO DE COSTO DE MANO DE OBRA DIRECTA EN CHAMARRAS,$ 463.48 ,$ 529.21 ,100 % ,1.8,2,,85,83.7,98.5 %
2026,17,303,17,JEFATURA DE PRODUCCIÓN ACCESORIOS,3314,1.75,CUMPLIMIENTO DEL COSTO PRESUPUESTADO <BR> EN MATERIALES DIRECTOS E INDIRECTOS DE CHAMARRAS,100 % ,95 % ,100 % ,1.8,1,95 %  -  100 %<BR>94 %  -  80 %<BR>93 %  -  60 %,85,83.7,98.5 %
2026,17,307,9,JEFATURA DE INGENIERÍA DE COSTOS Y SISTEMA,1005,,GPTW,NA , , ,,0,,85,67.2,79.1 %
2026,17,307,6,JEFATURA DE INGENIERÍA DE COSTOS Y SISTEMA,101 dg,10,AUDITORIAS INTERNAS DE INGENIERÍA DE COSTOS Y SISTEMA,75.7 % ,85 % ,75.7 % ,0,5,Mayor al 85 %,85,67.2,79.1 %
2026,17,307,5,JEFATURA DE INGENIERÍA DE COSTOS Y SISTEMA,3705,,CUMPLIMIENTO DEL CALENDARIO DE <BR> DEPURACIÓN DE CONTANTES Y HERRAMENTALES <BR> ( RESULTADO SEMESTRAL | JUNIO Y DICIEMBRE ),NA , , ,,0,,85,67.2,79.1 %
2026,17,307,7,JEFATURA DE INGENIERÍA DE COSTOS Y SISTEMA,102 r,5,"AUDITORIA DE 5'S EN EL ÁREA DE INGENIERÍA DE COSTOS Y SISTEMAS",83.7 % ,100 % ,83.7 % ,4.2,3,Resultado Logrado,85,67.2,79.1 %
2026,17,307,4,JEFATURA DE INGENIERÍA DE COSTOS Y SISTEMA,3704,10,ENTREGA DE COSTEOS DE PRODUCTOS CUADRA,96.7 % ,100 % ,90 % ,9,3,100 %  -  100 %<BR>90 %  -  90 %<BR>80 %  -  80 %,85,67.2,79.1 %
2026,17,307,3,JEFATURA DE INGENIERÍA DE COSTOS Y SISTEMA,3703,10,AFECTACIÓN DE EXISTENCIAS EN MATERIALES POR MODIFICACIÓN EN CONSTANTES <BR> ( INVENTARIOS SOBRANTES DERIVADOS DE LOS CAMBIOS ),"$ 122,831 ",$ 0.01 ,50 % ,5,3,,85,67.2,79.1 %
2026,17,307,8,JEFATURA DE INGENIERÍA DE COSTOS Y SISTEMA,103 d,5,ROTACIÓN DE PERSONAL DE ÁREAS OPERATIVAS,3.8 % ,3 % ,80 % ,4,3,3 %  -  100 %<BR>3.5 %  -  90 %<BR>4 %  -  80 %,85,67.2,79.1 %
2026,17,307,1,JEFATURA DE INGENIERÍA DE COSTOS Y SISTEMA,3701,25,VARIACIÓN ENTRE EL COSTO REAL DE MATERIALES DIRECTOS VS PRESUPUESTADO,"$ 48,032,030 ","$ 58,772,251 ",100 % ,25,2,,85,67.2,79.1 %
2026,17,307,2,JEFATURA DE INGENIERÍA DE COSTOS Y SISTEMA,3702,20,VARIACIÓN ENTRE EL COSTO REAL DE MATERIALES INDIRECTOS VS PRESUPUESTADO,"$ 1,972,028 ","$ 2,403,075 ",100 % ,20,2,,85,67.2,79.1 %
2026,17,305,13,JEFATURA DE DESARROLLO ACCESORIOS,103 d,5,ROTACIÓN DE PERSONAL DE ÁREAS OPERATIVAS,3.8 % ,3 % ,80 % ,4,3,3 %  -  100 %<BR>3.5 %  -  90 %<BR>4 %  -  80 %,58,50.6,87.2 %
2026,17,305,14,JEFATURA DE DESARROLLO ACCESORIOS,1005,,GPTW,NA , , ,,0,,58,50.6,87.2 %
2026,17,305,12,JEFATURA DE DESARROLLO ACCESORIOS,102 n,5,"AUDITORIA DE 5'S EN EL ÁREA DE ACCESORIOS",97 % ,100 % ,97 % ,4.8,3,Resultado Logrado,58,50.6,87.2 %
2026,17,305,7,JEFATURA DE DESARROLLO ACCESORIOS,3507,4,EFECTIVIDAD EN EL PAQUETE TÉCNICO Y ENTREGABLES <BR> EN LA LIBERACIÓN DEL MODELO A PRODUCCIÓN,95.2 % ,100 % ,95.2 % ,3.8,3,Resultado Logrado,58,50.6,87.2 %
2026,17,305,8,JEFATURA DE DESARROLLO ACCESORIOS,3508,4,"CUMPLIMIENTO DE LOS AVANCES PARA CUMPLIR CON LOS DÍAS DE WIP <BR> 7 DÍAS EN PROTOTIPOS, MUESTRAS, LOTES PILOTO DE ACCESORIOS",50.9 % ,100 % ,50.9 % ,2,3,Resultado Logrado,58,50.6,87.2 %
2026,17,305,9,JEFATURA DE DESARROLLO ACCESORIOS,3509,4,CUMPLIMIENTO DE ENTREGA DE PRECOSTEO ACCESORIOS,89.2 % ,100 % ,89.2 % ,3.6,3,Resultado Logrado,58,50.6,87.2 %
2026,17,305,6,JEFATURA DE DESARROLLO ACCESORIOS,3506,,ENTREGA DE MUESTRAS VS CALENDARIO ESTABLECIDO ACCESORIOS,NA , , ,,0,,58,50.6,87.2 %
2026,17,305,5,JEFATURA DE DESARROLLO ACCESORIOS,3505,,CUMPLIMIENTO DE ENTREGABLES EN LA ETAPA DE <BR> MUESTRAS A INGENIERÍA DE COSTOS Y CONSUMOS ( SEMESTRAL ),NA , , ,,0,,58,50.6,87.2 %
2026,17,305,10,JEFATURA DE DESARROLLO ACCESORIOS,3510,8,PORCENTAJE DE REPROCESOS EN MUESTRAS Y LOTES PILOTO DE ACCESORIOS,79.3 % ,100 % ,79.3 % ,6.3,3,Resultado Logrado,58,50.6,87.2 %
2026,17,305,2,JEFATURA DE DESARROLLO ACCESORIOS,3502,9,CUMPLIMIENTO EN LA PRESENTACIÓN DE LOS AMEF VS CALENDARIO ESTABLECIDO,90.4 % ,100 % ,90.4 % ,8.1,3,Resultado Logrado,58,50.6,87.2 %
2026,17,305,1,JEFATURA DE DESARROLLO ACCESORIOS,3501,,ENTREGA DE PROTOTIPOS VS CALENDARIO ESTABLECIDO ACCESORIOS,NA , , ,,0,,58,50.6,87.2 %
2026,17,305,4,JEFATURA DE DESARROLLO ACCESORIOS,3504,9,CUMPLIMIENTO DE ANÁLISIS DE  VIABILIDAD Y FACTIBILIDAD,100 % ,100 % ,100 % ,9,1,Resultado Logrado,58,50.6,87.2 %
2026,17,305,3,JEFATURA DE DESARROLLO ACCESORIOS,3503,,CUMPLIMIENTO EN EL CALENDARIO DE LIBERACIONES <BR> VS. CALENDARIO ESTABLECIDO ACCESORIOS ( SEMESTRAL ),NA , , ,,0,,58,50.6,87.2 %
2026,17,305,11,JEFATURA DE DESARROLLO ACCESORIOS,101 de,10,AUDITORIAS INTERNAS DE DESARROLLO ACCESORIOS,90.1 % ,85 % ,90.1 % ,9,3,Mayor al 85 %,58,50.6,87.2 %
2026,17,401,3,JEFATURA DE CAPITAL HUMANO,4103,15,CUMPLIMIENTO DE NORMATIVA LEGAL EN SEGURIDAD E HIGIENE,83.7 % ,80 % ,83.7 % ,12.5,3,Mayor al 80 %,95,78.1,82.2 %
2026,17,401,1,JEFATURA DE CAPITAL HUMANO,4101,30,CUMPLIMIENTO DEL TIEMPO DE CONTRATACIÓN (= 15 DÍAS HÁBILES),13.3 días hab. ,15 días hab. ,100 % ,30,2,,95,78.1,82.2 %
2026,17,401,2,JEFATURA DE CAPITAL HUMANO,4102,20,TOTAL DE CAPACITACIONES REALIZADAS VS CAPACITACIONES PLANEADAS,100 % ,90 % ,100 % ,20,1,Mayor al 90 %,95,78.1,82.2 %
2026,17,401,4,JEFATURA DE CAPITAL HUMANO,4104,10,AUDITORIAS DE 5´S EJECUTADAS VS PROGRAMADAS,89.4 % ,95 % ,60 % ,6,3,95 %  -  100 %<BR>90 %  -  80 %<BR>85 %  -  60 %,95,78.1,82.2 %
2026,17,401,7,JEFATURA DE CAPITAL HUMANO,103 f,5,ROTACIÓN DE PERSONAL ADMINISTRATIVO,2.3 % ,3 % ,100 % ,5,2,3 %  -  100 %<BR>3.5 %  -  90 %<BR>4 %  -  80 %,95,78.1,82.2 %
2026,17,401,8,JEFATURA DE CAPITAL HUMANO,1005,,GPTW,NA , , ,,0,,95,78.1,82.2 %
2026,17,401,5,JEFATURA DE CAPITAL HUMANO,101 ea,10,AUDITORIAS INTERNAS DE CAPITAL HUMANO,39.5 % ,85 % ,39.5 % ,0,5,Mayor al 85 %,95,78.1,82.2 %
2026,17,401,6,JEFATURA DE CAPITAL HUMANO,102 u,5,"AUDITORIA DE 5'S EN EL ÁREA DE CAPITAL HUMANO",92 % ,100 % ,92 % ,4.6,3,Resultado Logrado,95,78.1,82.2 %
2026,17,402,4,JEFATURA DE GESTION DE CALIDAD,102 v,5,"AUDITORIA DE 5'S EN EL ÁREA DE GESTION DE CALIDAD",96 % ,100 % ,96 % ,4.8,3,Resultado Logrado,75,70.1,93.5 %
2026,17,402,3,JEFATURA DE GESTION DE CALIDAD,101 eb,,AUDITORIAS INTERNAS DE SISTEMAS DE GESTIÓN,NA , , ,,0,,75,70.1,93.5 %
2026,17,402,2,JEFATURA DE GESTION DE CALIDAD,4202,25,INDICE DE PROCESOS DOCUMENTADOS VS PROCESOS PLANEADOS,93.2 % ,85 % ,93.2 % ,23.3,3,Mayor al 85 %,75,70.1,93.5 %
2026,17,402,1,JEFATURA DE GESTION DE CALIDAD,4201,40,CUMPLIMIENTO DE AUDITORIAS INTERNAS,92.5 % ,85 % ,92.5 % ,37,3,Mayor al 85 %,75,70.1,93.5 %
2026,17,402,5,JEFATURA DE GESTION DE CALIDAD,103 f,5,ROTACIÓN DE PERSONAL ADMINISTRATIVO,2.3 % ,3 % ,100 % ,5,2,3 %  -  100 %<BR>3.5 %  -  90 %<BR>4 %  -  80 %,75,70.1,93.5 %
2026,17,402,6,JEFATURA DE GESTION DE CALIDAD,1005,,GPTW,NA , , ,,0,,75,70.1,93.5 %
2026,17,306,14,JEFATURA DE INGENIERÍA DE PROCESOS,103 d,5,ROTACIÓN DE PERSONAL DE ÁREAS OPERATIVAS,3.8 % ,3 % ,80 % ,4,3,3 %  -  100 %<BR>3.5 %  -  90 %<BR>4 %  -  80 %,85,68.6,80.7 %
2026,17,306,15,JEFATURA DE INGENIERÍA DE PROCESOS,1005,,GPTW,NA , , ,,0,,85,68.6,80.7 %
2026,17,306,1,JEFATURA DE INGENIERÍA DE PROCESOS,3601,,CUMPLIMIENTO DEL PROGRAMA DE <BR> PROYECTOS DE MEJORA CONTINUA ( RESULTADO TRIMESTRAL ),NA , , ,,0,,85,68.6,80.7 %
2026,17,306,10,JEFATURA DE INGENIERÍA DE PROCESOS,3312,5,PRODUCTIVIDAD PIEZAS / HOMBRE  ( CHAMARRAS ),1.38 pzs/hom ,1.12 pzs/hom ,100 % ,5,1,,85,68.6,80.7 %
2026,17,306,4,JEFATURA DE INGENIERÍA DE PROCESOS,3308,5,PRESUPUESTO DE COSTO DE MANO DE OBRA DIRECTA EN BILLETERAS,$ 117.78 ,$ 124.01 ,100 % ,5,2,,85,68.6,80.7 %
2026,17,306,5,JEFATURA DE INGENIERÍA DE PROCESOS,3313,10,PRESUPUESTO DE COSTO DE MANO DE OBRA DIRECTA EN CHAMARRAS,$ 463.48 ,$ 529.21 ,100 % ,10,2,,85,68.6,80.7 %
2026,17,306,11,JEFATURA DE INGENIERÍA DE PROCESOS,3317,5,PRODUCTIVIDAD PIEZAS / HOMBRE  ( BOLSAS ),1.68 pzs/hom ,1.60 pzs/hom ,100 % ,5,1,,85,68.6,80.7 %
2026,17,306,9,JEFATURA DE INGENIERÍA DE PROCESOS,3307,5,PRODUCTIVIDAD PIEZAS / HOMBRE  ( BILLETERAS ),4.35 pzs/hom ,4.19 pzs/hom ,100 % ,5,1,,85,68.6,80.7 %
2026,17,306,2,JEFATURA DE INGENIERÍA DE PROCESOS,3102,10,PRESUPUESTO DE COSTO DE MANO DE OBRA DIRECTA DE BOTAS,$ 250.69 ,$ 239.01 ,60 % ,6,3,,85,68.6,80.7 %
2026,17,306,7,JEFATURA DE INGENIERÍA DE PROCESOS,3101,5,PRODUCTIVIDAD PARES / HOMBRE ( BOTAS ),3.59 prs/hom ,3.50 prs/hom ,100 % ,5,1,,85,68.6,80.7 %
2026,17,306,6,JEFATURA DE INGENIERÍA DE PROCESOS,3318,10,PRESUPUESTO DE COSTO DE MANO DE OBRA DIRECTA EN BOLSAS,$ 328.11 ,$ 338.81 ,100 % ,10,2,,85,68.6,80.7 %
2026,17,306,8,JEFATURA DE INGENIERÍA DE PROCESOS,3302,5,PRODUCTIVIDAD PIEZAS / HOMBRE  ( CINTOS ),105 pzs/hom ,92 pzs/hom ,100 % ,5,1,,85,68.6,80.7 %
2026,17,306,3,JEFATURA DE INGENIERÍA DE PROCESOS,3303,5,PRESUPUESTO DE COSTO DE MANO DE OBRA DIRECTA EN CINTOS,$ 51.35 ,$ 51.11 ,80 % ,4,3,,85,68.6,80.7 %
2026,17,306,12,JEFATURA DE INGENIERÍA DE PROCESOS,101 df,10,AUDITORIAS INTERNAS DE INGENIERÍA DE PROCESOS,37.5 % ,85 % ,37.5 % ,0,5,Mayor al 85 %,85,68.6,80.7 %
2026,17,306,13,JEFATURA DE INGENIERÍA DE PROCESOS,102 q,5,"AUDITORIA DE 5'S EN EL ÁREA DE INGENIERÍA DE PROCESOS",92 % ,100 % ,92 % ,4.6,3,Resultado Logrado,85,68.6,80.7 %
2026,17,103,4,JEFATURA DE PPCP,1304,10,ADMINISTRACIÓN DE LA DEMANDA DE CHAMARRAS,14 semanas ,24 semanas ,58.3 % ,5.8,3,Resultado Logrado,95,67.9,71.5 %
2026,17,103,5,JEFATURA DE PPCP,1305,10,ADMINISTRACIÓN DE LA DEMANDA DE BOLSAS,17 semanas ,24 semanas ,70.8 % ,7.1,3,Resultado Logrado,95,67.9,71.5 %
2026,17,103,3,JEFATURA DE PPCP,1303,10,ADMINISTRACIÓN DE LA DEMANDA DE BILLETERAS,17 semanas ,24 semanas ,70.8 % ,7.1,3,Resultado Logrado,95,67.9,71.5 %
2026,17,103,2,JEFATURA DE PPCP,1302,10,ADMINISTRACIÓN DE LA DEMANDA DE CINTOS,16 semanas ,24 semanas ,66.7 % ,6.7,3,Resultado Logrado,95,67.9,71.5 %
2026,17,103,7,JEFATURA DE PPCP,1307,10,CUMPLIMIENTO DEL PRESUPUESTO EN AVÍOS <BR> ( MATERIALES GESTIONADOS POR PPCP ),"$ 1,687,874 ","$ 2,424,438 ",69.6 % ,10,2,Menor al 110 %,95,67.9,71.5 %
2026,17,103,9,JEFATURA DE PPCP,103 f,5,ROTACIÓN DE PERSONAL ADMINISTRATIVO,2.3 % ,3 % ,100 % ,5,2,3 %  -  100 %<BR>3.5 %  -  90 %<BR>4 %  -  80 %,95,67.9,71.5 %
2026,17,103,10,JEFATURA DE PPCP,1005,,GPTW,NA , , ,,0,,95,67.9,71.5 %
2026,17,103,6,JEFATURA DE PPCP,1306,10,EFECTIVIDAD DE ÍTEMS NEGROS / AMARILLOS VS NECESIDAD EN PREMONTADO <BR> ( ÍTEMS SIN EXISTENCIA O PARCIALIDADES DE AVÍO QUE CONTROLA PPCP ),1.2 items ,1 item ,80 % ,8,3,,95,67.9,71.5 %
2026,17,103,8,JEFATURA DE PPCP,102 h,5,"AUDITORIA DE 5'S EN EL ÁREA DE PPCP",94.2 % ,100 % ,94.2 % ,4.7,3,Resultado Logrado,95,67.9,71.5 %
2026,17,103,1,JEFATURA DE PPCP,1301,25,ADMINISTRACIÓN DE LA DEMANDA DE BOTAS,13 semanas ,24 semanas ,54.2 % ,13.5,3,Resultado Logrado,95,67.9,71.5 %
2026,17,309,3,JEFATURA DE MAQUILAS,3903,15,EFICIENCIA EN TIEMPO DE ENTREGA DE LOS PROVEEDORES DE AVÍOS <BR> ( CFI MÁXIMO 7 DÍAS HÁBILES Y MORAN MÁXIMO 8 DÍAS HÁBILES ),93.2 % ,95 % ,90 % ,13.5,3,95 %  -  100 %<BR>90 %  -  90 %<BR>85 %  -  80 %,95,68.7,72.3 %
2026,17,309,1,JEFATURA DE MAQUILAS,3901,20,CUMPLIMIENTO DE FECHAS DE ENTREGA DE BETA 7 <BR> VS FECHAS ESTABLECIDAS DE ENTREGA <BR> ( MÁXIMO 17 DÍAS HÁBILES A PARTIR DE LA FECHA DE PROGRAMACIÓN ),93.1 % ,95 % ,90 % ,18,3,95 %  -  100 %<BR>90 %  -  90 %<BR>85 %  -  80 %,95,68.7,72.3 %
2026,17,309,2,JEFATURA DE MAQUILAS,3902,15,CUMPLIMIENTO DE FECHAS DE ENTREGA DE MAQUILA EXTERNA DE CINTOS <BR> VS FECHAS ESTABLECIDAS DE ENTREGA <BR> ( MÁXIMO 13 DÍAS HÁBILES A PARTIR DE LA FECHA DE PROGRAMACIÓN ),91.2 % ,95 % ,90 % ,13.5,3,95 %  -  100 %<BR>90 %  -  90 %<BR>85 %  -  80 %,95,68.7,72.3 %
2026,17,309,10,JEFATURA DE MAQUILAS,1005,,GPTW,NA , , ,,0,,95,68.7,72.3 %
2026,17,309,5,JEFATURA DE MAQUILAS,3905,10,CUMPLIMIENTO EN EL REGRESOS DE MATERIALES  SOBRANTES AL ALMACÉN DE PIELES <BR> PARA PROGRAMAS DE MAQUILA EXTERNA DE CINTOS  <BR> ( REGRESOS EN UN MÁXIMO DE 21 DÍAS NATURALES DESPUÉS DE SU PROGRAMACIÓN ),77.8 % ,100 % ,0 % ,0,5,,95,68.7,72.3 %
2026,17,309,9,JEFATURA DE MAQUILAS,103 d,5,ROTACIÓN DE PERSONAL DE ÁREAS OPERATIVAS,3.8 % ,3 % ,80 % ,4,3,3 %  -  100 %<BR>3.5 %  -  90 %<BR>4 %  -  80 %,95,68.7,72.3 %
2026,17,309,6,JEFATURA DE MAQUILAS,3906,5,EFICIENCIA EN LA ACTUALIZACIÓN DE COSTOS PARA MAQUILAS <BR> ( LOS COSTOS EN SISTEMA Y LOS DOCUMENTOS DE LA CARPETA DE ANEXOS  DEBEN<BR> SER ACTUALIZADOS EN MÁXIMO EN UNA SEMANA HÁBIL SIGUIENTE A SU RECEPCIÓN ),100 % ,100 % ,100 % ,5,1,,95,68.7,72.3 %
2026,17,309,7,JEFATURA DE MAQUILAS,101 di,10,AUDITORIAS INTERNAS DE MAQUILAS,76.8 % ,85 % ,76.8 % ,0,5,Mayor al 85 %,95,68.7,72.3 %
2026,17,309,8,JEFATURA DE MAQUILAS,102 t,5,"AUDITORIA DE 5'S EN EL ÁREA DE MAQUILAS",93.4 % ,100 % ,93.4 % ,4.7,3,Resultado Logrado,95,68.7,72.3 %
2026,17,309,4,JEFATURA DE MAQUILAS,3904,10,CUMPLIMIENTO EN EL REGRESOS DE MATERIALES SOBRANTES  AL ALMACÉN DE PIELES  <BR>  PARA PROGRAMAS DE BETA 7 <BR> ( REGRESOS EN UN MÁXIMO DE 28 DÍAS NATURALES DESPUÉS DE SU PROGRAMACIÓN ),100 % ,100 % ,100 % ,10,1,,95,68.7,72.3 %
2026,17,301,6,JEFATURA DE PRODUCCIÓN BOTAS I,3104,5,EFECTIVIDAD EN ENTREGAS A PT ( ANTIGÜEDAD DE LOTES EN WIP ),82 % ,100 % ,82 % ,4.1,3,Resultado Logrado,80,59.8,74.8 %
2026,17,301,12,JEFATURA DE PRODUCCIÓN BOTAS I,1005,,GPTW,NA , , ,,0,,80,59.8,74.8 %
2026,17,301,1,JEFATURA DE PRODUCCIÓN BOTAS I,3001,22,PRODUCTIVIDAD DE BOTAS,"136,114 prs ","139,680 prs ",97.4 % ,21.4,3,Mayor al 70 %,80,59.8,74.8 %
2026,17,301,5,JEFATURA DE PRODUCCIÓN BOTAS I,3103,7,CUMPLIMIENTO DEL COSTO PRESUPUESTADO <BR> DE MATERIALES DIRECTOS E INDIRECTOS,100 % ,95 % ,100 % ,7,1,95 %  -  100 %<BR>94 %  -  80 %<BR>93 %  -  60 %,80,59.8,74.8 %
2026,17,301,4,JEFATURA DE PRODUCCIÓN BOTAS I,3102,7,PRESUPUESTO DE COSTO DE MANO DE OBRA DIRECTA DE BOTAS,$ 250.69 ,$ 239.01 ,60 % ,4.2,3,,80,59.8,74.8 %
2026,17,301,7,JEFATURA DE PRODUCCIÓN BOTAS I,3105,5,REPROCESOS EN PLANTA ( LINEA DE BOTAS ),4.7 % ,5 % ,100 % ,5,2,5 %  -  100 %<BR>6.5 %  -  80 %<BR>8 %  -  60 %,80,59.8,74.8 %
2026,17,301,10,JEFATURA DE PRODUCCIÓN BOTAS I,102 l,5,"AUDITORIA DE 5'S EN EL ÁREA DE BOTAS I",81.8 % ,100 % ,81.8 % ,4.1,3,Resultado Logrado,80,59.8,74.8 %
2026,17,301,11,JEFATURA DE PRODUCCIÓN BOTAS I,103 b,5,ROTACIÓN DE PERSONAL DE BOTAS,5.4 % ,3 % ,0 % ,0,4,3 %  -  100 %<BR>3.5 %  -  90 %<BR>4 %  -  80 %,80,59.8,74.8 %
2026,17,301,3,JEFATURA DE PRODUCCIÓN BOTAS I,3101,7,PRODUCTIVIDAD PARES / HOMBRE ( BOTAS ),3.59 prs/hom ,3.50 prs/hom ,100 % ,7,1,,80,59.8,74.8 %
2026,17,301,8,JEFATURA DE PRODUCCIÓN BOTAS I,3106,7,BAJAS DE CALIDAD EN PRODUCCIÓN ( LINEA DE BOTAS ),0 % ,0.5 % ,100 % ,7,2,0.5 %  -  100 %<BR>1 %  -  80 %<BR>1.5 %  -  60 %,80,59.8,74.8 %
2026,17,301,9,JEFATURA DE PRODUCCIÓN BOTAS I,101 da,10,AUDITORIAS INTERNAS DE PRODUCCIÓN BOTAS I,76.9 % ,85 % ,76.9 % ,0,5,Mayor al 85 %,80,59.8,74.8 %
2026,17,302,12,JEFATURA DE PRODUCCIÓN BOTAS II,1005,,GPTW,NA , , ,,0,,80,60.3,75.4 %
2026,17,302,11,JEFATURA DE PRODUCCIÓN BOTAS II,103 b,5,ROTACIÓN DE PERSONAL DE BOTAS,5.4 % ,3 % ,0 % ,0,4,3 %  -  100 %<BR>3.5 %  -  90 %<BR>4 %  -  80 %,80,60.3,75.4 %
2026,17,302,5,JEFATURA DE PRODUCCIÓN BOTAS II,3103,7,CUMPLIMIENTO DEL COSTO PRESUPUESTADO <BR> DE MATERIALES DIRECTOS E INDIRECTOS,100 % ,95 % ,100 % ,7,1,95 %  -  100 %<BR>94 %  -  80 %<BR>93 %  -  60 %,80,60.3,75.4 %
2026,17,302,6,JEFATURA DE PRODUCCIÓN BOTAS II,3104,5,EFECTIVIDAD EN ENTREGAS A PT ( ANTIGÜEDAD DE LOTES EN WIP ),82 % ,100 % ,82 % ,4.1,3,Resultado Logrado,80,60.3,75.4 %
2026,17,302,3,JEFATURA DE PRODUCCIÓN BOTAS II,3101,7,PRODUCTIVIDAD PARES / HOMBRE ( BOTAS ),3.59 prs/hom ,3.50 prs/hom ,100 % ,7,1,,80,60.3,75.4 %
2026,17,302,1,JEFATURA DE PRODUCCIÓN BOTAS II,3001,22,PRODUCTIVIDAD DE BOTAS,"136,114 prs ","139,680 prs ",97.4 % ,21.4,3,Mayor al 70 %,80,60.3,75.4 %
2026,17,302,4,JEFATURA DE PRODUCCIÓN BOTAS II,3102,7,PRESUPUESTO DE COSTO DE MANO DE OBRA DIRECTA DE BOTAS,$ 250.69 ,$ 239.01 ,60 % ,4.2,3,,80,60.3,75.4 %
2026,17,302,9,JEFATURA DE PRODUCCIÓN BOTAS II,101 db,10,AUDITORIAS INTERNAS DE PRODUCCIÓN BOTAS II,12.3 % ,85 % ,12.3 % ,0,5,Mayor al 85 %,80,60.3,75.4 %
2026,17,302,7,JEFATURA DE PRODUCCIÓN BOTAS II,3105,5,REPROCESOS EN PLANTA ( LINEA DE BOTAS ),4.7 % ,5 % ,100 % ,5,2,5 %  -  100 %<BR>6.5 %  -  80 %<BR>8 %  -  60 %,80,60.3,75.4 %
2026,17,302,10,JEFATURA DE PRODUCCIÓN BOTAS II,102 m,5,"AUDITORIA DE 5'S EN EL ÁREA DE BOTAS II",91.8 % ,100 % ,91.8 % ,4.6,3,Resultado Logrado,80,60.3,75.4 %
2026,17,302,8,JEFATURA DE PRODUCCIÓN BOTAS II,3106,7,BAJAS DE CALIDAD EN PRODUCCIÓN ( LINEA DE BOTAS ),0 % ,0.5 % ,100 % ,7,2,0.5 %  -  100 %<BR>1 %  -  80 %<BR>1.5 %  -  60 %,80,60.3,75.4 %
2026,19,100,8,DIRECCIÓN MBC,1008,,TALEN REVIEW JEFATURAS ( INICIO DE PLAN ),NA , , ,,0,,70,56.8,81.1 %
2026,19,100,1,DIRECCIÓN MBC,1001,10,VENTAS NETAS,"$ 890,815,988 ","$ 823,672,006 ",108.2 % ,10,1,Mayor al 70 %,70,56.8,81.1 %
2026,19,100,4,DIRECCIÓN MBC,1004,10,FLUJO DE EFECTIVO,62.2 % ,80 % ,62.2 % ,0,5,Mayor al 80 %,70,56.8,81.1 %
2026,19,100,2,DIRECCIÓN MBC,1002,36,UTILIDADES DE OPERACIÓN,"$ 248,225,584 ","$ 213,304,663 ",116.4 % ,36,1,Mayor al 70 %,70,56.8,81.1 %
2026,19,100,5,DIRECCIÓN MBC,1005,,GPTW,NA , , ,,0,,70,56.8,81.1 %
2026,19,100,12,DIRECCIÓN MBC,1012,,DYNAMICS ( ERP MBC ),NA , , ,,0,,70,56.8,81.1 %
2026,19,100,10,DIRECCIÓN MBC,1010,3,INVERSIONES ( EFICIENCIA OPERATIVA TESEO ),45.7 % ,75 % ,45.7 % ,0,5,Mayor al 75 %,70,56.8,81.1 %
2026,19,100,11,DIRECCIÓN MBC,1011,5,PROCESOS ( MAPEO DE PROCESOS ),95.3 % ,80 % ,95.3 % ,4.8,3,Mayor al 80 %,70,56.8,81.1 %
2026,19,100,9,DIRECCIÓN MBC,1009,6,VENTAS DEPARTAMENTALES,"$ 15,745,916 ","$ 15,690,115 ",100.4 % ,6,1,Mayor al  %,70,56.8,81.1 %
2026,19,100,6,DIRECCIÓN MBC,1006,,SUSSESION PLAN ( PLAN DE SUCESIÓN PARA GERENTES ),NA , , ,,0,,70,56.8,81.1 %
2026,19,100,3,DIRECCIÓN MBC,1003,,UTILIDADES DE OPERACIÓN CORPORATIVA,NA , , ,,0,,70,56.8,81.1 %
2026,19,100,7,DIRECCIÓN MBC,1007,,TALEN REVIEW GERENCIAS ( PLAN DE DESARROLLO  ),NA , , ,,0,,70,56.8,81.1 %
2026,19,200,6,GERENCIA ADMINISTRATIVA,2003,5,GASTOS DE VENTA  ( GASTOS FIJOS QUE NO DEPENDEN DE LA VENTA ),"$ 16,083,487 ","$ 13,755,323 ",116.9 % ,4.2,3,Menor al 130 %,67,58,86.6 %
2026,19,200,5,GERENCIA ADMINISTRATIVA,2002,8,GASTOS DE CENTRO DE SERVICIOS,"$ 8,129,425 ","$ 8,236,720 ",98.7 % ,8,2,Menor al 130 %,67,58,86.6 %
2026,19,200,7,GERENCIA ADMINISTRATIVA,2004,4,CUENTAS POR COBRAR,58.9 dias ,60 dias ,98.2 % ,4,2,Menor al 130 %,67,58,86.6 %
2026,19,200,4,GERENCIA ADMINISTRATIVA,2001,8,GASTOS DE ADMINISTRACIÓN,"$ 19,114,292 ","$ 20,471,934 ",93.4 % ,8,2,Menor al 130 %,67,58,86.6 %
2026,19,200,8,GERENCIA ADMINISTRATIVA,2005,4,CUENTAS POR PAGAR,34.2 dias ,40 dias ,85.5 % ,4,2,Menor al 130 %,67,58,86.6 %
2026,19,200,15,GERENCIA ADMINISTRATIVA,102 b,8,"AUDITORIAS DE 5'S EN LAS ÁREAS DE ADMINISTRACION",95.3 % ,95 % ,100 % ,8,1,95 %  -  100 %<BR>90 %  -  90 %<BR>85 %  -  80 %,67,58,86.6 %
2026,19,200,13,GERENCIA ADMINISTRATIVA,1012,,DYNAMICS ( ERP MBC ),NA , , ,,0,,67,58,86.6 %
2026,19,200,16,GERENCIA ADMINISTRATIVA,103 f,3,ROTACIÓN DE PERSONAL ADMINISTRATIVO,2.3 % ,3 % ,100 % ,3,2,3 %  -  100 %<BR>3.5 %  -  90 %<BR>4 %  -  80 %,67,58,86.6 %
2026,19,200,11,GERENCIA ADMINISTRATIVA,1008,,TALEN REVIEW JEFATURAS ( INICIO DE PLAN ),NA , , ,,0,,67,58,86.6 %
2026,19,200,2,GERENCIA ADMINISTRATIVA,1002,10,UTILIDADES DE OPERACIÓN,"$ 248,225,584 ","$ 213,304,663 ",116.4 % ,10,1,Mayor al 70 %,67,58,86.6 %
2026,19,200,9,GERENCIA ADMINISTRATIVA,1006,,SUSSESION PLAN ( PLAN DE SUCESIÓN PARA GERENTES ),NA , , ,,0,,67,58,86.6 %
2026,19,200,1,GERENCIA ADMINISTRATIVA,1001,5,VENTAS NETAS,"$ 890,815,988 ","$ 823,672,006 ",108.2 % ,5,1,Mayor al 70 %,67,58,86.6 %
2026,19,200,10,GERENCIA ADMINISTRATIVA,1007,,TALEN REVIEW GERENCIAS ( PLAN DE DESARROLLO  ),NA , , ,,0,,67,58,86.6 %
2026,19,200,3,GERENCIA ADMINISTRATIVA,1004,8,FLUJO DE EFECTIVO,62.2 % ,80 % ,62.2 % ,0,5,Mayor al 80 %,67,58,86.6 %
2026,19,200,14,GERENCIA ADMINISTRATIVA,101 c,,AUDITORIAS INTERNAS ADMINISTRATIVAS,NA , , ,,0,,67,58,86.6 %
2026,19,200,17,GERENCIA ADMINISTRATIVA,1005,,GPTW,NA , , ,,0,,67,58,86.6 %
2026,19,200,12,GERENCIA ADMINISTRATIVA,1011,4,PROCESOS ( MAPEO DE PROCESOS ),95.3 % ,80 % ,95.3 % ,3.8,3,Mayor al 80 %,67,58,86.6 %
2026,19,1,1,MBC,1001,10,VENTAS NETAS,"$ 890,815,988 ","$ 823,672,006 ",108.2 % ,10,1,Mayor al 70 %,75,62.3,83.1 %
2026,19,1,15,MBC,102 a,3,"AUDITORIAS DE 5'S ( MBC )",91.7 % ,95 % ,90 % ,2.7,3,95 %  -  100 %<BR>90 %  -  90 %<BR>85 %  -  80 %,75,62.3,83.1 %
2026,19,1,14,MBC,101,5,AUDITORIAS INTERNAS ( MBC ),64.8 % ,85 % ,64.8 % ,0,5,Mayor al 85 %,75,62.3,83.1 %
2026,19,1,16,MBC,103 a,3,ROTACIÓN DE PERSONAL MBC,4.2 % ,3 % ,0 % ,0,4,3 %  -  100 %<BR>3.5 %  -  90 %<BR>4 %  -  80 %,75,62.3,83.1 %
2026,19,1,7,MBC,105,4,ENTREGAS A TIEMPO  |  TIENDAS CUADRA & CORRAL,89.2 | 94.7 ,95 % ,60 | 80 ,2.8,3,95 %  -  100 %<BR>90 %  -  80 %<BR>85 %  -  60 %,75,62.3,83.1 %
2026,19,1,13,MBC,1011,4,PROCESOS ( MAPEO DE PROCESOS ),95.3 % ,80 % ,95.3 % ,3.8,3,Mayor al 80 %,75,62.3,83.1 %
2026,19,1,17,MBC,1005,,GPTW,NA , , ,,0,,75,62.3,83.1 %
2026,19,1,12,MBC,1007,,TALEN REVIEW GERENCIAS ( PLAN DE DESARROLLO  ),NA , , ,,0,,75,62.3,83.1 %
2026,19,1,4,MBC,104,3,DÍAS DE WIP  |  BOTAS & ACCESORIOS,12 | 6.1 ,12 | 7 ,100 | 100 ,3,2,12 | 7  -  100 %<BR>13 | 8  -  80 %<BR>14 | 9  -  60 %,75,62.3,83.1 %
2026,19,1,2,MBC,1002,40,UTILIDADES DE OPERACIÓN,"$ 248,225,584 ","$ 213,304,663 ",116.4 % ,40,1,Mayor al 70 %,75,62.3,83.1 %
2026,19,1,3,MBC,1003,,UTILIDADES DE OPERACIÓN CORPORATIVA,NA , , ,,0,,75,62.3,83.1 %
2026,19,1,11,MBC,1006,,SUSSESION PLAN ( PLAN DE SUCESIÓN PARA GERENTES ),NA , , ,,0,,75,62.3,83.1 %
2026,19,1,10,MBC,3009,3,BAJAS DE CALIDAD ( DEVOLUCIONES MAS BAJAS ),2.1 % ,0.5 % ,0 % ,0,4,0.5 %  -  100 %<BR>1 %  -  85 %<BR>1.5 %  -  70 %,75,62.3,83.1 %
2026,19,300,8,GERENCIA OPERATIVA,3006,6,DÍAS DE WIP  |  BOTAS Y ACCESORIOS,12 | 6.1 ,12 | 7 ,100 | 100 ,6,2,12 | 7  -  100 %<BR>13 | 8  -  80 %<BR>14 | 9  -  60 %,77,54.7,71 %
2026,19,300,19,GERENCIA OPERATIVA,102 c,5,"AUDITORIAS DE 5'S EN LAS ÁREAS DE OPERACIONES",91.3 % ,95 % ,90 % ,4.5,3,95 %  -  100 %<BR>90 %  -  90 %<BR>85 %  -  80 %,77,54.7,71 %
2026,19,300,2,GERENCIA OPERATIVA,1002,5,UTILIDADES DE OPERACIÓN,"$ 248,225,584 ","$ 213,304,663 ",116.4 % ,5,1,Mayor al 70 %,77,54.7,71 %
2026,19,300,11,GERENCIA OPERATIVA,3009,4,BAJAS DE CALIDAD ( DEVOLUCIONES MAS BAJAS ),2.1 % ,0.5 % ,0 % ,0,4,0.5 %  -  100 %<BR>1 %  -  85 %<BR>1.5 %  -  70 %,77,54.7,71 %
2026,19,300,1,GERENCIA OPERATIVA,1001,5,VENTAS NETAS,"$ 890,815,988 ","$ 823,672,006 ",108.2 % ,5,1,Mayor al 70 %,77,54.7,71 %
2026,19,300,12,GERENCIA OPERATIVA,1006,,SUSSESION PLAN ( PLAN DE SUCESIÓN PARA GERENTES ),NA , , ,,0,,77,54.7,71 %
2026,19,300,20,GERENCIA OPERATIVA,103 e,4,ROTACIÓN DE PERSONAL OPERACIONES,4.3 % ,3 % ,0 % ,0,4,3 %  -  100 %<BR>3.5 %  -  90 %<BR>4 %  -  80 %,77,54.7,71 %
2026,19,300,15,GERENCIA OPERATIVA,1010,5,INVERSIONES ( EFICIENCIA OPERATIVA TESEO ),45.7 % ,75 % ,45.7 % ,0,5,Mayor al 75 %,77,54.7,71 %
2026,19,300,16,GERENCIA OPERATIVA,1011,4,PROCESOS ( MAPEO DE PROCESOS ),95.3 % ,80 % ,95.3 % ,3.8,3,Mayor al 80 %,77,54.7,71 %
2026,19,300,13,GERENCIA OPERATIVA,1007,,TALEN REVIEW GERENCIAS ( PLAN DE DESARROLLO  ),NA , , ,,0,,77,54.7,71 %
2026,19,300,17,GERENCIA OPERATIVA,1012,,DYNAMICS ( ERP MBC ),NA , , ,,0,,77,54.7,71 %
2026,19,300,9,GERENCIA OPERATIVA,3007,7,COSTO DE VENTA,63.4 % ,65 % ,97.6 % ,7,2,Menor al 130 %,77,54.7,71 %
2026,19,300,7,GERENCIA OPERATIVA,3005,3,PRODUCTIVIDAD DE BOLSAS,"22,085 pzs ","22,476 pzs ",98.3 % ,2.9,3,Mayor al 70 %,77,54.7,71 %
2026,19,300,18,GERENCIA OPERATIVA,101 d,7,AUDITORIAS INTERNAS OPERATIVAS,69.9 % ,85 % ,69.9 % ,0,5,Mayor al 85 %,77,54.7,71 %
2026,19,300,10,GERENCIA OPERATIVA,3008,4,ENTREGAS A TIEMPO  |  TIENDAS CUADRA Y CORRAL,89.2 | 94.7 ,95 % ,60 | 80 ,2.8,3,95 %  -  100 %<BR>90 %  -  80 %<BR>85 %  -  60 %,77,54.7,71 %
2026,19,300,6,GERENCIA OPERATIVA,3004,4,PRODUCTIVIDAD DE CHAMARRAS,"16,384 pzs ","16,122 pzs ",101.6 % ,4,1,Mayor al 70 %,77,54.7,71 %
2026,19,300,3,GERENCIA OPERATIVA,3001,7,PRODUCTIVIDAD DE BOTAS,"136,114 prs ","139,680 prs ",97.4 % ,6.8,3,Mayor al 70 %,77,54.7,71 %
2026,19,300,21,GERENCIA OPERATIVA,1005,,GPTW,NA , , ,,0,,77,54.7,71 %
2026,19,300,4,GERENCIA OPERATIVA,3002,4,PRODUCTIVIDAD DE CINTOS,"94,955 pzs ","98,270 pzs ",96.6 % ,3.9,3,Mayor al 70 %,77,54.7,71 %
2026,19,300,5,GERENCIA OPERATIVA,3003,3,PRODUCTIVIDAD DE BILLETERAS,"40,032 pzs ","40,260 pzs ",99.4 % ,3,3,Mayor al 70 %,77,54.7,71 %
2026,19,300,14,GERENCIA OPERATIVA,1008,,TALEN REVIEW JEFATURAS ( INICIO DE PLAN ),NA , , ,,0,,77,54.7,71 %
2026,19,104,4,JEFATURA DE LOGÍSTICA,1403,8,DÍAS DE PISO NACIONAL,50.4 dias ,35 dias ,0 % ,0,4,35 dias  -  100 %<BR>37.5 dias  -  80 %<BR>40 dias  -  60 %,81,45.4,56 %
2026,19,104,7,JEFATURA DE LOGÍSTICA,1404,5,SERVICIO DISTRIBUIDORES MX,13.2 % ,80 % ,13.2 % ,0,5,Mayor al 80 %,81,45.4,56 %
2026,19,104,8,JEFATURA DE LOGÍSTICA,1405,5,SERVICIO MARKETPLACE,2.8 % ,80 % ,2.8 % ,0,5,Mayor al 80 %,81,45.4,56 %
2026,19,104,11,JEFATURA DE LOGÍSTICA,103 d,5,ROTACIÓN DE PERSONAL DE ÁREAS OPERATIVAS,3.8 % ,3 % ,80 % ,4,3,3 %  -  100 %<BR>3.5 %  -  90 %<BR>4 %  -  80 %,81,45.4,56 %
2026,19,104,2,JEFATURA DE LOGÍSTICA,1401,8,VENTAS POR LÍNEA,96.6 % ,80 % ,96.6 % ,7.7,3,Mayor al 80 %,81,45.4,56 %
2026,19,104,9,JEFATURA DE LOGÍSTICA,101 b,10,AUDITORIAS INTERNAS DE LOGÍSTICA,45.4 % ,85 % ,45.4 % ,0,5,Mayor al 85 %,81,45.4,56 %
2026,19,104,1,JEFATURA DE LOGÍSTICA,1001,25,VENTAS NETAS,"$ 890,815,988 ","$ 823,672,006 ",108.2 % ,25,1,Mayor al 70 %,81,45.4,56 %
2026,19,104,12,JEFATURA DE LOGÍSTICA,1005,,GPTW,NA , , ,,0,,81,45.4,56 %
2026,19,104,3,JEFATURA DE LOGÍSTICA,1402,10,ROTACIÓN INVENTARIO MTS,2.4 vueltas ,5 vueltas ,47.4 % ,4.7,3,Resultado Logrado,81,45.4,56 %
2026,19,104,10,JEFATURA DE LOGÍSTICA,102 i,5,"AUDITORIA DE 5'S EN EL ÁREA DE LOGÍSTICA",80.5 % ,100 % ,80.5 % ,4,3,Resultado Logrado,81,45.4,56 %
2026,19,201,3,JEFATURA DE CONTABILIDAD,2004,5,CUENTAS POR COBRAR,58.9 dias ,60 dias ,98.2 % ,5,2,Menor al 130 %,85,57.4,67.5 %
2026,19,201,4,JEFATURA DE CONTABILIDAD,2005,5,CUENTAS POR PAGAR,34.2 dias ,40 dias ,85.5 % ,5,2,Menor al 130 %,85,57.4,67.5 %
2026,19,201,7,JEFATURA DE CONTABILIDAD,2103,20,PRESENTACIÓN DE IMPUESTOS,99.2 % ,100 % ,99.2 % ,0,5,Mayor al 100 %,85,57.4,67.5 %
2026,19,201,9,JEFATURA DE CONTABILIDAD,102 j,5,"AUDITORIA DE 5'S EN EL ÁREA DE ADMINISTRACIÓN",93.5 % ,100 % ,93.5 % ,4.7,3,Resultado Logrado,85,57.4,67.5 %
2026,19,201,6,JEFATURA DE CONTABILIDAD,2102,20,ENTREGA DE CIERRE MENSUAL,100 % ,80 % ,100 % ,20,1,Mayor al 80 %,85,57.4,67.5 %
2026,19,201,10,JEFATURA DE CONTABILIDAD,103 f,5,ROTACIÓN DE PERSONAL ADMINISTRATIVO,2.3 % ,3 % ,100 % ,5,2,3 %  -  100 %<BR>3.5 %  -  90 %<BR>4 %  -  80 %,85,57.4,67.5 %
2026,19,201,8,JEFATURA DE CONTABILIDAD,101 c,,AUDITORIAS INTERNAS ADMINISTRATIVAS,NA , , ,,0,,85,57.4,67.5 %
2026,19,201,5,JEFATURA DE CONTABILIDAD,2101,15,EFECTIVIDAD EN EL CUMPLIMIENTO DE NOTAS DE CRÉDITO POR PRONTO PAGO,84.5 % ,70 % ,84.5 % ,12.7,3,Mayor al 70 %,85,57.4,67.5 %
2026,19,201,2,JEFATURA DE CONTABILIDAD,1004,5,FLUJO DE EFECTIVO,62.2 % ,80 % ,62.2 % ,0,5,Mayor al 80 %,85,57.4,67.5 %
2026,19,201,11,JEFATURA DE CONTABILIDAD,1005,,GPTW,NA , , ,,0,,85,57.4,67.5 %
2026,19,201,1,JEFATURA DE CONTABILIDAD,1002,5,UTILIDADES DE OPERACIÓN,"$ 248,225,584 ","$ 213,304,663 ",116.4 % ,5,1,Mayor al 70 %,85,57.4,67.5 %
2026,19,102,6,JEFATURA DE CALIDAD,103 d,5,ROTACIÓN DE PERSONAL DE ÁREAS OPERATIVAS,3.8 % ,3 % ,80 % ,4,3,3 %  -  100 %<BR>3.5 %  -  90 %<BR>4 %  -  80 %,95,56.4,59.4 %
2026,19,102,7,JEFATURA DE CALIDAD,1005,,GPTW,NA , , ,,0,,95,56.4,59.4 %
2026,19,102,1,JEFATURA DE CALIDAD,3009,25,BAJAS DE CALIDAD ( DEVOLUCIONES MAS BAJAS ),2.1 % ,0.5 % ,0 % ,0,4,0.5 %  -  100 %<BR>1 %  -  85 %<BR>1.5 %  -  70 %,95,56.4,59.4 %
2026,19,102,3,JEFATURA DE CALIDAD,1202,20,CALIFICACIÓN REPETIBILIDAD & REPRODUCIBILIDAD <BR> ( UNIFICACIÓN DE CRITERIOS DE INSPECCIÓN ),93.8 % ,95 % ,85 % ,17,3,95 %  -  100 %<BR>85 %  -  85 %<BR>75 %  -  75 %,95,56.4,59.4 %
2026,19,102,5,JEFATURA DE CALIDAD,102 g,5,"AUDITORIA DE 5'S EN EL ÁREA DE CALIDAD",88.2 % ,100 % ,88.2 % ,4.4,3,Resultado Logrado,95,56.4,59.4 %
2026,19,102,2,JEFATURA DE CALIDAD,1201,30,"PORCENTAJE DE EFECTIVIDAD 'BIEN A LA PRIMERA'",82.6 % ,95 % ,70 % ,21,3,95 %  -  100 %<BR>90 %  -  80 %<BR>80 %  -  70 %,95,56.4,59.4 %
2026,19,102,4,JEFATURA DE CALIDAD,1203,10,PORCENTAJE DE EFECTIVIDAD EN <BR> LOS PUNTOS DE INSPECCIÓN DEL PRODUCTO,97 % ,95 % ,100 % ,10,1,95 %  -  100 %<BR>90 %  -  80 %<BR>80 %  -  70 %,95,56.4,59.4 %
2026,19,400,3,GERENCIA DE CAPITAL HUMANO,1007,,TALEN REVIEW GERENCIAS ( PLAN DE DESARROLLO  ),NA , , ,,0,,40,13.8,34.5 %
2026,19,400,6,GERENCIA DE CAPITAL HUMANO,101 e,10,AUDITORIAS INTERNAS CAPITAL HUMANO,39.5 % ,85 % ,39.5 % ,0,5,Mayor al 85 %,40,13.8,34.5 %
2026,19,400,8,GERENCIA DE CAPITAL HUMANO,1005,,GPTW,NA , , ,,0,,40,13.8,34.5 %
2026,19,400,7,GERENCIA DE CAPITAL HUMANO,102 d,10,"AUDITORIAS DE 5'S EN LAS ÁREAS DE CAPITAL HUMANO",92 % ,95 % ,90 % ,9,3,95 %  -  100 %<BR>90 %  -  90 %<BR>85 %  -  80 %,40,13.8,34.5 %
2026,19,400,4,GERENCIA DE CAPITAL HUMANO,1008,,TALEN REVIEW JEFATURAS ( INICIO DE PLAN ),NA , , ,,0,,40,13.8,34.5 %
2026,19,400,1,GERENCIA DE CAPITAL HUMANO,103 a,15,ROTACIÓN DE PERSONAL MBC,4.2 % ,3 % ,0 % ,0,4,3 %  -  100 %<BR>3.5 %  -  90 %<BR>4 %  -  80 %,40,13.8,34.5 %
2026,19,400,2,GERENCIA DE CAPITAL HUMANO,1006,,SUSSESION PLAN ( PLAN DE SUCESIÓN PARA GERENTES ),NA , , ,,0,,40,13.8,34.5 %
2026,19,400,5,GERENCIA DE CAPITAL HUMANO,1011,5,PROCESOS ( MAPEO DE PROCESOS ),95.3 % ,80 % ,95.3 % ,4.8,3,Mayor al 80 %,40,13.8,34.5 %
2026,19,101,7,JEFATURA DE COMPRAS,1107,5,CIERRE DE INVENTARIO DEL ALMACÉN DE MATERIA PRIMA,4 días hab. ,3 días hab. ,0 % ,0,4,,87,63.3,72.8 %
2026,19,101,5,JEFATURA DE COMPRAS,1105,20,PIEZAS PLANEADAS VS PIEZAS PROGRAMADAS,88.2 % ,80 % ,88.2 % ,17.6,3,Mayor al 80 %,87,63.3,72.8 %
2026,19,101,9,JEFATURA DE COMPRAS,101 a,10,AUDITORIAS INTERNAS DE COMPRAS,59.3 % ,85 % ,59.3 % ,0,5,Mayor al 85 %,87,63.3,72.8 %
2026,19,101,12,JEFATURA DE COMPRAS,102 f,5,"AUDITORIA DE 5'S EN EL ÁREA DE COMPRAS",94.7 % ,100 % ,94.7 % ,4.7,3,Resultado Logrado,87,63.3,72.8 %
2026,19,101,14,JEFATURA DE COMPRAS,1005,,GPTW,NA , , ,,0,,87,63.3,72.8 %
2026,19,101,8,JEFATURA DE COMPRAS,2005,5,CUENTAS POR PAGAR,34.2 dias ,40 dias ,85.5 % ,5,2,Menor al 130 %,87,63.3,72.8 %
2026,19,101,13,JEFATURA DE COMPRAS,103 d,5,ROTACIÓN DE PERSONAL DE ÁREAS OPERATIVAS,3.8 % ,3 % ,80 % ,4,3,3 %  -  100 %<BR>3.5 %  -  90 %<BR>4 %  -  80 %,87,63.3,72.8 %
2026,19,101,3,JEFATURA DE COMPRAS,1103,7,PARES PROGRAMADOS VS PARES NO SURTIDOS DE BOTAS,99.4 % ,99 % ,100 % ,7,1,99 %  -  100 %<BR>97 %  -  90 %<BR>95 %  -  80 %,87,63.3,72.8 %
2026,19,101,1,JEFATURA DE COMPRAS,1101,20,PRESUPUESTO DEL INVENTARIO DEL ALMACÉN DE PIELES,"$ 87,066,229 ","$ 98,265,185 ",88.6 % ,20,2,Menor al 110 %,87,63.3,72.8 %
2026,19,101,2,JEFATURA DE COMPRAS,1102,5,PRESUPUESTO DEL INVENTARIO DEL ALMACÉN DE MATERIA PRIMA,"$ 26,285,403 ","$ 23,185,696 ",113.4 % ,0,4,Menor al 110 %,87,63.3,72.8 %
2026,19,101,6,JEFATURA DE COMPRAS,1106,5,CIERRE DE INVENTARIO DEL ALMACÉN DE PIELES,3 días hab. ,3 días hab. ,100 % ,5,2,,87,63.3,72.8 %
2026,19,304,1,JEFATURA DE DESARROLLO BOTAS,3401,,ENTREGA DE PROTOTIPOS VS CALENDARIO BOTAS,NA , , ,,0,,58,34.5,59.5 %
2026,19,304,15,JEFATURA DE DESARROLLO BOTAS,1005,,GPTW,NA , , ,,0,,58,34.5,59.5 %
2026,19,304,14,JEFATURA DE DESARROLLO BOTAS,103 d,5,ROTACIÓN DE PERSONAL DE ÁREAS OPERATIVAS,3.8 % ,3 % ,80 % ,4,3,3 %  -  100 %<BR>3.5 %  -  90 %<BR>4 %  -  80 %,58,34.5,59.5 %
2026,19,304,2,JEFATURA DE DESARROLLO BOTAS,3402,9,CUMPLIMIENTO EN EL CALENDARIO DE AMEF <BR> VS CALENDARIO ESTABLECIDO,45.2 % ,100 % ,45.2 % ,4.1,3,Resultado Logrado,58,34.5,59.5 %
2026,19,304,3,JEFATURA DE DESARROLLO BOTAS,3403,,CUMPLIMIENTO EN EL CALENDARIO DE LIBERACIONES <BR> VS CALENDARIO ESTABLECIDO BOTAS ( RESULTADO SEMESTRAL ),NA , , ,,0,,58,34.5,59.5 %
2026,19,304,13,JEFATURA DE DESARROLLO BOTAS,102 o,5,"AUDITORIA DE 5'S EN EL ÁREA DE DESARROLLO BOTAS",80.3 % ,100 % ,80.3 % ,4,3,Resultado Logrado,58,34.5,59.5 %
2026,19,304,9,JEFATURA DE DESARROLLO BOTAS,3409,4,"CUMPLIMIENTO EN LOS AVANCES DE WIP EN SISTEMA, <BR> 12 DÍAS EN BOTAS PROTOTIPOS, MUESTRAS Y LOTES PILOTO",52.4 % ,100 % ,52.4 % ,2.1,3,Resultado Logrado,58,34.5,59.5 %
2026,19,304,12,JEFATURA DE DESARROLLO BOTAS,101 dd,10,AUDITORIAS INTERNAS DE DESARROLLO BOTAS,74.6 % ,85 % ,74.6 % ,0,5,Mayor al 85 %,58,34.5,59.5 %
2026,19,304,11,JEFATURA DE DESARROLLO BOTAS,3411,8,PORCENTAJE DE REPROCESOS EN MUESTRAS Y LOTES PILOTO DE BOTAS,48.4 % ,100 % ,48.4 % ,3.9,3,Resultado Logrado,58,34.5,59.5 %
2026,19,304,8,JEFATURA DE DESARROLLO BOTAS,3408,,CUMPLIMIENTO DE ENTREGAS DE PAQUETES TÉCNICOS CONFORME A CALENDARIO DE ENTREGA DE BETA 7,NA , , ,,0,,58,34.5,59.5 %
2026,19,304,5,JEFATURA DE DESARROLLO BOTAS,3405,,CUMPLIMIENTO DE ENTREGABLES <BR> EN LA ETAPA DE MUESTRAS A INGENIERIA DE COSTOS Y SISTEMAS,NA , , ,,0,,58,34.5,59.5 %
2026,19,304,4,JEFATURA DE DESARROLLO BOTAS,3404,9,CUMPLIMIENTO DE ANÁLISIS DE  VIABILIDAD Y FACTIBILIDAD,100 % ,100 % ,100 % ,9,1,Resultado Logrado,58,34.5,59.5 %
2026,19,304,10,JEFATURA DE DESARROLLO BOTAS,3410,4,CUMPLIMIENTO DE ENTREGA DE PRECOSTEO BOTAS,89.2 % ,100 % ,89.2 % ,3.6,3,Resultado Logrado,58,34.5,59.5 %
2026,19,304,6,JEFATURA DE DESARROLLO BOTAS,3406,,ENTREGA DE MUESTRAS VS CALENDARIO ESTABLECIDO BOTAS,NA , , ,,0,,58,34.5,59.5 %
2026,19,304,7,JEFATURA DE DESARROLLO BOTAS,3407,4,EFECTIVIDAD EN EL PAQUETE TÉCNICO <BR> Y ENTREGABLES EN LA LIBERACIÓN DEL MODELO A PRODUCCIÓN,94 % ,100 % ,94 % ,3.8,3,Resultado Logrado,58,34.5,59.5 %
2026,19,308,3,JEFATURA DE MANTENIMIENTO,3803,15,MANTENIMIENTO PREDICTIVO,90.8 % ,100 % ,90.8 % ,13.6,3,Resultado Logrado,85,73.7,86.7 %
2026,19,308,1,JEFATURA DE MANTENIMIENTO,3801,20,CUMPLIMIENTO  DEL PLAN DE <BR> MANTENIMIENTO PREVENTIVO VS CALENDARIO,97.1 % ,100 % ,97.1 % ,19.4,3,Resultado Logrado,85,73.7,86.7 %
2026,19,308,9,JEFATURA DE MANTENIMIENTO,102 s,5,"AUDITORIA DE 5'S EN EL ÁREA DE MANTENIMIENTO",77.6 % ,100 % ,77.6 % ,3.9,3,Resultado Logrado,85,73.7,86.7 %
2026,19,308,10,JEFATURA DE MANTENIMIENTO,103 d,5,ROTACIÓN DE PERSONAL DE ÁREAS OPERATIVAS,3.8 % ,3 % ,80 % ,4,3,3 %  -  100 %<BR>3.5 %  -  90 %<BR>4 %  -  80 %,85,73.7,86.7 %
2026,19,308,11,JEFATURA DE MANTENIMIENTO,1005,,GPTW,NA , , ,,0,,85,73.7,86.7 %
2026,19,308,2,JEFATURA DE MANTENIMIENTO,3802,15,ADMINISTRAR EL MANTENIMIENTO CORRECTIVO,97.9 % ,100 % ,97.9 % ,14.7,3,Resultado Logrado,85,73.7,86.7 %
2026,19,308,7,JEFATURA DE MANTENIMIENTO,3807,5,COMPARATIVO DEL GASTO REAL CONTRA LO PLANEADO,-6.7 % ,5 % ,100 % ,5,2,,85,73.7,86.7 %
2026,19,308,4,JEFATURA DE MANTENIMIENTO,3804,10,MANTENIMIENTO AUTÓNOMO,81.1 % ,100 % ,81.1 % ,8.1,3,Resultado Logrado,85,73.7,86.7 %
2026,19,308,8,JEFATURA DE MANTENIMIENTO,101 dh,,AUDITORIAS INTERNAS DE MANTENIMIENTO,NA , , ,,0,,85,73.7,86.7 %
2026,19,308,6,JEFATURA DE MANTENIMIENTO,3806,5,CONTROLAR Y ADMINISTRAR INVENTARIOS DE REFACCIONES,0 items ,5 item ,100 % ,5,2,,85,73.7,86.7 %
2026,19,308,5,JEFATURA DE MANTENIMIENTO,3805,5,CONTROLAR Y ADMINISTRAR INVENTARIOS DE MAQUINARIA,0.3 maquinas ,0 maquinas ,0 % ,0,4,,85,73.7,86.7 %
2026,19,303,27,JEFATURA DE PRODUCCIÓN ACCESORIOS,101 dc,,AUDITORIAS INTERNAS DE PRODUCCIÓN ACCESORIOS,NA , , ,,0,,85,83.7,98.5 %
2026,19,303,26,JEFATURA DE PRODUCCIÓN ACCESORIOS,3322,7,BAJAS DE CALIDAD EN PRODUCCIÓN ( LINEAS DE ACCESORIOS ),0 % ,0.5 % ,100 % ,7,2,0.5 %  -  100 %<BR>1 %  -  80 %<BR>1.5 %  -  60 %,85,83.7,98.5 %
2026,19,303,29,JEFATURA DE PRODUCCIÓN ACCESORIOS,103 c,5,ROTACIÓN DE PERSONAL DE ACCESORIOS,3.7 % ,3 % ,80 % ,4,3,3 %  -  100 %<BR>3.5 %  -  90 %<BR>4 %  -  80 %,85,83.7,98.5 %
2026,19,303,28,JEFATURA DE PRODUCCIÓN ACCESORIOS,102 n,5,"AUDITORIA DE 5'S EN EL ÁREA DE ACCESORIOS",97 % ,100 % ,97 % ,4.8,3,Resultado Logrado,85,83.7,98.5 %
2026,19,303,25,JEFATURA DE PRODUCCIÓN ACCESORIOS,3321,5,REPROCESOS EN PLANTA ( LINEAS DE ACCESORIOS ),1.6 % ,5 % ,100 % ,5,2,5 %  -  100 %<BR>6.5 %  -  80 %<BR>8 %  -  60 %,85,83.7,98.5 %
2026,19,303,16,JEFATURA DE PRODUCCIÓN ACCESORIOS,3313,1.75,PRESUPUESTO DE COSTO DE MANO DE OBRA DIRECTA EN CHAMARRAS,$ 463.48 ,$ 529.21 ,100 % ,1.8,2,,85,83.7,98.5 %
2026,19,303,8,JEFATURA DE PRODUCCIÓN ACCESORIOS,3306,3.75,DÍAS DE WIP BILLETERAS,6.1 dias ,7 dias ,100 % ,3.8,2,7 dias  -  100 %<BR>8 dias  -  80 %<BR>9 dias  -  60 %,85,83.7,98.5 %
2026,19,303,9,JEFATURA DE PRODUCCIÓN ACCESORIOS,3307,1.75,PRODUCTIVIDAD PIEZAS / HOMBRE  ( BILLETERAS ),4.35 pzs/hom ,4.19 pzs/hom ,100 % ,1.8,1,,85,83.7,98.5 %
2026,19,303,6,JEFATURA DE PRODUCCIÓN ACCESORIOS,3305,1.25,EFECTIVIDAD EN ENTREGAS A PT CINTOS ( ANTIGÜEDAD DE LOTES EN WIP ),97.9 % ,100 % ,97.9 % ,1.2,3,Resultado Logrado,85,83.7,98.5 %
2026,19,303,10,JEFATURA DE PRODUCCIÓN ACCESORIOS,3308,1.75,PRESUPUESTO DE COSTO DE MANO DE OBRA DIRECTA EN BILLETERAS,$ 117.78 ,$ 124.01 ,100 % ,1.8,2,,85,83.7,98.5 %
2026,19,303,12,JEFATURA DE PRODUCCIÓN ACCESORIOS,3310,1.25,EFECTIVIDAD EN ENTREGAS A PT BILLETERAS ( ANTIGÜEDAD DE LOTES EN WIP ),93 % ,100 % ,93 % ,1.2,3,Resultado Logrado,85,83.7,98.5 %
2026,19,303,24,JEFATURA DE PRODUCCIÓN ACCESORIOS,3320,1.25,EFECTIVIDAD EN ENTREGAS A PT BOLSAS ( ANTIGÜEDAD DE LOTES EN WIP ),95.2 % ,100 % ,95.2 % ,1.2,3,Resultado Logrado,85,83.7,98.5 %
2026,19,303,11,JEFATURA DE PRODUCCIÓN ACCESORIOS,3309,1.75,CUMPLIMIENTO DEL COSTO PRESUPUESTADO <BR> EN MATERIALES DIRECTOS E INDIRECTOS DE BILLETERAS,100 % ,95 % ,100 % ,1.8,1,95 %  -  100 %<BR>94 %  -  80 %<BR>93 %  -  60 %,85,83.7,98.5 %
2026,19,303,4,JEFATURA DE PRODUCCIÓN ACCESORIOS,3303,1.75,PRESUPUESTO DE COSTO DE MANO DE OBRA DIRECTA EN CINTOS,$ 51.35 ,$ 51.11 ,80 % ,1.4,3,,85,83.7,98.5 %
2026,19,303,1,JEFATURA DE PRODUCCIÓN ACCESORIOS,3002,5.5,PRODUCTIVIDAD DE CINTOS,"94,955 pzs ","98,270 pzs ",96.6 % ,5.3,3,Mayor al 70 %,85,83.7,98.5 %
2026,19,303,7,JEFATURA DE PRODUCCIÓN ACCESORIOS,3003,5.5,PRODUCTIVIDAD DE BILLETERAS,"40,032 pzs ","40,260 pzs ",99.4 % ,5.5,3,Mayor al 70 %,85,83.7,98.5 %
2026,19,303,30,JEFATURA DE PRODUCCIÓN ACCESORIOS,1005,,GPTW,NA , , ,,0,,85,83.7,98.5 %
2026,19,303,13,JEFATURA DE PRODUCCIÓN ACCESORIOS,3004,5.5,PRODUCTIVIDAD DE CHAMARRAS,"16,384 pzs ","16,122 pzs ",101.6 % ,5.5,1,Mayor al 70 %,85,83.7,98.5 %
2026,19,303,3,JEFATURA DE PRODUCCIÓN ACCESORIOS,3302,1.75,PRODUCTIVIDAD PIEZAS / HOMBRE  ( CINTOS ),105 pzs/hom ,92 pzs/hom ,100 % ,1.8,1,,85,83.7,98.5 %
2026,19,303,14,JEFATURA DE PRODUCCIÓN ACCESORIOS,3311,3.75,DÍAS DE WIP CHAMARRAS,6.1 dias ,7 dias ,100 % ,3.8,2,7 dias  -  100 %<BR>8 dias  -  80 %<BR>9 dias  -  60 %,85,83.7,98.5 %
2026,19,303,2,JEFATURA DE PRODUCCIÓN ACCESORIOS,3301,3.75,DÍAS DE WIP CINTOS,5.9 dias ,7 dias ,100 % ,3.8,2,7 dias  -  100 %<BR>8 dias  -  80 %<BR>9 dias  -  60 %,85,83.7,98.5 %
2026,19,303,19,JEFATURA DE PRODUCCIÓN ACCESORIOS,3005,5.5,PRODUCTIVIDAD DE BOLSAS,"22,085 pzs ","22,476 pzs ",98.3 % ,5.4,3,Mayor al 70 %,85,83.7,98.5 %
2026,19,303,5,JEFATURA DE PRODUCCIÓN ACCESORIOS,3304,1.75,CUMPLIMIENTO DEL COSTO PRESUPUESTADO <BR> EN MATERIALES DIRECTOS E INDIRECTOS DE CINTOS,100 % ,95 % ,100 % ,1.8,1,95 %  -  100 %<BR>94 %  -  80 %<BR>93 %  -  60 %,85,83.7,98.5 %
2026,19,303,20,JEFATURA DE PRODUCCIÓN ACCESORIOS,3316,3.75,DÍAS DE WIP BOLSAS,6.3 dias ,7 dias ,100 % ,3.8,2,7 dias  -  100 %<BR>8 dias  -  80 %<BR>9 dias  -  60 %,85,83.7,98.5 %
2026,19,303,15,JEFATURA DE PRODUCCIÓN ACCESORIOS,3312,1.75,PRODUCTIVIDAD PIEZAS / HOMBRE  ( CHAMARRAS ),1.38 pzs/hom ,1.12 pzs/hom ,100 % ,1.8,1,,85,83.7,98.5 %
2026,19,303,18,JEFATURA DE PRODUCCIÓN ACCESORIOS,3315,1.25,EFECTIVIDAD EN ENTREGAS A PT CHAMARRAS ( ANTIGÜEDAD DE LOTES EN WIP ),97.3 % ,100 % ,97.3 % ,1.2,3,Resultado Logrado,85,83.7,98.5 %
2026,19,303,21,JEFATURA DE PRODUCCIÓN ACCESORIOS,3317,1.75,PRODUCTIVIDAD PIEZAS / HOMBRE  ( BOLSAS ),1.68 pzs/hom ,1.60 pzs/hom ,100 % ,1.8,1,,85,83.7,98.5 %
2026,19,303,17,JEFATURA DE PRODUCCIÓN ACCESORIOS,3314,1.75,CUMPLIMIENTO DEL COSTO PRESUPUESTADO <BR> EN MATERIALES DIRECTOS E INDIRECTOS DE CHAMARRAS,100 % ,95 % ,100 % ,1.8,1,95 %  -  100 %<BR>94 %  -  80 %<BR>93 %  -  60 %,85,83.7,98.5 %
2026,19,303,22,JEFATURA DE PRODUCCIÓN ACCESORIOS,3318,1.75,PRESUPUESTO DE COSTO DE MANO DE OBRA DIRECTA EN BOLSAS,$ 328.11 ,$ 338.81 ,100 % ,1.8,2,,85,83.7,98.5 %
2026,19,303,23,JEFATURA DE PRODUCCIÓN ACCESORIOS,3319,1.75,CUMPLIMIENTO DEL COSTO PRESUPUESTADO <BR> EN MATERIALES DIRECTOS E INDIRECTOS DE BOLSAS,100 % ,95 % ,100 % ,1.8,1,95 %  -  100 %<BR>94 %  -  80 %<BR>93 %  -  60 %,85,83.7,98.5 %
2026,19,307,9,JEFATURA DE INGENIERÍA DE COSTOS Y SISTEMA,1005,,GPTW,NA , , ,,0,,85,67.2,79.1 %
2026,19,307,1,JEFATURA DE INGENIERÍA DE COSTOS Y SISTEMA,3701,25,VARIACIÓN ENTRE EL COSTO REAL DE MATERIALES DIRECTOS VS PRESUPUESTADO,"$ 48,032,030 ","$ 58,772,251 ",100 % ,25,2,,85,67.2,79.1 %
2026,19,307,6,JEFATURA DE INGENIERÍA DE COSTOS Y SISTEMA,101 dg,10,AUDITORIAS INTERNAS DE INGENIERÍA DE COSTOS Y SISTEMA,75.7 % ,85 % ,75.7 % ,0,5,Mayor al 85 %,85,67.2,79.1 %
2026,19,307,5,JEFATURA DE INGENIERÍA DE COSTOS Y SISTEMA,3705,,CUMPLIMIENTO DEL CALENDARIO DE <BR> DEPURACIÓN DE CONTANTES Y HERRAMENTALES <BR> ( RESULTADO SEMESTRAL | JUNIO Y DICIEMBRE ),NA , , ,,0,,85,67.2,79.1 %
2026,19,307,7,JEFATURA DE INGENIERÍA DE COSTOS Y SISTEMA,102 r,5,"AUDITORIA DE 5'S EN EL ÁREA DE INGENIERÍA DE COSTOS Y SISTEMAS",83.7 % ,100 % ,83.7 % ,4.2,3,Resultado Logrado,85,67.2,79.1 %
2026,19,307,4,JEFATURA DE INGENIERÍA DE COSTOS Y SISTEMA,3704,10,ENTREGA DE COSTEOS DE PRODUCTOS CUADRA,96.7 % ,100 % ,90 % ,9,3,100 %  -  100 %<BR>90 %  -  90 %<BR>80 %  -  80 %,85,67.2,79.1 %
2026,19,307,2,JEFATURA DE INGENIERÍA DE COSTOS Y SISTEMA,3702,20,VARIACIÓN ENTRE EL COSTO REAL DE MATERIALES INDIRECTOS VS PRESUPUESTADO,"$ 1,972,028 ","$ 2,403,075 ",100 % ,20,2,,85,67.2,79.1 %
2026,19,307,8,JEFATURA DE INGENIERÍA DE COSTOS Y SISTEMA,103 d,5,ROTACIÓN DE PERSONAL DE ÁREAS OPERATIVAS,3.8 % ,3 % ,80 % ,4,3,3 %  -  100 %<BR>3.5 %  -  90 %<BR>4 %  -  80 %,85,67.2,79.1 %
2026,19,307,3,JEFATURA DE INGENIERÍA DE COSTOS Y SISTEMA,3703,10,AFECTACIÓN DE EXISTENCIAS EN MATERIALES POR MODIFICACIÓN EN CONSTANTES <BR> ( INVENTARIOS SOBRANTES DERIVADOS DE LOS CAMBIOS ),"$ 122,831 ",$ 0.01 ,50 % ,5,3,,85,67.2,79.1 %
2026,19,305,7,JEFATURA DE DESARROLLO ACCESORIOS,3507,4,EFECTIVIDAD EN EL PAQUETE TÉCNICO Y ENTREGABLES <BR> EN LA LIBERACIÓN DEL MODELO A PRODUCCIÓN,95.2 % ,100 % ,95.2 % ,3.8,3,Resultado Logrado,58,50.6,87.2 %
2026,19,305,4,JEFATURA DE DESARROLLO ACCESORIOS,3504,9,CUMPLIMIENTO DE ANÁLISIS DE  VIABILIDAD Y FACTIBILIDAD,100 % ,100 % ,100 % ,9,1,Resultado Logrado,58,50.6,87.2 %
2026,19,305,5,JEFATURA DE DESARROLLO ACCESORIOS,3505,,CUMPLIMIENTO DE ENTREGABLES EN LA ETAPA DE <BR> MUESTRAS A INGENIERÍA DE COSTOS Y CONSUMOS ( SEMESTRAL ),NA , , ,,0,,58,50.6,87.2 %
2026,19,305,3,JEFATURA DE DESARROLLO ACCESORIOS,3503,,CUMPLIMIENTO EN EL CALENDARIO DE LIBERACIONES <BR> VS. CALENDARIO ESTABLECIDO ACCESORIOS ( SEMESTRAL ),NA , , ,,0,,58,50.6,87.2 %
2026,19,305,2,JEFATURA DE DESARROLLO ACCESORIOS,3502,9,CUMPLIMIENTO EN LA PRESENTACIÓN DE LOS AMEF VS CALENDARIO ESTABLECIDO,90.4 % ,100 % ,90.4 % ,8.1,3,Resultado Logrado,58,50.6,87.2 %
2026,19,305,6,JEFATURA DE DESARROLLO ACCESORIOS,3506,,ENTREGA DE MUESTRAS VS CALENDARIO ESTABLECIDO ACCESORIOS,NA , , ,,0,,58,50.6,87.2 %
2026,19,305,10,JEFATURA DE DESARROLLO ACCESORIOS,3510,8,PORCENTAJE DE REPROCESOS EN MUESTRAS Y LOTES PILOTO DE ACCESORIOS,79.3 % ,100 % ,79.3 % ,6.3,3,Resultado Logrado,58,50.6,87.2 %
2026,19,305,11,JEFATURA DE DESARROLLO ACCESORIOS,101 de,10,AUDITORIAS INTERNAS DE DESARROLLO ACCESORIOS,90.1 % ,85 % ,90.1 % ,9,3,Mayor al 85 %,58,50.6,87.2 %
2026,19,305,1,JEFATURA DE DESARROLLO ACCESORIOS,3501,,ENTREGA DE PROTOTIPOS VS CALENDARIO ESTABLECIDO ACCESORIOS,NA , , ,,0,,58,50.6,87.2 %
2026,19,305,9,JEFATURA DE DESARROLLO ACCESORIOS,3509,4,CUMPLIMIENTO DE ENTREGA DE PRECOSTEO ACCESORIOS,89.2 % ,100 % ,89.2 % ,3.6,3,Resultado Logrado,58,50.6,87.2 %
2026,19,305,8,JEFATURA DE DESARROLLO ACCESORIOS,3508,4,"CUMPLIMIENTO DE LOS AVANCES PARA CUMPLIR CON LOS DÍAS DE WIP <BR> 7 DÍAS EN PROTOTIPOS, MUESTRAS, LOTES PILOTO DE ACCESORIOS",50.9 % ,100 % ,50.9 % ,2,3,Resultado Logrado,58,50.6,87.2 %
2026,19,305,12,JEFATURA DE DESARROLLO ACCESORIOS,102 n,5,"AUDITORIA DE 5'S EN EL ÁREA DE ACCESORIOS",97 % ,100 % ,97 % ,4.8,3,Resultado Logrado,58,50.6,87.2 %
2026,19,305,14,JEFATURA DE DESARROLLO ACCESORIOS,1005,,GPTW,NA , , ,,0,,58,50.6,87.2 %
2026,19,305,13,JEFATURA DE DESARROLLO ACCESORIOS,103 d,5,ROTACIÓN DE PERSONAL DE ÁREAS OPERATIVAS,3.8 % ,3 % ,80 % ,4,3,3 %  -  100 %<BR>3.5 %  -  90 %<BR>4 %  -  80 %,58,50.6,87.2 %
2026,19,401,3,JEFATURA DE CAPITAL HUMANO,4103,15,CUMPLIMIENTO DE NORMATIVA LEGAL EN SEGURIDAD E HIGIENE,83.7 % ,80 % ,83.7 % ,12.5,3,Mayor al 80 %,95,78.1,82.2 %
2026,19,401,4,JEFATURA DE CAPITAL HUMANO,4104,10,AUDITORIAS DE 5´S EJECUTADAS VS PROGRAMADAS,89.4 % ,95 % ,60 % ,6,3,95 %  -  100 %<BR>90 %  -  80 %<BR>85 %  -  60 %,95,78.1,82.2 %
2026,19,401,6,JEFATURA DE CAPITAL HUMANO,102 u,5,"AUDITORIA DE 5'S EN EL ÁREA DE CAPITAL HUMANO",92 % ,100 % ,92 % ,4.6,3,Resultado Logrado,95,78.1,82.2 %
2026,19,401,7,JEFATURA DE CAPITAL HUMANO,103 f,5,ROTACIÓN DE PERSONAL ADMINISTRATIVO,2.3 % ,3 % ,100 % ,5,2,3 %  -  100 %<BR>3.5 %  -  90 %<BR>4 %  -  80 %,95,78.1,82.2 %
2026,19,401,2,JEFATURA DE CAPITAL HUMANO,4102,20,TOTAL DE CAPACITACIONES REALIZADAS VS CAPACITACIONES PLANEADAS,100 % ,90 % ,100 % ,20,1,Mayor al 90 %,95,78.1,82.2 %
2026,19,401,8,JEFATURA DE CAPITAL HUMANO,1005,,GPTW,NA , , ,,0,,95,78.1,82.2 %
2026,19,401,1,JEFATURA DE CAPITAL HUMANO,4101,30,CUMPLIMIENTO DEL TIEMPO DE CONTRATACIÓN (= 15 DÍAS HÁBILES),13.3 días hab. ,15 días hab. ,100 % ,30,2,,95,78.1,82.2 %
2026,19,401,5,JEFATURA DE CAPITAL HUMANO,101 ea,10,AUDITORIAS INTERNAS DE CAPITAL HUMANO,39.5 % ,85 % ,39.5 % ,0,5,Mayor al 85 %,95,78.1,82.2 %
2026,19,402,6,JEFATURA DE GESTION DE CALIDAD,1005,,GPTW,NA , , ,,0,,75,70.1,93.5 %
2026,19,402,3,JEFATURA DE GESTION DE CALIDAD,101 eb,,AUDITORIAS INTERNAS DE SISTEMAS DE GESTIÓN,NA , , ,,0,,75,70.1,93.5 %
2026,19,402,4,JEFATURA DE GESTION DE CALIDAD,102 v,5,"AUDITORIA DE 5'S EN EL ÁREA DE GESTION DE CALIDAD",96 % ,100 % ,96 % ,4.8,3,Resultado Logrado,75,70.1,93.5 %
2026,19,402,5,JEFATURA DE GESTION DE CALIDAD,103 f,5,ROTACIÓN DE PERSONAL ADMINISTRATIVO,2.3 % ,3 % ,100 % ,5,2,3 %  -  100 %<BR>3.5 %  -  90 %<BR>4 %  -  80 %,75,70.1,93.5 %
2026,19,402,2,JEFATURA DE GESTION DE CALIDAD,4202,25,INDICE DE PROCESOS DOCUMENTADOS VS PROCESOS PLANEADOS,93.2 % ,85 % ,93.2 % ,23.3,3,Mayor al 85 %,75,70.1,93.5 %
2026,19,402,1,JEFATURA DE GESTION DE CALIDAD,4201,40,CUMPLIMIENTO DE AUDITORIAS INTERNAS,92.5 % ,85 % ,92.5 % ,37,3,Mayor al 85 %,75,70.1,93.5 %
2026,19,306,12,JEFATURA DE INGENIERÍA DE PROCESOS,101 df,10,AUDITORIAS INTERNAS DE INGENIERÍA DE PROCESOS,37.5 % ,85 % ,37.5 % ,0,5,Mayor al 85 %,85,68.6,80.7 %
2026,19,306,5,JEFATURA DE INGENIERÍA DE PROCESOS,3313,10,PRESUPUESTO DE COSTO DE MANO DE OBRA DIRECTA EN CHAMARRAS,$ 463.48 ,$ 529.21 ,100 % ,10,2,,85,68.6,80.7 %
2026,19,306,10,JEFATURA DE INGENIERÍA DE PROCESOS,3312,5,PRODUCTIVIDAD PIEZAS / HOMBRE  ( CHAMARRAS ),1.38 pzs/hom ,1.12 pzs/hom ,100 % ,5,1,,85,68.6,80.7 %
2026,19,306,11,JEFATURA DE INGENIERÍA DE PROCESOS,3317,5,PRODUCTIVIDAD PIEZAS / HOMBRE  ( BOLSAS ),1.68 pzs/hom ,1.60 pzs/hom ,100 % ,5,1,,85,68.6,80.7 %
2026,19,306,1,JEFATURA DE INGENIERÍA DE PROCESOS,3601,,CUMPLIMIENTO DEL PROGRAMA DE <BR> PROYECTOS DE MEJORA CONTINUA ( RESULTADO TRIMESTRAL ),NA , , ,,0,,85,68.6,80.7 %
2026,19,306,4,JEFATURA DE INGENIERÍA DE PROCESOS,3308,5,PRESUPUESTO DE COSTO DE MANO DE OBRA DIRECTA EN BILLETERAS,$ 117.78 ,$ 124.01 ,100 % ,5,2,,85,68.6,80.7 %
2026,19,306,6,JEFATURA DE INGENIERÍA DE PROCESOS,3318,10,PRESUPUESTO DE COSTO DE MANO DE OBRA DIRECTA EN BOLSAS,$ 328.11 ,$ 338.81 ,100 % ,10,2,,85,68.6,80.7 %
2026,19,306,3,JEFATURA DE INGENIERÍA DE PROCESOS,3303,5,PRESUPUESTO DE COSTO DE MANO DE OBRA DIRECTA EN CINTOS,$ 51.35 ,$ 51.11 ,80 % ,4,3,,85,68.6,80.7 %
2026,19,306,14,JEFATURA DE INGENIERÍA DE PROCESOS,103 d,5,ROTACIÓN DE PERSONAL DE ÁREAS OPERATIVAS,3.8 % ,3 % ,80 % ,4,3,3 %  -  100 %<BR>3.5 %  -  90 %<BR>4 %  -  80 %,85,68.6,80.7 %
2026,19,306,15,JEFATURA DE INGENIERÍA DE PROCESOS,1005,,GPTW,NA , , ,,0,,85,68.6,80.7 %
2026,19,306,7,JEFATURA DE INGENIERÍA DE PROCESOS,3101,5,PRODUCTIVIDAD PARES / HOMBRE ( BOTAS ),3.59 prs/hom ,3.50 prs/hom ,100 % ,5,1,,85,68.6,80.7 %
2026,19,306,8,JEFATURA DE INGENIERÍA DE PROCESOS,3302,5,PRODUCTIVIDAD PIEZAS / HOMBRE  ( CINTOS ),105 pzs/hom ,92 pzs/hom ,100 % ,5,1,,85,68.6,80.7 %
2026,19,306,13,JEFATURA DE INGENIERÍA DE PROCESOS,102 q,5,"AUDITORIA DE 5'S EN EL ÁREA DE INGENIERÍA DE PROCESOS",92 % ,100 % ,92 % ,4.6,3,Resultado Logrado,85,68.6,80.7 %
2026,19,306,2,JEFATURA DE INGENIERÍA DE PROCESOS,3102,10,PRESUPUESTO DE COSTO DE MANO DE OBRA DIRECTA DE BOTAS,$ 250.69 ,$ 239.01 ,60 % ,6,3,,85,68.6,80.7 %
2026,19,306,9,JEFATURA DE INGENIERÍA DE PROCESOS,3307,5,PRODUCTIVIDAD PIEZAS / HOMBRE  ( BILLETERAS ),4.35 pzs/hom ,4.19 pzs/hom ,100 % ,5,1,,85,68.6,80.7 %
2026,19,103,7,JEFATURA DE PPCP,1307,10,CUMPLIMIENTO DEL PRESUPUESTO EN AVÍOS <BR> ( MATERIALES GESTIONADOS POR PPCP ),"$ 1,687,874 ","$ 2,424,438 ",69.6 % ,10,2,Menor al 110 %,95,67.9,71.5 %
2026,19,103,8,JEFATURA DE PPCP,102 h,5,"AUDITORIA DE 5'S EN EL ÁREA DE PPCP",94.2 % ,100 % ,94.2 % ,4.7,3,Resultado Logrado,95,67.9,71.5 %
2026,19,103,3,JEFATURA DE PPCP,1303,10,ADMINISTRACIÓN DE LA DEMANDA DE BILLETERAS,17 semanas ,24 semanas ,70.8 % ,7.1,3,Resultado Logrado,95,67.9,71.5 %
2026,19,103,6,JEFATURA DE PPCP,1306,10,EFECTIVIDAD DE ÍTEMS NEGROS / AMARILLOS VS NECESIDAD EN PREMONTADO <BR> ( ÍTEMS SIN EXISTENCIA O PARCIALIDADES DE AVÍO QUE CONTROLA PPCP ),1.2 items ,1 item ,80 % ,8,3,,95,67.9,71.5 %
2026,19,103,4,JEFATURA DE PPCP,1304,10,ADMINISTRACIÓN DE LA DEMANDA DE CHAMARRAS,14 semanas ,24 semanas ,58.3 % ,5.8,3,Resultado Logrado,95,67.9,71.5 %
2026,19,103,5,JEFATURA DE PPCP,1305,10,ADMINISTRACIÓN DE LA DEMANDA DE BOLSAS,17 semanas ,24 semanas ,70.8 % ,7.1,3,Resultado Logrado,95,67.9,71.5 %
2026,19,103,1,JEFATURA DE PPCP,1301,25,ADMINISTRACIÓN DE LA DEMANDA DE BOTAS,13 semanas ,24 semanas ,54.2 % ,13.5,3,Resultado Logrado,95,67.9,71.5 %
2026,19,103,9,JEFATURA DE PPCP,103 f,5,ROTACIÓN DE PERSONAL ADMINISTRATIVO,2.3 % ,3 % ,100 % ,5,2,3 %  -  100 %<BR>3.5 %  -  90 %<BR>4 %  -  80 %,95,67.9,71.5 %
2026,19,103,2,JEFATURA DE PPCP,1302,10,ADMINISTRACIÓN DE LA DEMANDA DE CINTOS,16 semanas ,24 semanas ,66.7 % ,6.7,3,Resultado Logrado,95,67.9,71.5 %
2026,19,103,10,JEFATURA DE PPCP,1005,,GPTW,NA , , ,,0,,95,67.9,71.5 %
2026,19,309,10,JEFATURA DE MAQUILAS,1005,,GPTW,NA , , ,,0,,95,68.7,72.3 %
2026,19,309,6,JEFATURA DE MAQUILAS,3906,5,EFICIENCIA EN LA ACTUALIZACIÓN DE COSTOS PARA MAQUILAS <BR> ( LOS COSTOS EN SISTEMA Y LOS DOCUMENTOS DE LA CARPETA DE ANEXOS  DEBEN<BR> SER ACTUALIZADOS EN MÁXIMO EN UNA SEMANA HÁBIL SIGUIENTE A SU RECEPCIÓN ),100 % ,100 % ,100 % ,5,1,,95,68.7,72.3 %
2026,19,309,8,JEFATURA DE MAQUILAS,102 t,5,"AUDITORIA DE 5'S EN EL ÁREA DE MAQUILAS",93.4 % ,100 % ,93.4 % ,4.7,3,Resultado Logrado,95,68.7,72.3 %
2026,19,309,7,JEFATURA DE MAQUILAS,101 di,10,AUDITORIAS INTERNAS DE MAQUILAS,76.8 % ,85 % ,76.8 % ,0,5,Mayor al 85 %,95,68.7,72.3 %
2026,19,309,4,JEFATURA DE MAQUILAS,3904,10,CUMPLIMIENTO EN EL REGRESOS DE MATERIALES SOBRANTES  AL ALMACÉN DE PIELES  <BR>  PARA PROGRAMAS DE BETA 7 <BR> ( REGRESOS EN UN MÁXIMO DE 28 DÍAS NATURALES DESPUÉS DE SU PROGRAMACIÓN ),100 % ,100 % ,100 % ,10,1,,95,68.7,72.3 %
2026,19,309,9,JEFATURA DE MAQUILAS,103 d,5,ROTACIÓN DE PERSONAL DE ÁREAS OPERATIVAS,3.8 % ,3 % ,80 % ,4,3,3 %  -  100 %<BR>3.5 %  -  90 %<BR>4 %  -  80 %,95,68.7,72.3 %
2026,19,309,5,JEFATURA DE MAQUILAS,3905,10,CUMPLIMIENTO EN EL REGRESOS DE MATERIALES  SOBRANTES AL ALMACÉN DE PIELES <BR> PARA PROGRAMAS DE MAQUILA EXTERNA DE CINTOS  <BR> ( REGRESOS EN UN MÁXIMO DE 21 DÍAS NATURALES DESPUÉS DE SU PROGRAMACIÓN ),77.8 % ,100 % ,0 % ,0,5,,95,68.7,72.3 %
2026,19,309,3,JEFATURA DE MAQUILAS,3903,15,EFICIENCIA EN TIEMPO DE ENTREGA DE LOS PROVEEDORES DE AVÍOS <BR> ( CFI MÁXIMO 7 DÍAS HÁBILES Y MORAN MÁXIMO 8 DÍAS HÁBILES ),93.2 % ,95 % ,90 % ,13.5,3,95 %  -  100 %<BR>90 %  -  90 %<BR>85 %  -  80 %,95,68.7,72.3 %
2026,19,309,1,JEFATURA DE MAQUILAS,3901,20,CUMPLIMIENTO DE FECHAS DE ENTREGA DE BETA 7 <BR> VS FECHAS ESTABLECIDAS DE ENTREGA <BR> ( MÁXIMO 17 DÍAS HÁBILES A PARTIR DE LA FECHA DE PROGRAMACIÓN ),93.1 % ,95 % ,90 % ,18,3,95 %  -  100 %<BR>90 %  -  90 %<BR>85 %  -  80 %,95,68.7,72.3 %
2026,19,309,2,JEFATURA DE MAQUILAS,3902,15,CUMPLIMIENTO DE FECHAS DE ENTREGA DE MAQUILA EXTERNA DE CINTOS <BR> VS FECHAS ESTABLECIDAS DE ENTREGA <BR> ( MÁXIMO 13 DÍAS HÁBILES A PARTIR DE LA FECHA DE PROGRAMACIÓN ),91.2 % ,95 % ,90 % ,13.5,3,95 %  -  100 %<BR>90 %  -  90 %<BR>85 %  -  80 %,95,68.7,72.3 %
2026,19,301,4,JEFATURA DE PRODUCCIÓN BOTAS I,3102,7,PRESUPUESTO DE COSTO DE MANO DE OBRA DIRECTA DE BOTAS,$ 250.69 ,$ 239.01 ,60 % ,4.2,3,,80,59.8,74.8 %
2026,19,301,3,JEFATURA DE PRODUCCIÓN BOTAS I,3101,7,PRODUCTIVIDAD PARES / HOMBRE ( BOTAS ),3.59 prs/hom ,3.50 prs/hom ,100 % ,7,1,,80,59.8,74.8 %
2026,19,301,1,JEFATURA DE PRODUCCIÓN BOTAS I,3001,22,PRODUCTIVIDAD DE BOTAS,"136,114 prs ","139,680 prs ",97.4 % ,21.4,3,Mayor al 70 %,80,59.8,74.8 %
2026,19,301,12,JEFATURA DE PRODUCCIÓN BOTAS I,1005,,GPTW,NA , , ,,0,,80,59.8,74.8 %
2026,19,301,5,JEFATURA DE PRODUCCIÓN BOTAS I,3103,7,CUMPLIMIENTO DEL COSTO PRESUPUESTADO <BR> DE MATERIALES DIRECTOS E INDIRECTOS,100 % ,95 % ,100 % ,7,1,95 %  -  100 %<BR>94 %  -  80 %<BR>93 %  -  60 %,80,59.8,74.8 %
2026,19,301,9,JEFATURA DE PRODUCCIÓN BOTAS I,101 da,10,AUDITORIAS INTERNAS DE PRODUCCIÓN BOTAS I,76.9 % ,85 % ,76.9 % ,0,5,Mayor al 85 %,80,59.8,74.8 %
2026,19,301,10,JEFATURA DE PRODUCCIÓN BOTAS I,102 l,5,"AUDITORIA DE 5'S EN EL ÁREA DE BOTAS I",81.8 % ,100 % ,81.8 % ,4.1,3,Resultado Logrado,80,59.8,74.8 %
2026,19,301,11,JEFATURA DE PRODUCCIÓN BOTAS I,103 b,5,ROTACIÓN DE PERSONAL DE BOTAS,5.4 % ,3 % ,0 % ,0,4,3 %  -  100 %<BR>3.5 %  -  90 %<BR>4 %  -  80 %,80,59.8,74.8 %
2026,19,301,6,JEFATURA DE PRODUCCIÓN BOTAS I,3104,5,EFECTIVIDAD EN ENTREGAS A PT ( ANTIGÜEDAD DE LOTES EN WIP ),82 % ,100 % ,82 % ,4.1,3,Resultado Logrado,80,59.8,74.8 %
2026,19,301,8,JEFATURA DE PRODUCCIÓN BOTAS I,3106,7,BAJAS DE CALIDAD EN PRODUCCIÓN ( LINEA DE BOTAS ),0 % ,0.5 % ,100 % ,7,2,0.5 %  -  100 %<BR>1 %  -  80 %<BR>1.5 %  -  60 %,80,59.8,74.8 %
2026,19,301,7,JEFATURA DE PRODUCCIÓN BOTAS I,3105,5,REPROCESOS EN PLANTA ( LINEA DE BOTAS ),4.7 % ,5 % ,100 % ,5,2,5 %  -  100 %<BR>6.5 %  -  80 %<BR>8 %  -  60 %,80,59.8,74.8 %
2026,19,302,9,JEFATURA DE PRODUCCIÓN BOTAS II,101 db,10,AUDITORIAS INTERNAS DE PRODUCCIÓN BOTAS II,12.3 % ,85 % ,12.3 % ,0,5,Mayor al 85 %,80,60.3,75.4 %
2026,19,302,3,JEFATURA DE PRODUCCIÓN BOTAS II,3101,7,PRODUCTIVIDAD PARES / HOMBRE ( BOTAS ),3.59 prs/hom ,3.50 prs/hom ,100 % ,7,1,,80,60.3,75.4 %
2026,19,302,4,JEFATURA DE PRODUCCIÓN BOTAS II,3102,7,PRESUPUESTO DE COSTO DE MANO DE OBRA DIRECTA DE BOTAS,$ 250.69 ,$ 239.01 ,60 % ,4.2,3,,80,60.3,75.4 %
2026,19,302,1,JEFATURA DE PRODUCCIÓN BOTAS II,3001,22,PRODUCTIVIDAD DE BOTAS,"136,114 prs ","139,680 prs ",97.4 % ,21.4,3,Mayor al 70 %,80,60.3,75.4 %
2026,19,302,12,JEFATURA DE PRODUCCIÓN BOTAS II,1005,,GPTW,NA , , ,,0,,80,60.3,75.4 %
2026,19,302,5,JEFATURA DE PRODUCCIÓN BOTAS II,3103,7,CUMPLIMIENTO DEL COSTO PRESUPUESTADO <BR> DE MATERIALES DIRECTOS E INDIRECTOS,100 % ,95 % ,100 % ,7,1,95 %  -  100 %<BR>94 %  -  80 %<BR>93 %  -  60 %,80,60.3,75.4 %
2026,19,302,10,JEFATURA DE PRODUCCIÓN BOTAS II,102 m,5,"AUDITORIA DE 5'S EN EL ÁREA DE BOTAS II",91.8 % ,100 % ,91.8 % ,4.6,3,Resultado Logrado,80,60.3,75.4 %
2026,19,302,11,JEFATURA DE PRODUCCIÓN BOTAS II,103 b,5,ROTACIÓN DE PERSONAL DE BOTAS,5.4 % ,3 % ,0 % ,0,4,3 %  -  100 %<BR>3.5 %  -  90 %<BR>4 %  -  80 %,80,60.3,75.4 %
2026,19,302,8,JEFATURA DE PRODUCCIÓN BOTAS II,3106,7,BAJAS DE CALIDAD EN PRODUCCIÓN ( LINEA DE BOTAS ),0 % ,0.5 % ,100 % ,7,2,0.5 %  -  100 %<BR>1 %  -  80 %<BR>1.5 %  -  60 %,80,60.3,75.4 %
2026,19,302,7,JEFATURA DE PRODUCCIÓN BOTAS II,3105,5,REPROCESOS EN PLANTA ( LINEA DE BOTAS ),4.7 % ,5 % ,100 % ,5,2,5 %  -  100 %<BR>6.5 %  -  80 %<BR>8 %  -  60 %,80,60.3,75.4 %
2026,19,302,6,JEFATURA DE PRODUCCIÓN BOTAS II,3104,5,EFECTIVIDAD EN ENTREGAS A PT ( ANTIGÜEDAD DE LOTES EN WIP ),82 % ,100 % ,82 % ,4.1,3,Resultado Logrado,80,60.3,75.4 %
